# Blender 4.4.0
# www.blender.org
mtllib temp.mtl
o geometry_0
v -0.130252 -0.103068 -0.857227
v -0.142362 -0.071205 -0.859735
v -0.089419 -0.095151 -0.860045
v -0.068838 -0.075414 -0.862236
v -0.081099 -0.107991 -0.856239
v 0.050201 -0.103970 -0.857125
v 0.045598 -0.055779 -0.860393
v 0.090999 -0.096041 -0.858995
v -0.023804 -0.066670 -0.859681
v -0.052582 -0.038692 -0.861938
v -0.068829 -0.140482 -0.855156
v 0.017164 -0.030803 -0.860032
v -0.100996 -0.006879 -0.854103
v 0.001230 0.014462 -0.852863
v -0.024069 -0.148745 -0.849574
v 0.000796 -0.124531 -0.856970
v 0.016911 -0.168660 -0.846910
v 0.013547 -0.115744 -0.855455
v 0.016508 -0.145050 -0.852285
v 0.078905 -0.136899 -0.853776
v 0.033808 -0.112022 -0.858978
v 0.119916 -0.119927 -0.852710
v -0.232481 -0.103519 -0.841012
v 0.100381 -0.079207 -0.852591
v 0.115931 -0.079011 -0.856187
v 0.140321 -0.055240 -0.855659
v 0.149108 -0.099187 -0.850696
v 0.070399 -0.063595 -0.855671
v 0.116589 -0.043086 -0.852775
v 0.050585 -0.042448 -0.854844
v -0.166680 -0.047632 -0.853580
v 0.033222 -0.030970 -0.855281
v -0.044057 0.022521 -0.854924
v -0.032240 -0.169155 -0.849426
v -0.085077 -0.157396 -0.850742
v -0.056579 -0.169045 -0.845801
v 0.046323 -0.152479 -0.850407
v 0.054324 -0.185018 -0.835809
v -0.113664 -0.164856 -0.846776
v 0.042030 -0.176917 -0.845014
v 0.099288 -0.156363 -0.848724
v 0.103457 -0.132409 -0.849614
v 0.030116 -0.144389 -0.848581
v 0.124574 -0.095791 -0.850277
v 0.136542 -0.103703 -0.848189
v 0.111246 -0.092067 -0.852442
v 0.161255 -0.059983 -0.854294
v 0.164715 -0.111303 -0.847592
v 0.172962 -0.059643 -0.850310
v 0.144524 -0.042463 -0.851717
v -0.219972 -0.067839 -0.846001
v 0.156591 -0.039301 -0.850917
v 0.103522 -0.018384 -0.853544
v 0.032564 0.043700 -0.843757
v 0.038104 0.018817 -0.853461
v -0.059041 0.024535 -0.847850
v -0.007304 0.043146 -0.848418
v 0.078620 -0.180930 -0.843689
v -0.076942 -0.173181 -0.849423
v 0.030637 -0.173063 -0.841756
v -0.195603 -0.128050 -0.840525
v 0.157585 -0.115604 -0.844632
v 0.194178 -0.107559 -0.844218
v 0.189594 -0.071455 -0.850655
v 0.198072 -0.079364 -0.846640
v 0.226561 -0.075823 -0.845325
v 0.223326 -0.060099 -0.842786
v 0.135265 -0.017898 -0.840426
v -0.021708 0.065403 -0.832112
v -0.007180 0.054633 -0.845235
v -0.109127 -0.189832 -0.842397
v 0.068000 -0.185504 -0.841232
v 0.094504 -0.172499 -0.840563
v 0.193693 -0.172980 -0.826068
v 0.193741 -0.127750 -0.837629
v 0.226115 -0.107382 -0.840110
v -0.036070 -0.201761 -0.837190
v 0.066717 -0.235549 -0.821556
v 0.037397 -0.218021 -0.825517
v 0.022238 -0.198012 -0.834404
v -0.007494 -0.197605 -0.834484
v 0.115952 -0.164430 -0.842799
v 0.144476 -0.177128 -0.836756
v 0.122633 -0.197461 -0.833708
v 0.230342 -0.149296 -0.827560
v -0.232474 -0.119616 -0.837267
v 0.210057 -0.123001 -0.838608
v 0.233836 -0.079566 -0.841637
v 0.239400 -0.127402 -0.831397
v 0.243096 -0.107513 -0.837471
v 0.267104 -0.084414 -0.833249
v -0.252651 -0.059751 -0.827591
v 0.263039 -0.061200 -0.827488
v 0.089691 0.011793 -0.833183
v -0.075165 0.022265 -0.836839
v -0.060531 -0.242413 -0.826068
v -0.007274 -0.221950 -0.826229
v 0.100397 -0.197532 -0.829374
v 0.026448 -0.210398 -0.834411
v 0.109377 -0.202296 -0.833296
v 0.239051 -0.140113 -0.824569
v -0.306077 -0.123936 -0.815086
v -0.273872 -0.076490 -0.830824
v 0.274950 -0.068637 -0.826573
v -0.219563 -0.038954 -0.816285
v -0.149467 -0.014162 -0.828681
v 0.019703 0.060181 -0.828941
v -0.014696 0.071214 -0.828404
v -0.007566 0.071480 -0.828575
v -0.100754 -0.258408 -0.818176
v -0.121244 -0.218008 -0.831510
v -0.085274 -0.247051 -0.821517
v 0.014225 -0.214770 -0.826639
v 0.110993 -0.219329 -0.826816
v -0.236507 -0.139648 -0.828136
v 0.275832 -0.140282 -0.818529
v 0.089633 0.013152 -0.817804
v -0.108945 -0.262918 -0.810135
v -0.212022 -0.255028 -0.802631
v -0.313992 -0.084291 -0.816548
v -0.053995 0.040920 -0.821295
v 0.013661 -0.238591 -0.817571
v 0.030044 -0.243094 -0.823068
v -0.023777 -0.248049 -0.815132
v -0.121980 -0.271727 -0.806652
v 0.082386 -0.240014 -0.817948
v 0.131690 -0.201035 -0.824178
v 0.173639 -0.201521 -0.819615
v 0.206561 -0.222526 -0.807595
v -0.277355 -0.169100 -0.808140
v 0.259266 -0.148908 -0.817971
v 0.288602 -0.107793 -0.823666
v -0.351590 -0.085269 -0.798493
v 0.141217 -0.013103 -0.814059
v -0.120690 -0.000601 -0.814674
v 0.003769 0.070012 -0.806255
v -0.014667 0.074093 -0.813418
v 0.066573 -0.263159 -0.814286
v 0.070400 -0.243920 -0.822616
v 0.078970 -0.258554 -0.817924
v 0.107639 -0.248140 -0.816195
v 0.026670 -0.251161 -0.815958
v 0.119817 -0.234947 -0.812817
v 0.132025 -0.238679 -0.811302
v -0.306268 -0.147736 -0.806255
v 0.325367 -0.092579 -0.809860
v 0.329085 -0.062606 -0.779711
v -0.084906 -0.278991 -0.809149
v -0.065011 -0.312410 -0.795441
v -0.035459 -0.260693 -0.817276
v 0.017005 -0.259939 -0.817140
v 0.050481 -0.279367 -0.804786
v -0.051864 -0.263572 -0.814232
v 0.058583 -0.271568 -0.814124
v -0.248537 -0.218183 -0.805314
v 0.239260 -0.185193 -0.814152
v 0.275746 -0.184845 -0.807334
v 0.283527 -0.161978 -0.811850
v 0.283657 -0.157695 -0.810655
v -0.053407 0.040962 -0.806459
v -0.021865 0.071030 -0.806140
v 0.071055 -0.283787 -0.807591
v -0.063799 -0.288000 -0.802806
v -0.053018 -0.361962 -0.769184
v 0.085761 -0.275768 -0.803605
v -0.093331 -0.283780 -0.804803
v 0.194369 -0.242794 -0.803506
v 0.234516 -0.217943 -0.805019
v 0.316537 -0.144064 -0.803494
v 0.328990 -0.100340 -0.811301
v 0.365517 -0.084727 -0.793953
v -0.058422 0.033289 -0.803708
v 0.078349 -0.284462 -0.807610
v 0.111636 -0.267027 -0.801802
v 0.152964 -0.267023 -0.803967
v 0.148451 -0.247947 -0.803393
v 0.169302 -0.255498 -0.798776
v 0.206603 -0.238862 -0.806921
v 0.217427 -0.237770 -0.805360
v 0.246860 -0.234327 -0.796290
v -0.334708 -0.164555 -0.786612
v 0.328930 -0.123987 -0.807278
v -0.416567 -0.099900 -0.767422
v 0.345191 -0.100107 -0.802929
v -0.378536 -0.078547 -0.774593
v -0.215834 -0.036449 -0.802102
v -0.191665 -0.032802 -0.798195
v -0.121302 -0.007800 -0.805588
v -0.129858 -0.288106 -0.801034
v -0.077388 -0.304526 -0.800190
v 0.095746 -0.288918 -0.795390
v 0.136176 -0.273455 -0.797841
v -0.195739 -0.283569 -0.792213
v 0.164003 -0.264966 -0.802066
v 0.210280 -0.259099 -0.794727
v -0.240751 -0.242684 -0.798649
v 0.275529 -0.201488 -0.796004
v 0.345548 -0.161166 -0.785440
v -0.391990 -0.140191 -0.772021
v -0.253141 -0.047260 -0.793395
v 0.169321 -0.027916 -0.803928
v 0.222516 -0.038639 -0.802216
v 0.106838 -0.003084 -0.806214
v -0.007632 0.071986 -0.802739
v -0.088520 -0.320595 -0.788308
v 0.067248 -0.299853 -0.794370
v 0.062174 -0.316840 -0.790614
v -0.154693 -0.296134 -0.795657
v 0.107646 -0.296664 -0.799396
v 0.198321 -0.275550 -0.785469
v 0.217868 -0.250977 -0.793567
v 0.259017 -0.226318 -0.797381
v 0.320805 -0.196843 -0.787595
v 0.353536 -0.115775 -0.799683
v 0.373945 -0.078023 -0.784807
v -0.085085 -0.349445 -0.775807
v -0.121917 -0.299808 -0.793467
v 0.071602 -0.312432 -0.788147
v 0.095838 -0.300776 -0.796398
v 0.176105 -0.312822 -0.772836
v 0.156905 -0.283131 -0.789653
v -0.215844 -0.282821 -0.785151
v 0.211341 -0.276216 -0.789413
v -0.256948 -0.247669 -0.793796
v -0.264709 -0.243422 -0.789251
v -0.301598 -0.255222 -0.771454
v 0.394085 -0.174006 -0.762522
v 0.361257 -0.140033 -0.787091
v 0.263980 -0.049902 -0.786376
v 0.214738 -0.041109 -0.795699
v 0.145028 -0.035395 -0.799013
v 0.087154 -0.030838 -0.797208
v -0.134397 -0.019294 -0.801330
v -0.030103 0.058714 -0.797192
v 0.004006 0.062626 -0.796969
v -0.015084 0.066299 -0.796340
v -0.060662 -0.398571 -0.750122
v -0.117848 -0.328952 -0.785966
v 0.094568 -0.324839 -0.786826
v 0.119520 -0.304137 -0.790100
v 0.234262 -0.258811 -0.792092
v 0.251075 -0.255932 -0.785950
v 0.373894 -0.107529 -0.792146
v 0.058602 -0.042435 -0.799018
v 0.211257 -0.051927 -0.789912
v 0.049940 -0.017544 -0.794321
v -0.002899 -0.001602 -0.784926
v 0.084448 -0.349146 -0.777955
v -0.166657 -0.325036 -0.779753
v -0.171038 -0.312614 -0.781344
v 0.172598 -0.329174 -0.770183
v 0.199071 -0.295922 -0.777096
v -0.228265 -0.291382 -0.781111
v 0.287920 -0.238023 -0.781475
v 0.353368 -0.209829 -0.767258
v 0.385627 -0.099839 -0.783510
v 0.161683 -0.055719 -0.795351
v 0.037871 -0.055428 -0.793886
v 0.021646 -0.087495 -0.792384
v -0.229615 -0.052890 -0.783044
v -0.002802 0.022538 -0.788135
v 0.065963 -0.365801 -0.768107
v 0.218065 -0.283423 -0.783008
v 0.210639 -0.331778 -0.764454
v 0.230175 -0.279277 -0.777354
v -0.290025 -0.311504 -0.748189
v 0.291368 -0.254790 -0.769099
v 0.349273 -0.221961 -0.766503
v -0.359167 -0.234756 -0.754556
v -0.379653 -0.172915 -0.762042
v 0.406489 -0.092042 -0.774688
v 0.157606 -0.084725 -0.787377
v -0.081428 -0.087751 -0.788152
v 0.190844 -0.076700 -0.788118
v -0.118840 -0.171054 -0.766842
v -0.339380 -0.065005 -0.771471
v 0.253020 -0.068052 -0.775530
v -0.199395 -0.324765 -0.768403
v 0.217731 -0.304270 -0.769586
v 0.398300 -0.123870 -0.775560
v 0.095892 -0.137984 -0.781814
v 0.108240 -0.113095 -0.786261
v -0.069148 -0.146195 -0.780260
v 0.401498 -0.108189 -0.776921
v 0.157938 -0.117694 -0.780607
v -0.441182 -0.093328 -0.752829
v 0.219947 -0.101299 -0.772992
v 0.223901 -0.080933 -0.781130
v 0.317313 -0.059257 -0.768669
v -0.100959 -0.361807 -0.769538
v 0.075308 -0.348831 -0.772821
v 0.276336 -0.279036 -0.764948
v 0.390014 -0.165072 -0.763723
v -0.036078 -0.171033 -0.776119
v 0.158199 -0.125767 -0.776032
v -0.283074 -0.061523 -0.766613
v -0.048530 -0.398506 -0.748392
v 0.042668 -0.407001 -0.746529
v -0.101605 -0.385071 -0.752556
v 0.083134 -0.369467 -0.762567
v 0.099239 -0.365779 -0.768896
v -0.199144 -0.344819 -0.759842
v 0.139918 -0.358707 -0.755489
v 0.180627 -0.344806 -0.760534
v 0.189267 -0.324665 -0.761217
v 0.195238 -0.324297 -0.760932
v 0.287538 -0.271751 -0.768707
v 0.046449 -0.187478 -0.770843
v 0.042345 -0.162476 -0.778570
v 0.195345 -0.117637 -0.773078
v 0.054663 -0.394385 -0.755305
v 0.071346 -0.377840 -0.758264
v 0.161780 -0.344514 -0.758422
v 0.259274 -0.319507 -0.756288
v -0.330666 -0.287638 -0.742930
v 0.308475 -0.274984 -0.754734
v 0.316409 -0.250823 -0.763567
v -0.346872 -0.258943 -0.751624
v 0.386190 -0.222634 -0.747009
v 0.393217 -0.205165 -0.752860
v 0.145624 -0.154409 -0.771809
v 0.419020 -0.103158 -0.763865
v 0.410566 -0.140214 -0.762683
v 0.407378 -0.074591 -0.758540
v -0.335979 -0.062999 -0.756428
v 0.301772 -0.060160 -0.766150
v 0.100254 -0.385915 -0.753243
v 0.110500 -0.366939 -0.762623
v -0.237260 -0.357499 -0.740907
v 0.225615 -0.339095 -0.748893
v 0.294993 -0.267791 -0.761059
v 0.013495 -0.216293 -0.761503
v 0.133222 -0.196205 -0.759460
v -0.089833 -0.195963 -0.763679
v 0.228323 -0.138543 -0.756873
v 0.431422 -0.108343 -0.759932
v 0.467732 -0.093054 -0.739807
v 0.282132 -0.084766 -0.762713
v -0.267437 -0.092849 -0.757493
v 0.065871 -0.394195 -0.748879
v 0.077976 -0.393378 -0.752872
v 0.152667 -0.368092 -0.756583
v -0.142197 -0.377748 -0.751684
v 0.164683 -0.358140 -0.752910
v 0.213774 -0.348993 -0.748960
v 0.349874 -0.266668 -0.744747
v 0.374097 -0.259014 -0.734289
v 0.166380 -0.195992 -0.753301
v -0.445142 -0.156332 -0.736409
v 0.281671 -0.093581 -0.756441
v 0.459162 -0.086026 -0.741103
v -0.463268 -0.070250 -0.689589
v -0.092530 -0.390362 -0.747692
v 0.087690 -0.390789 -0.748457
v 0.188956 -0.349376 -0.751035
v 0.320272 -0.274187 -0.748583
v -0.416196 -0.271577 -0.713650
v -0.048473 -0.220613 -0.759599
v 0.451036 -0.178266 -0.731820
v -0.197214 -0.183293 -0.745228
v 0.439432 -0.164851 -0.738160
v 0.199429 -0.158520 -0.758275
v 0.232469 -0.150471 -0.750010
v 0.455330 -0.111990 -0.747565
v -0.222066 -0.154711 -0.746590
v 0.314863 -0.069394 -0.750413
v 0.460996 -0.071659 -0.697655
v -0.345411 -0.069969 -0.738057
v 0.057968 -0.415062 -0.741068
v 0.013270 -0.431052 -0.734125
v 0.099719 -0.402193 -0.746503
v 0.136455 -0.386047 -0.742848
v 0.152935 -0.386532 -0.739997
v -0.166807 -0.373731 -0.746443
v -0.228597 -0.361395 -0.736759
v 0.162081 -0.378427 -0.742723
v 0.190427 -0.363186 -0.750259
v 0.178638 -0.362217 -0.745894
v -0.260707 -0.345360 -0.734785
v 0.270688 -0.323039 -0.744870
v -0.289957 -0.366016 -0.719920
v 0.025829 -0.236817 -0.754868
v 0.141565 -0.237176 -0.743266
v 0.249000 -0.117514 -0.755999
v -0.494384 -0.111844 -0.720163
v -0.324948 -0.077267 -0.740551
v -0.076521 -0.434566 -0.730433
v -0.048986 -0.415302 -0.742082
v -0.100752 -0.411427 -0.740846
v 0.066934 -0.407535 -0.740404
v 0.078477 -0.415437 -0.741403
v 0.123463 -0.398941 -0.744817
v -0.113256 -0.402561 -0.737945
v 0.166273 -0.387111 -0.743503
v 0.180678 -0.381756 -0.745073
v -0.178854 -0.377610 -0.743629
v 0.246968 -0.353787 -0.733522
v 0.296314 -0.312647 -0.743003
v 0.312671 -0.312120 -0.734998
v -0.363473 -0.271442 -0.734652
v 0.374008 -0.279994 -0.728757
v 0.382870 -0.242631 -0.743129
v 0.224265 -0.179378 -0.743767
v 0.299428 -0.129894 -0.735065
v 0.478263 -0.070866 -0.669876
v 0.037107 -0.439427 -0.724361
v 0.098533 -0.410601 -0.738070
v -0.125446 -0.414687 -0.725723
v -0.142722 -0.407447 -0.732031
v 0.197457 -0.377068 -0.739077
v 0.259916 -0.380861 -0.723364
v -0.252672 -0.365443 -0.732240
v 0.345043 -0.288604 -0.737104
v -0.044283 -0.274702 -0.738990
v -0.387900 -0.263245 -0.729978
v 0.071319 -0.253513 -0.744876
v -0.081565 -0.270288 -0.737876
v 0.422921 -0.218153 -0.729805
v 0.455960 -0.201687 -0.720116
v -0.358105 -0.175316 -0.694169
v 0.310884 -0.109960 -0.735942
v 0.051248 -0.435582 -0.732425
v -0.116694 -0.427041 -0.724205
v -0.031882 -0.422855 -0.733545
v 0.110826 -0.408225 -0.733073
v 0.144482 -0.398513 -0.736759
v 0.180254 -0.387983 -0.733260
v 0.239045 -0.382646 -0.720101
v 0.250794 -0.367011 -0.731984
v 0.283874 -0.353352 -0.722304
v 0.345374 -0.275751 -0.737241
v -0.379482 -0.295660 -0.719883
v 0.092010 -0.287170 -0.726989
v -0.172365 -0.237156 -0.736024
v 0.419037 -0.242590 -0.721786
v -0.445251 -0.181262 -0.723909
v 0.475816 -0.169182 -0.712627
v -0.304451 -0.216128 -0.701928
v 0.492479 -0.156333 -0.709280
v 0.286122 -0.154577 -0.731694
v 0.032489 -0.439013 -0.728244
v 0.112090 -0.440137 -0.720475
v 0.110722 -0.428116 -0.728236
v 0.156569 -0.410580 -0.726268
v 0.156712 -0.427361 -0.718342
v -0.162416 -0.414619 -0.719952
v -0.248489 -0.377908 -0.718655
v 0.292854 -0.361887 -0.720365
v 0.296917 -0.341147 -0.733123
v 0.345255 -0.320400 -0.715929
v -0.363739 -0.307002 -0.715442
v 0.361804 -0.283427 -0.727971
v 0.352737 -0.292584 -0.732126
v 0.153934 -0.249560 -0.733993
v 0.484416 -0.116212 -0.726251
v 0.351291 -0.097306 -0.725889
v 0.410007 -0.084634 -0.696802
v 0.006325 -0.451888 -0.718240
v -0.043795 -0.451417 -0.716435
v 0.111819 -0.447358 -0.711042
v 0.110998 -0.465049 -0.704072
v 0.140564 -0.427232 -0.714208
v 0.128161 -0.408444 -0.728315
v 0.168689 -0.406128 -0.728043
v 0.279444 -0.370746 -0.724639
v -0.261662 -0.376248 -0.719531
v 0.386272 -0.267521 -0.725675
v 0.281971 -0.195687 -0.718821
v -0.523885 -0.092902 -0.700327
v -0.394060 -0.068194 -0.719936
v 0.413294 -0.069835 -0.704569
v 0.046756 -0.447544 -0.720480
v -0.139227 -0.435216 -0.712214
v 0.169147 -0.414362 -0.718687
v 0.194062 -0.417604 -0.715601
v 0.222130 -0.407209 -0.710498
v -0.256691 -0.398787 -0.707007
v 0.304575 -0.360871 -0.720117
v -0.305461 -0.353404 -0.715944
v 0.315600 -0.345824 -0.717407
v 0.370503 -0.299779 -0.716385
v 0.382226 -0.291648 -0.721637
v 0.207651 -0.253721 -0.720000
v 0.447303 -0.234648 -0.712528
v 0.219426 -0.233001 -0.726319
v -0.506766 -0.172725 -0.689887
v 0.508390 -0.092547 -0.711597
v 0.124087 -0.443162 -0.716132
v -0.150313 -0.439213 -0.707611
v -0.129379 -0.439053 -0.707423
v 0.275631 -0.390036 -0.715773
v 0.286562 -0.374192 -0.720131
v -0.351018 -0.328628 -0.713678
v 0.067212 -0.303484 -0.718201
v -0.392254 -0.291914 -0.712909
v -0.203787 -0.282685 -0.709996
v 0.414314 -0.259221 -0.720012
v 0.062152 -0.452000 -0.712160
v -0.039926 -0.464397 -0.709620
v -0.015302 -0.445311 -0.715934
v -0.124614 -0.455977 -0.701154
v -0.117160 -0.484299 -0.683138
v 0.185252 -0.427105 -0.705382
v 0.314535 -0.361478 -0.712463
v 0.304678 -0.369066 -0.711369
v 0.346175 -0.337474 -0.707921
v 0.352075 -0.352271 -0.703839
v 0.370334 -0.333015 -0.700561
v -0.031774 -0.315340 -0.718047
v -0.081589 -0.311393 -0.716609
v -0.404491 -0.291648 -0.711009
v 0.439145 -0.264055 -0.697925
v -0.259111 -0.241509 -0.709941
v 0.456664 -0.221942 -0.708283
v 0.360482 -0.150031 -0.700095
v 0.042463 -0.485405 -0.687314
v 0.111884 -0.475120 -0.692946
v 0.148054 -0.439704 -0.705330
v 0.155579 -0.434536 -0.712205
v 0.176347 -0.436323 -0.707840
v 0.256682 -0.407015 -0.701371
v 0.265380 -0.398234 -0.710449
v 0.291116 -0.384260 -0.704089
v -0.355049 -0.390187 -0.674238
v 0.398832 -0.288792 -0.709776
v 0.265478 -0.245382 -0.705907
v 0.312342 -0.179793 -0.713994
v 0.562404 -0.086345 -0.663282
v -0.415975 -0.080574 -0.693077
v -0.044865 -0.479704 -0.699571
v 0.046913 -0.471060 -0.706986
v -0.063904 -0.464231 -0.701608
v 0.075119 -0.465044 -0.699403
v 0.065439 -0.464433 -0.701684
v -0.006948 -0.500771 -0.675053
v 0.124801 -0.452291 -0.703895
v 0.155819 -0.463966 -0.690089
v 0.238250 -0.417938 -0.703889
v -0.289678 -0.392507 -0.703762
v -0.265493 -0.390414 -0.704062
v 0.315497 -0.364921 -0.703764
v 0.386763 -0.304389 -0.709603
v -0.392547 -0.324369 -0.697330
v 0.399709 -0.297206 -0.710099
v 0.426833 -0.263422 -0.707348
v 0.459577 -0.266795 -0.687253
v 0.389406 -0.179285 -0.678786
v 0.533416 -0.108509 -0.694799
v -0.383029 -0.104945 -0.706379
v 0.376876 -0.113639 -0.703900
v 0.129414 -0.455318 -0.703817
v -0.154689 -0.471245 -0.678376
v 0.161487 -0.443316 -0.699749
v 0.259424 -0.422768 -0.695265
v 0.307694 -0.382305 -0.703518
v 0.337278 -0.365083 -0.702927
v -0.052471 -0.344085 -0.709630
v -0.367290 -0.386688 -0.667028
v 0.375068 -0.357804 -0.693036
v 0.390874 -0.328581 -0.700191
v 0.435407 -0.272781 -0.703722
v 0.178179 -0.306971 -0.697697
v 0.463926 -0.234610 -0.697658
v 0.508803 -0.205592 -0.681759
v 0.529740 -0.178505 -0.675167
v -0.484869 -0.070032 -0.662185
v -0.033069 -0.500837 -0.672285
v 0.131823 -0.472533 -0.687612
v -0.179170 -0.453791 -0.683520
v 0.186385 -0.455511 -0.693197
v 0.200669 -0.452627 -0.690766
v 0.239041 -0.427151 -0.690938
v -0.236612 -0.447105 -0.677187
v 0.275093 -0.414164 -0.690462
v -0.268362 -0.407020 -0.698980
v 0.296075 -0.398097 -0.693631
v 0.320779 -0.374196 -0.697129
v -0.035813 -0.365476 -0.697476
v 0.100072 -0.348628 -0.697695
v -0.131017 -0.356539 -0.697812
v 0.426700 -0.293377 -0.691991
v -0.408103 -0.320403 -0.688172
v -0.279675 -0.274244 -0.690284
v -0.531641 -0.209487 -0.658570
v 0.539428 -0.168888 -0.666608
v 0.389411 -0.138057 -0.691842
v 0.438857 -0.101095 -0.677152
v -0.076285 -0.485185 -0.691231
v 0.005990 -0.484225 -0.695198
v 0.074058 -0.493294 -0.687746
v 0.082537 -0.476255 -0.688295
v 0.173827 -0.454993 -0.687184
v 0.218735 -0.447054 -0.683179
v -0.256991 -0.422670 -0.693264
v -0.277994 -0.414648 -0.686619
v 0.346538 -0.377654 -0.682583
v 0.362369 -0.349215 -0.692206
v -0.396089 -0.402421 -0.645374
v 0.273754 -0.303267 -0.668019
v -0.482294 -0.259042 -0.674912
v 0.451162 -0.279779 -0.685006
v 0.335566 -0.225059 -0.687347
v 0.533319 -0.092929 -0.693380
v 0.231384 -0.444072 -0.686736
v 0.363514 -0.353631 -0.688611
v 0.182916 -0.343980 -0.688781
v -0.197084 -0.323557 -0.691806
v 0.393577 -0.337674 -0.683639
v 0.277810 -0.270320 -0.688842
v 0.468077 -0.250273 -0.683816
v -0.536110 -0.086652 -0.684075
v -0.084632 -0.516329 -0.665814
v 0.022136 -0.503861 -0.678546
v 0.033829 -0.509101 -0.677334
v 0.116170 -0.485201 -0.676638
v 0.160525 -0.472613 -0.679982
v 0.185988 -0.458721 -0.683443
v 0.234401 -0.453030 -0.679105
v 0.270927 -0.424543 -0.679628
v -0.282283 -0.430872 -0.677463
v 0.287734 -0.418072 -0.683438
v 0.334119 -0.403140 -0.670910
v 0.373831 -0.369396 -0.687238
v 0.385251 -0.362170 -0.684708
v -0.399697 -0.349244 -0.678586
v 0.414918 -0.332803 -0.677376
v -0.241899 -0.302996 -0.689169
v -0.457585 -0.287898 -0.679669
v 0.488452 -0.238273 -0.682111
v -0.555851 -0.156330 -0.660726
v -0.048454 -0.504842 -0.675011
v 0.045560 -0.497058 -0.676588
v 0.093958 -0.489519 -0.678524
v 0.095207 -0.501811 -0.675157
v 0.136320 -0.484966 -0.678098
v 0.214949 -0.456472 -0.674798
v 0.351515 -0.390858 -0.681609
v 0.091980 -0.389993 -0.672879
v -0.180553 -0.356664 -0.687864
v 0.447788 -0.300394 -0.679075
v 0.506608 -0.217629 -0.674945
v 0.381070 -0.200128 -0.675493
v -0.563899 -0.120031 -0.665620
v -0.592643 -0.092834 -0.641900
v 0.471747 -0.077679 -0.660853
v -0.129934 -0.497219 -0.659568
v 0.355755 -0.401655 -0.671874
v 0.343132 -0.387131 -0.677400
v 0.369064 -0.381622 -0.676118
v 0.375183 -0.380708 -0.674571
v -0.056705 -0.452268 -0.631354
v 0.443086 -0.146204 -0.657317
v 0.562974 -0.108096 -0.670573
v -0.461201 -0.076296 -0.667805
v -0.060778 -0.511599 -0.662993
v -0.116615 -0.495001 -0.671777
v 0.119482 -0.501885 -0.674729
v 0.180344 -0.485179 -0.666844
v 0.156488 -0.508733 -0.658186
v -0.191236 -0.463219 -0.674295
v 0.254950 -0.447920 -0.672656
v -0.273772 -0.437716 -0.670872
v 0.339056 -0.411392 -0.671262
v 0.338850 -0.398740 -0.674077
v 0.383449 -0.392798 -0.666440
v 0.388894 -0.362499 -0.671841
v 0.390214 -0.393710 -0.663309
v -0.271639 -0.352315 -0.661700
v 0.464068 -0.311112 -0.654269
v 0.475016 -0.267578 -0.671037
v -0.337530 -0.278469 -0.665268
v 0.557294 -0.218274 -0.634178
v 0.442257 -0.117376 -0.664002
v 0.079043 -0.533925 -0.650575
v 0.086125 -0.521218 -0.663148
v 0.094649 -0.516173 -0.662911
v 0.135358 -0.500492 -0.664596
v -0.100117 -0.509259 -0.660108
v 0.153499 -0.487953 -0.670372
v 0.210799 -0.484353 -0.660852
v -0.203971 -0.475984 -0.658082
v 0.225898 -0.488545 -0.648866
v 0.259479 -0.455710 -0.668205
v 0.283792 -0.447636 -0.662722
v -0.310751 -0.480180 -0.633060
v 0.364539 -0.390389 -0.668064
v 0.439773 -0.344676 -0.652661
v -0.460689 -0.303986 -0.662567
v 0.352173 -0.270714 -0.656074
v -0.465754 -0.088575 -0.657743
v -0.529462 -0.069138 -0.628507
v 0.014085 -0.524792 -0.658110
v -0.015539 -0.525283 -0.648360
v -0.150723 -0.489196 -0.664829
v -0.204198 -0.488960 -0.649253
v 0.197336 -0.501399 -0.651305
v 0.326526 -0.419833 -0.662660
v 0.336452 -0.441192 -0.646720
v 0.480097 -0.295048 -0.658332
v 0.529223 -0.226319 -0.654218
v 0.508709 -0.258778 -0.657598
v 0.398149 -0.225075 -0.656560
v 0.569467 -0.178691 -0.641447
v -0.428433 -0.228845 -0.640992
v 0.574339 -0.144168 -0.650328
v 0.062721 -0.521562 -0.658115
v 0.006431 -0.535484 -0.642309
v 0.136581 -0.503123 -0.659063
v 0.145600 -0.501512 -0.661562
v 0.295559 -0.444548 -0.663333
v 0.308079 -0.435727 -0.657596
v 0.352895 -0.414007 -0.654433
v -0.351612 -0.451733 -0.629148
v -0.135190 -0.452805 -0.619302
v 0.375006 -0.397785 -0.659758
v 0.403789 -0.386748 -0.650777
v 0.398236 -0.370238 -0.658434
v -0.246674 -0.366618 -0.656130
v 0.306970 -0.344150 -0.643383
v 0.451700 -0.344532 -0.646039
v 0.459100 -0.333276 -0.647318
v -0.321133 -0.319666 -0.649369
v -0.502423 -0.287306 -0.642121
v 0.574319 -0.205492 -0.627379
v -0.555659 -0.201712 -0.642164
v -0.588515 -0.168785 -0.621650
v -0.073432 -0.521911 -0.655326
v -0.096969 -0.526050 -0.654621
v -0.024971 -0.537888 -0.644469
v -0.039906 -0.542346 -0.638776
v 0.062832 -0.541186 -0.645973
v 0.094524 -0.525266 -0.650445
v -0.162559 -0.497722 -0.659565
v -0.127005 -0.522457 -0.650496
v 0.267205 -0.465648 -0.654582
v 0.309780 -0.467900 -0.634310
v 0.325625 -0.438537 -0.657378
v 0.318245 -0.432140 -0.657040
v 0.150202 -0.415042 -0.643879
v -0.412264 -0.382185 -0.643449
v 0.423011 -0.365089 -0.650478
v -0.436915 -0.377661 -0.633709
v 0.497162 -0.283477 -0.647005
v 0.405859 -0.245928 -0.640726
v -0.445042 -0.117520 -0.667110
v -0.507280 -0.100894 -0.627443
v 0.599418 -0.108054 -0.638307
v 0.038618 -0.542189 -0.643267
v 0.030177 -0.541441 -0.639888
v -0.170844 -0.508257 -0.650388
v -0.208032 -0.497201 -0.645636
v -0.241231 -0.488743 -0.643244
v -0.248503 -0.513091 -0.628842
v -0.295307 -0.468004 -0.642164
v 0.321374 -0.465622 -0.642013
v 0.313197 -0.445098 -0.654840
v 0.030059 -0.452498 -0.631534
v 0.100176 -0.435519 -0.635932
v 0.386250 -0.399319 -0.650977
v 0.402257 -0.394599 -0.646756
v 0.232458 -0.361815 -0.660100
v -0.076577 -0.538257 -0.645276
v -0.048522 -0.546473 -0.637709
v -0.118272 -0.513768 -0.650751
v 0.177317 -0.508340 -0.645894
v -0.228840 -0.513342 -0.627239
v 0.327871 -0.447365 -0.645576
v 0.476150 -0.321913 -0.646250
v 0.467955 -0.166934 -0.633344
v -0.603971 -0.100177 -0.633107
v 0.094285 -0.550521 -0.634700
v -0.113536 -0.533584 -0.640014
v -0.101183 -0.537821 -0.636281
v -0.092744 -0.533674 -0.642390
v -0.187502 -0.510009 -0.638421
v -0.142043 -0.525169 -0.637909
v -0.203537 -0.508784 -0.641708
v 0.266826 -0.491711 -0.638060
v 0.362700 -0.434725 -0.634666
v -0.359415 -0.472963 -0.613323
v 0.422838 -0.374326 -0.639858
v 0.444292 -0.357118 -0.637627
v 0.463286 -0.345070 -0.638178
v 0.484031 -0.326538 -0.630082
v -0.518575 -0.267189 -0.642811
v -0.445015 -0.257966 -0.616284
v -0.444378 -0.277945 -0.606918
v 0.566808 -0.168827 -0.642527
v -0.604812 -0.132115 -0.625775
v 0.660215 -0.092639 -0.572330
v 0.519945 -0.077598 -0.622695
v -0.023722 -0.560176 -0.621905
v -0.092003 -0.546491 -0.637357
v -0.121479 -0.536900 -0.638058
v 0.102985 -0.542231 -0.633888
v 0.204618 -0.522969 -0.630354
v 0.213878 -0.529517 -0.613267
v 0.336652 -0.472358 -0.632626
v 0.377899 -0.447475 -0.625631
v -0.420502 -0.394562 -0.632281
v 0.426318 -0.401708 -0.621957
v 0.418942 -0.383368 -0.642176
v -0.316726 -0.353673 -0.639337
v -0.328981 -0.358139 -0.626492
v 0.455587 -0.362154 -0.634453
v 0.493120 -0.300120 -0.638672
v -0.502370 -0.299980 -0.633239
v -0.403595 -0.289980 -0.623316
v -0.527247 -0.263257 -0.635169
v -0.548015 -0.226623 -0.638631
v 0.541729 -0.237678 -0.642110
v 0.009929 -0.578398 -0.605090
v -0.096157 -0.539098 -0.636053
v -0.002370 -0.566283 -0.611999
v 0.181649 -0.525285 -0.631394
v -0.211269 -0.512134 -0.633361
v 0.255405 -0.496395 -0.637726
v 0.344757 -0.460584 -0.626394
v 0.343642 -0.470149 -0.629045
v -0.335338 -0.487619 -0.612616
v 0.435258 -0.386260 -0.634222
v 0.440452 -0.366349 -0.634004
v 0.459814 -0.220504 -0.618384
v 0.611742 -0.174324 -0.597741
v -0.511336 -0.154341 -0.606622
v -0.077598 -0.551021 -0.630184
v 0.103073 -0.567949 -0.613821
v -0.166869 -0.533104 -0.629512
v 0.275049 -0.498227 -0.621635
v -0.197157 -0.452369 -0.602350
v 0.220235 -0.415001 -0.621095
v -0.321226 -0.347978 -0.640333
v -0.469788 -0.349834 -0.625717
v -0.387054 -0.303336 -0.627432
v 0.508333 -0.292281 -0.629128
v 0.541549 -0.275718 -0.614050
v -0.539362 -0.263373 -0.628158
v 0.529839 -0.109114 -0.598114
v -0.103964 -0.558325 -0.623605
v -0.048710 -0.567236 -0.617591
v 0.016923 -0.582455 -0.601139
v 0.056114 -0.569183 -0.614349
v 0.083173 -0.569868 -0.606105
v 0.242957 -0.541628 -0.602332
v 0.317939 -0.475572 -0.624264
v 0.337432 -0.478318 -0.626144
v -0.325880 -0.504472 -0.597411
v 0.389637 -0.435470 -0.617922
v 0.411774 -0.427283 -0.613281
v -0.437299 -0.410865 -0.614425
v -0.450178 -0.394442 -0.614185
v -0.350970 -0.353014 -0.623124
v 0.467110 -0.353072 -0.625496
v 0.405371 -0.303311 -0.598066
v 0.504966 -0.309989 -0.629516
v -0.563996 -0.218284 -0.624635
v -0.637818 -0.092751 -0.597174
v 0.521947 -0.096705 -0.614856
v -0.523094 -0.073950 -0.623196
v 0.046536 -0.567945 -0.605579
v 0.145139 -0.556045 -0.605318
v -0.212547 -0.525876 -0.617810
v 0.283469 -0.517698 -0.605875
v 0.347954 -0.476842 -0.618749
v 0.348689 -0.464920 -0.622627
v 0.371168 -0.459635 -0.608933
v 0.137456 -0.452195 -0.619014
v 0.451856 -0.387183 -0.617133
v -0.353987 -0.398072 -0.577732
v -0.469939 -0.390053 -0.604466
v -0.502995 -0.316416 -0.627742
v -0.474048 -0.233174 -0.607516
v 0.501088 -0.150674 -0.612942
v 0.637908 -0.063035 -0.537464
v 0.070336 -0.573169 -0.609612
v -0.076002 -0.572772 -0.613612
v -0.041466 -0.566373 -0.613211
v -0.109839 -0.566236 -0.609997
v -0.178530 -0.553658 -0.605427
v -0.220359 -0.536562 -0.609176
v -0.256769 -0.521097 -0.609403
v -0.268973 -0.504323 -0.621306
v 0.382960 -0.453817 -0.617466
v -0.299189 -0.452388 -0.561053
v 0.541508 -0.292096 -0.612176
v 0.566454 -0.234310 -0.622404
v -0.506970 -0.199824 -0.593996
v 0.188922 -0.557824 -0.597474
v 0.197897 -0.557517 -0.592266
v -0.298934 -0.520529 -0.588281
v -0.308989 -0.520742 -0.593098
v 0.329863 -0.483652 -0.610072
v 0.356754 -0.472048 -0.605578
v -0.379503 -0.488419 -0.584408
v -0.404880 -0.454837 -0.596039
v 0.425874 -0.410714 -0.613504
v 0.468417 -0.390506 -0.601480
v 0.355751 -0.349042 -0.614791
v 0.406874 -0.339779 -0.590970
v -0.436887 -0.303263 -0.598552
v -0.559096 -0.288500 -0.601111
v 0.594463 -0.226571 -0.596536
v 0.611696 -0.156209 -0.609454
v -0.562990 -0.069777 -0.596278
v -0.044832 -0.583210 -0.605595
v 0.099144 -0.572455 -0.607356
v 0.338707 -0.486213 -0.609624
v -0.567831 -0.288593 -0.589202
v 0.467765 -0.250194 -0.594070
v -0.572126 -0.226699 -0.616341
v -0.617028 -0.218652 -0.572393
v -0.536714 -0.174885 -0.574117
v -0.092464 -0.569323 -0.606485
v -0.133123 -0.566660 -0.602444
v -0.252346 -0.541399 -0.601370
v -0.199586 -0.541849 -0.606100
v 0.218734 -0.541921 -0.604819
v 0.283708 -0.534357 -0.585556
v 0.418675 -0.434815 -0.605600
v 0.454906 -0.401971 -0.609313
v 0.492859 -0.374048 -0.596545
v 0.513469 -0.324369 -0.607885
v 0.525527 -0.332495 -0.599047
v 0.557754 -0.275054 -0.600781
v 0.573547 -0.255075 -0.597960
v -0.641393 -0.156190 -0.576665
v 0.633693 -0.107876 -0.601154
v -0.564537 -0.077389 -0.583667
v -0.618856 -0.075916 -0.582085
v -0.028672 -0.579083 -0.599330
v -0.130858 -0.582582 -0.589765
v 0.157131 -0.571941 -0.592841
v -0.196043 -0.550172 -0.598703
v -0.208430 -0.554303 -0.599669
v 0.344348 -0.496108 -0.597426
v 0.352022 -0.478602 -0.602345
v 0.382288 -0.468220 -0.605441
v 0.091810 -0.484826 -0.594096
v 0.203538 -0.468728 -0.585962
v -0.469730 -0.426876 -0.570785
v 0.459369 -0.408040 -0.593594
v 0.327417 -0.389262 -0.594137
v -0.407599 -0.348776 -0.596021
v -0.510799 -0.361432 -0.587308
v 0.570770 -0.275037 -0.593444
v -0.461194 -0.278106 -0.594249
v 0.582889 -0.246091 -0.593379
v 0.517720 -0.187301 -0.583962
v -0.650296 -0.132159 -0.577274
v -0.674862 -0.085465 -0.552659
v 0.637053 -0.074622 -0.568583
v 0.005232 -0.591016 -0.586125
v -0.118237 -0.579066 -0.589700
v 0.119528 -0.565954 -0.601740
v -0.154247 -0.574821 -0.586949
v -0.228177 -0.549978 -0.595335
v -0.236810 -0.543300 -0.597494
v 0.308400 -0.509278 -0.596991
v 0.367725 -0.479681 -0.600548
v -0.424077 -0.357848 -0.571166
v 0.500866 -0.377887 -0.579778
v -0.539942 -0.319825 -0.592277
v -0.454641 -0.290827 -0.590025
v 0.624774 -0.197635 -0.580653
v -0.649870 -0.107919 -0.583964
v -0.055677 -0.589620 -0.589737
v 0.017187 -0.591899 -0.585598
v 0.141430 -0.569951 -0.588252
v 0.202762 -0.570469 -0.580680
v 0.275691 -0.553031 -0.575887
v -0.269147 -0.549567 -0.584737
v -0.259930 -0.534461 -0.597890
v -0.318265 -0.523736 -0.588830
v 0.311903 -0.525176 -0.588858
v 0.422705 -0.434573 -0.594075
v -0.412409 -0.471931 -0.580798
v 0.277885 -0.460333 -0.561307
v -0.489835 -0.406669 -0.574820
v 0.532749 -0.352660 -0.572883
v -0.566632 -0.304269 -0.585061
v 0.558026 -0.292286 -0.588881
v 0.543638 -0.320499 -0.580616
v -0.584562 -0.275489 -0.582367
v -0.621276 -0.164159 -0.590906
v 0.571686 -0.142308 -0.549065
v 0.587408 -0.080754 -0.556978
v 0.074550 -0.595545 -0.580766
v -0.183427 -0.564552 -0.588421
v 0.358375 -0.488210 -0.589285
v 0.382165 -0.495559 -0.576972
v -0.135249 -0.532689 -0.528059
v -0.197353 -0.532013 -0.507308
v 0.393175 -0.459867 -0.595193
v 0.484961 -0.406406 -0.579552
v -0.502323 -0.381916 -0.576734
v -0.448967 -0.331358 -0.569037
v 0.422774 -0.318738 -0.580707
v 0.607390 -0.242304 -0.576753
v 0.651341 -0.119802 -0.580039
v 0.074758 -0.602887 -0.568567
v -0.117622 -0.599398 -0.568547
v -0.301708 -0.534389 -0.580531
v -0.303605 -0.525393 -0.584004
v 0.336753 -0.509844 -0.580872
v 0.347903 -0.500103 -0.588886
v 0.388399 -0.471660 -0.585674
v -0.428630 -0.463916 -0.570634
v 0.439391 -0.426976 -0.587423
v 0.517283 -0.365705 -0.580828
v 0.570387 -0.287153 -0.580256
v 0.578484 -0.263457 -0.582164
v 0.505193 -0.233076 -0.573232
v 0.648076 -0.181900 -0.560373
v -0.027613 -0.603114 -0.572376
v -0.126900 -0.583984 -0.581592
v -0.150199 -0.589122 -0.577607
v 0.144983 -0.590668 -0.568386
v 0.164633 -0.589276 -0.569242
v -0.175587 -0.574510 -0.580836
v 0.295589 -0.543271 -0.577255
v 0.414322 -0.479518 -0.567692
v 0.285576 -0.435468 -0.573391
v 0.463000 -0.422966 -0.580981
v 0.591363 -0.255006 -0.580442
v 0.636313 -0.214054 -0.557111
v 0.635629 -0.169146 -0.572473
v 0.579494 -0.109689 -0.549566
v -0.583889 -0.093483 -0.556773
v 0.586923 -0.070540 -0.568452
v -0.171711 -0.587566 -0.568893
v 0.189147 -0.570259 -0.578771
v -0.305804 -0.536987 -0.569270
v 0.349318 -0.525752 -0.560562
v 0.454894 -0.459983 -0.556170
v 0.496097 -0.402893 -0.565538
v -0.449539 -0.348577 -0.565326
v 0.554963 -0.320655 -0.577536
v 0.566120 -0.304604 -0.578384
v -0.572186 -0.307945 -0.570598
v -0.588511 -0.292485 -0.568684
v -0.511888 -0.220494 -0.577902
v -0.179964 -0.586673 -0.572641
v -0.268919 -0.557974 -0.569627
v -0.334596 -0.530657 -0.564835
v 0.369286 -0.509521 -0.569171
v 0.054693 -0.527217 -0.549152
v 0.393848 -0.493601 -0.564464
v 0.427135 -0.480368 -0.550103
v 0.441454 -0.339734 -0.565582
v 0.567522 -0.316390 -0.569229
v -0.470996 -0.303273 -0.569994
v -0.625262 -0.243400 -0.552770
v 0.552530 -0.162823 -0.561155
v 0.643818 -0.160234 -0.569957
v -0.138325 -0.594318 -0.568189
v -0.203145 -0.583024 -0.564029
v -0.350781 -0.517455 -0.565623
v -0.379634 -0.512940 -0.560691
v 0.472755 -0.428744 -0.560050
v -0.523191 -0.376935 -0.567763
v 0.508937 -0.407399 -0.556387
v -0.483548 -0.290757 -0.560932
v 0.587039 -0.280153 -0.572272
v -0.661830 -0.213836 -0.522530
v -0.577006 -0.154387 -0.540017
v -0.068623 -0.611294 -0.563317
v 0.042087 -0.618705 -0.556213
v -0.200504 -0.602903 -0.548403
v 0.168850 -0.594294 -0.555901
v 0.242789 -0.589562 -0.545172
v 0.226867 -0.589831 -0.552556
v 0.312232 -0.541827 -0.566945
v -0.391950 -0.505387 -0.556409
v 0.575660 -0.304203 -0.560360
v 0.513472 -0.307339 -0.507611
v 0.623600 -0.265468 -0.539527
v 0.685084 -0.093229 -0.544167
v -0.142261 -0.611203 -0.553191
v -0.232742 -0.586091 -0.551585
v -0.268436 -0.574755 -0.555642
v -0.276230 -0.566150 -0.556080
v 0.368971 -0.517868 -0.556200
v 0.377560 -0.506848 -0.556684
v 0.240771 -0.495094 -0.540306
v -0.361194 -0.452362 -0.528087
v 0.356413 -0.436351 -0.533135
v -0.499766 -0.427141 -0.547876
v 0.569854 -0.323775 -0.556511
v -0.634328 -0.255608 -0.539925
v 0.616798 -0.097249 -0.519185
v -0.600062 -0.068634 -0.559063
v -0.615321 -0.068246 -0.554030
v 0.099286 -0.614803 -0.555051
v 0.291469 -0.580684 -0.532039
v -0.367689 -0.525316 -0.551777
v 0.174555 -0.523568 -0.531977
v 0.410937 -0.511490 -0.539709
v -0.457663 -0.481065 -0.536141
v 0.533327 -0.361461 -0.560161
v -0.535250 -0.374399 -0.552217
v 0.541948 -0.358114 -0.556709
v 0.557873 -0.342955 -0.547873
v -0.588806 -0.320178 -0.549577
v 0.595984 -0.283983 -0.556129
v 0.689011 -0.131877 -0.533852
v -0.630891 -0.105699 -0.493958
v -0.699733 -0.085564 -0.523788
v -0.200173 -0.605478 -0.540721
v 0.226462 -0.593970 -0.535755
v 0.279633 -0.575716 -0.540259
v -0.314550 -0.561556 -0.543793
v 0.321023 -0.550110 -0.547372
v -0.430067 -0.510872 -0.522484
v 0.444474 -0.469199 -0.556062
v -0.254970 -0.493224 -0.527811
v -0.478620 -0.488486 -0.515421
v 0.496177 -0.424139 -0.552687
v 0.538441 -0.374320 -0.554044
v -0.535378 -0.394762 -0.541686
v 0.576016 -0.312329 -0.556038
v -0.573140 -0.200025 -0.523805
v 0.696267 -0.108049 -0.526641
v 0.107679 -0.620299 -0.545019
v -0.257007 -0.587415 -0.548004
v 0.328977 -0.554495 -0.543785
v 0.353106 -0.533931 -0.544532
v 0.383690 -0.525779 -0.539694
v 0.000996 -0.537103 -0.536242
v 0.120748 -0.530987 -0.536125
v 0.402838 -0.522555 -0.527412
v -0.409350 -0.533367 -0.519522
v 0.468932 -0.451426 -0.543887
v 0.487998 -0.439453 -0.549068
v -0.410961 -0.427396 -0.519922
v 0.547309 -0.369776 -0.548860
v -0.584878 -0.349150 -0.518783
v -0.596616 -0.312186 -0.541167
v 0.606636 -0.291918 -0.547750
v 0.557777 -0.187569 -0.544655
v -0.676162 -0.079134 -0.536886
v 0.033777 -0.624277 -0.544823
v -0.333929 -0.549835 -0.540317
v 0.447766 -0.493083 -0.532403
v -0.530992 -0.416958 -0.532002
v 0.518631 -0.406531 -0.543883
v 0.468367 -0.365723 -0.516172
v 0.481061 -0.339190 -0.532930
v 0.485703 -0.322542 -0.528434
v 0.636772 -0.258595 -0.536032
v 0.543013 -0.232996 -0.537009
v -0.711304 -0.169982 -0.482187
v 0.630611 -0.062947 -0.538209
v 0.352230 -0.549634 -0.535241
v 0.315085 -0.473067 -0.525963
v 0.477687 -0.475804 -0.526542
v 0.510763 -0.439754 -0.531363
v 0.558059 -0.357515 -0.539430
v -0.520594 -0.303340 -0.507393
v 0.595407 -0.312765 -0.539844
v -0.644455 -0.259196 -0.518968
v -0.552558 -0.245596 -0.519826
v 0.676648 -0.201441 -0.517327
v 0.701210 -0.164655 -0.494790
v 0.723555 -0.170171 -0.465807
v 0.705745 -0.085923 -0.511277
v -0.624809 -0.069054 -0.530479
v -0.089080 -0.666420 -0.486337
v 0.074826 -0.623746 -0.536525
v 0.259131 -0.611010 -0.510648
v -0.265150 -0.592355 -0.527586
v 0.299809 -0.575084 -0.528289
v -0.388534 -0.532717 -0.531884
v 0.454483 -0.493075 -0.519699
v -0.507464 -0.438874 -0.534952
v -0.519228 -0.422782 -0.535438
v -0.486120 -0.351007 -0.527386
v 0.570598 -0.381795 -0.515344
v -0.613196 -0.320589 -0.514645
v -0.569403 -0.283009 -0.474935
v -0.643194 -0.097786 -0.486519
v -0.622363 -0.077439 -0.519807
v 0.271320 -0.582679 -0.532042
v 0.373184 -0.554250 -0.510845
v 0.067066 -0.547743 -0.519488
v 0.496326 -0.455365 -0.519736
v 0.484726 -0.477056 -0.519872
v -0.592397 -0.332740 -0.528051
v -0.265029 -0.605183 -0.519029
v -0.306476 -0.582496 -0.519620
v -0.319371 -0.589993 -0.506747
v 0.313166 -0.582592 -0.519454
v -0.329808 -0.574943 -0.512826
v -0.372149 -0.537591 -0.527864
v 0.401378 -0.541378 -0.507173
v 0.580038 -0.365420 -0.511404
v 0.657161 -0.226623 -0.527405
v 0.609030 -0.204087 -0.479337
v -0.733626 -0.100383 -0.478417
v 0.291189 -0.590483 -0.514400
v 0.341288 -0.573112 -0.502661
v -0.445021 -0.517043 -0.515410
v -0.461701 -0.504471 -0.506259
v 0.476872 -0.486408 -0.515324
v 0.520571 -0.435768 -0.515489
v -0.540933 -0.402589 -0.523994
v 0.633967 -0.295828 -0.511415
v -0.632860 -0.304044 -0.509951
v -0.718687 -0.111796 -0.498669
v 0.632606 -0.077319 -0.506388
v 0.679392 -0.067201 -0.471974
v 0.247170 -0.621103 -0.494941
v -0.253122 -0.607345 -0.519964
v 0.324114 -0.587169 -0.509892
v -0.400939 -0.536484 -0.514884
v 0.406653 -0.529065 -0.512818
v 0.459822 -0.502030 -0.507195
v -0.304864 -0.510428 -0.474211
v 0.389352 -0.454292 -0.499406
v 0.476153 -0.398420 -0.482774
v 0.553863 -0.398637 -0.511084
v -0.482246 -0.361450 -0.514746
v -0.523305 -0.338909 -0.495374
v 0.523788 -0.344163 -0.491207
v -0.536544 -0.326500 -0.478988
v 0.639171 -0.263187 -0.524441
v -0.665829 -0.255168 -0.502331
v 0.430835 -0.523584 -0.507420
v -0.510462 -0.468189 -0.504880
v -0.596457 -0.349684 -0.510747
v -0.606288 -0.216407 -0.475334
v 0.612532 -0.167039 -0.492777
v -0.631023 -0.171312 -0.466113
v 0.686425 -0.070983 -0.492078
v -0.003094 -0.671724 -0.482332
v -0.273321 -0.605880 -0.507663
v 0.312137 -0.602069 -0.486050
v -0.341656 -0.583402 -0.494411
v -0.384062 -0.566122 -0.481036
v 0.390214 -0.549101 -0.507738
v 0.277914 -0.523041 -0.483124
v 0.484768 -0.489508 -0.498973
v -0.489650 -0.496458 -0.490608
v 0.509159 -0.480283 -0.490613
v -0.420146 -0.452399 -0.490197
v 0.601239 -0.349205 -0.507443
v 0.664927 -0.242486 -0.511345
v 0.701294 -0.210029 -0.472187
v 0.704851 -0.132063 -0.510799
v 0.353036 -0.579713 -0.495092
v -0.139322 -0.544276 -0.511231
v -0.040179 -0.561500 -0.498894
v -0.421395 -0.535422 -0.507825
v -0.482327 -0.509249 -0.491642
v 0.492177 -0.467784 -0.507019
v 0.497533 -0.460440 -0.510961
v 0.516725 -0.464538 -0.499802
v -0.571716 -0.389811 -0.502298
v -0.595867 -0.365777 -0.503115
v -0.635054 -0.312083 -0.495052
v 0.639623 -0.299983 -0.494598
v -0.720136 -0.160486 -0.470194
v -0.666741 -0.070577 -0.473061
v 0.189469 -0.634986 -0.498468
v 0.316159 -0.611802 -0.478068
v -0.409026 -0.538945 -0.503394
v 0.438623 -0.516703 -0.499459
v -0.458758 -0.514220 -0.494059
v -0.474625 -0.512648 -0.494340
v -0.518377 -0.464100 -0.495057
v -0.585526 -0.377481 -0.502871
v 0.606456 -0.341057 -0.498881
v -0.729586 -0.148111 -0.466188
v 0.732233 -0.092034 -0.478270
v -0.673153 -0.069535 -0.488286
v 0.185409 -0.652871 -0.475175
v 0.070673 -0.666766 -0.482389
v 0.336007 -0.587842 -0.500204
v 0.075360 -0.589651 -0.445188
v -0.432824 -0.534685 -0.495288
v 0.426627 -0.529320 -0.496354
v 0.516000 -0.472684 -0.479037
v 0.573437 -0.402187 -0.487228
v 0.590670 -0.377657 -0.494590
v -0.605098 -0.361561 -0.490639
v -0.617746 -0.340603 -0.493703
v -0.650141 -0.295958 -0.493857
v 0.568989 -0.287219 -0.470323
v -0.236534 -0.665957 -0.445485
v 0.333145 -0.598360 -0.483245
v 0.398248 -0.545838 -0.491765
v 0.497822 -0.480155 -0.493943
v 0.666292 -0.259442 -0.490306
v 0.701607 -0.218631 -0.470877
v 0.639770 -0.117355 -0.474431
v 0.373440 -0.570183 -0.481929
v -0.400808 -0.563498 -0.477977
v -0.440579 -0.540770 -0.475372
v 0.414322 -0.546553 -0.482980
v 0.468853 -0.502838 -0.487018
v -0.671958 -0.283569 -0.465658
v 0.595995 -0.249710 -0.468334
v -0.699064 -0.214150 -0.478211
v -0.639553 -0.146188 -0.466242
v -0.301853 -0.614027 -0.482272
v -0.322660 -0.598081 -0.486839
v -0.351236 -0.597469 -0.474812
v 0.430764 -0.525187 -0.487527
v -0.263387 -0.544171 -0.453491
v 0.440977 -0.520548 -0.490967
v -0.559282 -0.435463 -0.477608
v 0.562319 -0.436848 -0.462073
v -0.587451 -0.398625 -0.482673
v 0.586706 -0.409117 -0.465979
v 0.603305 -0.357874 -0.490298
v 0.513473 -0.365778 -0.474344
v -0.619006 -0.357334 -0.485847
v 0.619493 -0.349415 -0.486399
v 0.640173 -0.315841 -0.485949
v -0.556509 -0.299534 -0.472364
v 0.670076 -0.267913 -0.486878
v -0.686904 -0.242629 -0.482698
v -0.142349 -0.672595 -0.466113
v -0.118606 -0.599581 -0.420580
v 0.403287 -0.554754 -0.483249
v -0.441564 -0.538134 -0.483118
v -0.478229 -0.519371 -0.482838
v 0.445533 -0.541398 -0.473348
v 0.462830 -0.509272 -0.483009
v -0.509909 -0.488426 -0.483152
v 0.434801 -0.453809 -0.466248
v -0.642427 -0.329026 -0.478760
v 0.573269 -0.311023 -0.441598
v 0.677154 -0.263096 -0.475703
v -0.664290 -0.171265 -0.416924
v 0.650237 -0.129516 -0.458454
v 0.320688 -0.620018 -0.462381
v -0.338769 -0.601605 -0.470236
v 0.361339 -0.583168 -0.474708
v -0.358852 -0.580450 -0.482351
v 0.484287 -0.525262 -0.454473
v 0.473113 -0.541746 -0.445428
v -0.511970 -0.488591 -0.470993
v -0.403503 -0.510408 -0.395718
v 0.635711 -0.336657 -0.470810
v 0.676329 -0.255956 -0.481844
v 0.688950 -0.254281 -0.457702
v -0.668119 -0.093341 -0.453526
v 0.332730 -0.627749 -0.433055
v 0.353105 -0.596757 -0.466985
v -0.015305 -0.602009 -0.428746
v 0.374356 -0.581902 -0.472402
v 0.398007 -0.568508 -0.474236
v 0.431801 -0.529520 -0.478782
v 0.462784 -0.534074 -0.461501
v -0.499364 -0.512825 -0.457922
v 0.528341 -0.479846 -0.458231
v 0.610828 -0.373769 -0.470536
v -0.596877 -0.415190 -0.445350
v -0.617150 -0.371501 -0.466542
v -0.536060 -0.344832 -0.476355
v 0.571908 -0.339471 -0.441599
v 0.615339 -0.365574 -0.466409
v 0.668065 -0.279726 -0.471277
v 0.652416 -0.154330 -0.445467
v 0.745681 -0.108136 -0.457673
v -0.688643 -0.069786 -0.433348
v -0.109519 -0.698497 -0.425285
v -0.404267 -0.576014 -0.454011
v 0.402916 -0.574929 -0.453190
v 0.414046 -0.554865 -0.466395
v -0.466332 -0.526217 -0.470392
v -0.477868 -0.525093 -0.463233
v 0.491974 -0.512702 -0.458377
v -0.576647 -0.429914 -0.453655
v -0.589332 -0.419641 -0.458092
v -0.469204 -0.456323 -0.432882
v 0.660212 -0.298245 -0.470292
v 0.728511 -0.197368 -0.445662
v 0.742673 -0.148044 -0.445983
v -0.769456 -0.123948 -0.404747
v 0.684029 -0.077164 -0.432932
v -0.769048 -0.069269 -0.400467
v 0.070662 -0.688770 -0.445338
v -0.268978 -0.651419 -0.453368
v 0.348829 -0.602357 -0.457512
v -0.395646 -0.580548 -0.462506
v 0.203357 -0.568217 -0.449329
v 0.281884 -0.569820 -0.403973
v -0.629702 -0.356727 -0.461963
v -0.641807 -0.361694 -0.450153
v 0.559184 -0.326398 -0.454141
v -0.723562 -0.226350 -0.433329
v -0.375681 -0.596757 -0.446192
v 0.378427 -0.587340 -0.454157
v -0.433483 -0.558344 -0.457706
v -0.627744 -0.385556 -0.437334
v 0.633551 -0.361442 -0.457511
v 0.672092 -0.281048 -0.462048
v 0.680860 -0.259941 -0.462297
v -0.039961 -0.695302 -0.441596
v -0.379726 -0.593947 -0.454760
v 0.410442 -0.576521 -0.449631
v 0.437158 -0.558525 -0.445167
v 0.451716 -0.558028 -0.445936
v 0.508416 -0.504017 -0.454433
v -0.517834 -0.505190 -0.445508
v 0.595222 -0.403993 -0.458064
v 0.610829 -0.397630 -0.453889
v 0.614303 -0.390221 -0.446179
v -0.634555 -0.375241 -0.445146
v 0.660270 -0.311632 -0.457800
v 0.674814 -0.292722 -0.458272
v -0.627149 -0.283078 -0.396409
v 0.722474 -0.235258 -0.429215
v -0.738746 -0.173427 -0.437464
v 0.247032 -0.674567 -0.416873
v 0.279722 -0.667958 -0.412728
v -0.359094 -0.622096 -0.429080
v 0.369859 -0.599136 -0.445691
v -0.197140 -0.596258 -0.399882
v 0.431583 -0.562758 -0.441561
v -0.465052 -0.543200 -0.454459
v 0.541869 -0.468983 -0.449321
v 0.509283 -0.398403 -0.449659
v 0.550492 -0.365738 -0.432822
v 0.689053 -0.069244 -0.436414
v 0.444839 -0.565474 -0.437638
v 0.571883 -0.447310 -0.445470
v 0.648481 -0.353029 -0.432834
v -0.641182 -0.374018 -0.425424
v -0.690796 -0.287374 -0.433728
v -0.679782 -0.287763 -0.457808
v -0.665976 -0.187284 -0.404250
v 0.739613 -0.169820 -0.441416
v 0.459212 -0.552860 -0.437769
v -0.473941 -0.538066 -0.441622
v 0.486023 -0.530393 -0.437329
v 0.513226 -0.516730 -0.414216
v 0.516961 -0.503469 -0.437517
v 0.562506 -0.455607 -0.441451
v -0.588580 -0.426662 -0.445807
v 0.588819 -0.451560 -0.408608
v 0.669280 -0.333025 -0.429377
v 0.668363 -0.317189 -0.437525
v -0.666068 -0.344755 -0.425317
v -0.609112 -0.299623 -0.399908
v 0.608281 -0.287272 -0.420564
v 0.675984 -0.295868 -0.441760
v 0.738083 -0.160603 -0.441904
v -0.760166 -0.156609 -0.396690
v 0.620215 -0.387168 -0.441027
v 0.636026 -0.402588 -0.404000
v 0.634198 -0.398607 -0.417677
v -0.569366 -0.339882 -0.436568
v 0.697557 -0.271027 -0.437015
v 0.705493 -0.271335 -0.412471
v -0.635491 -0.232948 -0.425189
v 0.642673 -0.241270 -0.408303
v 0.653459 -0.204225 -0.416528
v 0.733963 -0.205529 -0.425320
v -0.655919 -0.158693 -0.433043
v -0.674372 -0.146073 -0.412523
v 0.760915 -0.077120 -0.424912
v 0.780755 -0.057408 -0.363720
v 0.369848 -0.644266 -0.383852
v 0.411181 -0.597288 -0.417190
v -0.482528 -0.551167 -0.421053
v 0.493764 -0.541629 -0.421132
v -0.639021 -0.382427 -0.425340
v 0.767866 -0.099771 -0.421708
v -0.722850 -0.061301 -0.410084
v -0.498313 -0.537003 -0.421370
v 0.542315 -0.485188 -0.437215
v 0.549180 -0.484829 -0.429832
v 0.488336 -0.460839 -0.403883
v 0.467976 -0.452931 -0.437348
v -0.609133 -0.418144 -0.433132
v -0.620597 -0.402912 -0.432696
v 0.619439 -0.414757 -0.416645
v 0.673599 -0.321467 -0.421703
v -0.656464 -0.212311 -0.405104
v -0.705492 -0.109264 -0.371286
v -0.799103 -0.047990 -0.318554
v 0.394320 -0.618774 -0.404821
v -0.445242 -0.579827 -0.417006
v 0.331518 -0.547430 -0.408180
v -0.561468 -0.488248 -0.413354
v 0.558261 -0.477164 -0.416735
v 0.718759 -0.250976 -0.416356
v 0.752183 -0.156682 -0.417018
v 0.762868 -0.119903 -0.425404
v -0.314158 -0.660697 -0.409001
v 0.382019 -0.625654 -0.396434
v 0.397737 -0.611936 -0.412126
v 0.452990 -0.573317 -0.403990
v 0.459565 -0.566249 -0.421989
v -0.579671 -0.459544 -0.425488
v -0.584604 -0.456772 -0.412780
v -0.621865 -0.418724 -0.416554
v 0.652076 -0.377486 -0.408109
v -0.678758 -0.336406 -0.403898
v 0.694416 -0.117306 -0.387625
v -0.771144 -0.092140 -0.408746
v -0.203902 -0.688278 -0.417014
v 0.483852 -0.549237 -0.405312
v 0.503085 -0.530601 -0.420500
v 0.574083 -0.479503 -0.404632
v -0.603453 -0.443479 -0.412763
v -0.652270 -0.378637 -0.408443
v -0.699053 -0.308276 -0.408634
v 0.701352 -0.299632 -0.395820
v -0.651354 -0.266259 -0.366782
v 0.678355 -0.174893 -0.391715
v 0.017347 -0.713964 -0.399914
v -0.048119 -0.713724 -0.400266
v -0.453630 -0.582582 -0.396151
v 0.609003 -0.447522 -0.396681
v -0.648222 -0.386932 -0.412367
v -0.704398 -0.291968 -0.404919
v -0.719930 -0.275008 -0.405293
v -0.772209 -0.165333 -0.367858
v -0.047896 -0.815136 -0.412725
v 0.054116 -0.811790 -0.412684
v 0.025782 -0.825134 -0.408716
v 0.005182 -0.808493 -0.415139
v -0.265315 -0.681711 -0.400538
v 0.009373 -0.626737 -0.379247
v -0.479132 -0.566390 -0.388249
v 0.540563 -0.504904 -0.409124
v 0.541536 -0.518620 -0.392191
v 0.544971 -0.494741 -0.409287
v 0.517819 -0.435301 -0.393121
v -0.617364 -0.319381 -0.367085
v 0.616859 -0.310974 -0.379369
v 0.648900 -0.274600 -0.366880
v 0.765305 -0.115828 -0.413906
v 0.771840 -0.091711 -0.408831
v 0.074494 -0.821685 -0.407035
v 0.090730 -0.811997 -0.406109
v 0.070482 -0.805413 -0.408555
v -0.071108 -0.805741 -0.407364
v -0.146189 -0.716029 -0.371560
v 0.164715 -0.711351 -0.371565
v -0.424717 -0.611410 -0.383491
v 0.478536 -0.570987 -0.392206
v 0.529812 -0.529324 -0.378058
v 0.691943 -0.312356 -0.404355
v -0.746949 -0.209740 -0.392652
v 0.705974 -0.125555 -0.366975
v -0.076937 -0.826899 -0.397098
v -0.117130 -0.815042 -0.400216
v -0.015065 -0.793268 -0.401086
v 0.123870 -0.712692 -0.383686
v 0.332877 -0.667097 -0.375915
v 0.611639 -0.451395 -0.380059
v 0.664181 -0.361591 -0.395724
v 0.673484 -0.345034 -0.399981
v -0.725722 -0.287859 -0.363629
v 0.733960 -0.246627 -0.392927
v 0.750403 -0.199560 -0.396794
v -0.664520 -0.228802 -0.379988
v 0.689543 -0.204337 -0.350327
v 0.769175 -0.131883 -0.400593
v 0.711295 -0.069328 -0.391346
v -0.125661 -0.823434 -0.391661
v 0.119504 -0.821774 -0.395072
v 0.126771 -0.805089 -0.394792
v 0.444623 -0.603902 -0.367292
v -0.522999 -0.536865 -0.384288
v 0.558812 -0.495473 -0.400003
v -0.596355 -0.464091 -0.392032
v -0.620962 -0.450786 -0.379949
v -0.650091 -0.399736 -0.388398
v 0.711345 -0.291474 -0.395845
v 0.727174 -0.255167 -0.404630
v -0.741530 -0.263357 -0.364036
v 0.719723 -0.084752 -0.366447
v 0.788697 -0.079095 -0.376232
v -0.724076 -0.061184 -0.390307
v 0.753499 -0.056468 -0.376675
v 0.119633 -0.825341 -0.391795
v -0.068321 -0.776104 -0.384418
v -0.006869 -0.776119 -0.393447
v 0.487806 -0.562871 -0.380475
v 0.467607 -0.488342 -0.370793
v -0.556393 -0.505126 -0.388266
v 0.522411 -0.457048 -0.362644
v 0.648435 -0.403336 -0.392658
v -0.664228 -0.378204 -0.384476
v -0.682000 -0.353181 -0.389040
v 0.617038 -0.339347 -0.375036
v 0.669793 -0.357517 -0.392621
v -0.702410 -0.308995 -0.398137
v 0.788422 -0.161568 -0.343157
v 0.790882 -0.092042 -0.371062
v -0.723043 -0.080697 -0.366680
v 0.157348 -0.827008 -0.365300
v -0.133508 -0.805614 -0.391408
v 0.074564 -0.776149 -0.387871
v 0.279715 -0.683881 -0.380228
v 0.438578 -0.612234 -0.368025
v -0.143360 -0.633756 -0.342072
v 0.468895 -0.580411 -0.388569
v 0.456307 -0.579419 -0.388545
v 0.219904 -0.599235 -0.379196
v 0.401800 -0.549899 -0.333828
v 0.524874 -0.547853 -0.367973
v 0.567063 -0.496703 -0.384165
v -0.605077 -0.459696 -0.379771
v -0.631759 -0.339457 -0.338319
v 0.681461 -0.353080 -0.391587
v 0.698484 -0.317022 -0.396281
v 0.719218 -0.284208 -0.388570
v 0.787571 -0.148651 -0.341637
v -0.791318 -0.060834 -0.351317
v -0.187541 -0.826418 -0.360121
v 0.159958 -0.815366 -0.382434
v 0.127564 -0.793033 -0.384892
v -0.052009 -0.727486 -0.386920
v 0.041995 -0.732707 -0.383864
v 0.079616 -0.636295 -0.350349
v -0.479088 -0.583251 -0.371524
v 0.549789 -0.509231 -0.384280
v 0.576336 -0.484675 -0.383846
v -0.642458 -0.435979 -0.359796
v -0.699965 -0.316437 -0.385033
v -0.173964 -0.815564 -0.378236
v -0.006926 -0.755008 -0.386791
v 0.037821 -0.746285 -0.384128
v -0.060856 -0.625620 -0.379257
v -0.453923 -0.596762 -0.367612
v 0.505229 -0.546923 -0.384021
v 0.629472 -0.435673 -0.380021
v 0.586148 -0.402662 -0.329664
v -0.552823 -0.439496 -0.317406
v 0.658527 -0.389986 -0.384164
v 0.672747 -0.364936 -0.387302
v 0.711726 -0.299795 -0.384416
v 0.722763 -0.287715 -0.376854
v -0.706171 -0.154977 -0.346247
v 0.742570 -0.055462 -0.361140
v 0.148398 -0.825440 -0.380058
v 0.172247 -0.805269 -0.375827
v -0.133509 -0.793380 -0.378982
v 0.086696 -0.750622 -0.378826
v -0.047963 -0.741159 -0.381972
v 0.107098 -0.727751 -0.374979
v -0.462479 -0.592876 -0.375928
v -0.547754 -0.529174 -0.359538
v -0.573066 -0.505570 -0.371821
v 0.636350 -0.427385 -0.371814
v -0.651812 -0.282917 -0.355242
v -0.744037 -0.263995 -0.344204
v -0.788953 -0.099756 -0.367935
v -0.729175 -0.068601 -0.358412
v -0.182330 -0.809466 -0.371624
v 0.139341 -0.780429 -0.372006
v -0.116960 -0.754781 -0.368436
v -0.084371 -0.736966 -0.376850
v -0.191009 -0.719546 -0.346568
v -0.359155 -0.668918 -0.355511
v 0.435442 -0.624570 -0.343485
v 0.484126 -0.581659 -0.364107
v -0.238499 -0.610211 -0.346136
v 0.343159 -0.571982 -0.350302
v -0.506817 -0.571072 -0.346799
v -0.539354 -0.541464 -0.359921
v 0.557553 -0.520872 -0.363884
v -0.593254 -0.484338 -0.368490
v -0.601010 -0.478055 -0.372168
v 0.594902 -0.476161 -0.376043
v -0.660966 -0.410735 -0.363504
v 0.670504 -0.403050 -0.343365
v 0.677825 -0.365821 -0.377158
v 0.691044 -0.340652 -0.372040
v 0.709181 -0.314780 -0.372560
v -0.705625 -0.316290 -0.375394
v 0.680766 -0.249659 -0.329592
v -0.782369 -0.193261 -0.322755
v -0.784865 -0.143623 -0.347829
v 0.791163 -0.119738 -0.359395
v 0.743923 -0.068206 -0.321539
v 0.127084 -0.759283 -0.370042
v -0.493972 -0.579207 -0.347374
v 0.500730 -0.568512 -0.355526
v -0.544142 -0.542568 -0.343372
v -0.670179 -0.385761 -0.367370
v 0.739993 -0.255159 -0.363669
v -0.753299 -0.051705 -0.328218
v -0.155257 -0.827205 -0.353132
v 0.200764 -0.814898 -0.361925
v -0.146435 -0.732132 -0.358197
v 0.143773 -0.727715 -0.362750
v 0.205241 -0.715398 -0.342481
v 0.540986 -0.541374 -0.351601
v 0.594997 -0.480535 -0.363591
v 0.608902 -0.471944 -0.359666
v 0.625356 -0.362446 -0.312969
v 0.717440 -0.299489 -0.367249
v -0.764628 -0.205437 -0.352084
v -0.710663 -0.146596 -0.346269
v -0.023808 -0.821705 -0.366493
v -0.178143 -0.788841 -0.353878
v -0.482565 -0.598067 -0.343622
v 0.252895 -0.618517 -0.313095
v -0.312763 -0.594228 -0.321489
v 0.629777 -0.447381 -0.364100
v -0.685130 -0.365513 -0.359161
v -0.715667 -0.316779 -0.366552
v 0.705051 -0.345511 -0.351443
v 0.738199 -0.272107 -0.362169
v -0.753428 -0.242496 -0.347678
v -0.712539 -0.179569 -0.313195
v 0.804050 -0.059627 -0.334770
v 0.801300 -0.045685 -0.318534
v -0.090115 -0.821173 -0.356243
v 0.075536 -0.820533 -0.359141
v 0.225352 -0.805432 -0.345774
v 0.151669 -0.754721 -0.359019
v -0.243874 -0.724987 -0.305317
v 0.471566 -0.597650 -0.338916
v 0.466328 -0.611904 -0.334580
v 0.579683 -0.501858 -0.351303
v 0.575143 -0.505006 -0.347045
v -0.633616 -0.456265 -0.338039
v -0.507344 -0.454545 -0.379284
v 0.650052 -0.431290 -0.351349
v 0.673025 -0.410473 -0.323241
v 0.639636 -0.318547 -0.334068
v -0.726531 -0.304830 -0.359240
v 0.734398 -0.283773 -0.359699
v -0.803401 -0.136182 -0.294119
v -0.211531 -0.824380 -0.350588
v -0.243178 -0.815577 -0.337164
v 0.030204 -0.809891 -0.354774
v -0.161757 -0.754693 -0.349912
v 0.288027 -0.700152 -0.331204
v 0.414771 -0.644348 -0.338753
v -0.036042 -0.663048 -0.293098
v -0.465670 -0.602634 -0.347129
v -0.453264 -0.540412 -0.276146
v -0.706029 -0.340934 -0.348105
v 0.644709 -0.334889 -0.325724
v 0.723578 -0.312326 -0.351678
v -0.718938 -0.166805 -0.313237
v -0.056617 -0.807421 -0.354293
v -0.231541 -0.793353 -0.323665
v 0.180348 -0.727644 -0.345276
v 0.537283 -0.553420 -0.322743
v -0.383001 -0.575841 -0.288446
v -0.609354 -0.474303 -0.348046
v 0.611390 -0.471686 -0.343040
v -0.663000 -0.415081 -0.342842
v -0.696395 -0.361215 -0.351222
v 0.634787 -0.340431 -0.342103
v -0.735917 -0.288833 -0.343304
v 0.751601 -0.251072 -0.351253
v 0.778942 -0.193594 -0.330952
v 0.773914 -0.202373 -0.343001
v -0.838337 -0.094795 -0.224410
v -0.745152 -0.084914 -0.304893
v 0.787457 -0.028867 -0.269883
v -0.082195 -0.808586 -0.350985
v -0.256072 -0.805942 -0.322248
v 0.197331 -0.771610 -0.337800
v -0.330711 -0.690972 -0.331118
v 0.496207 -0.575616 -0.343773
v 0.562179 -0.522454 -0.338611
v 0.665275 -0.415659 -0.342897
v -0.679614 -0.253849 -0.325553
v -0.745117 -0.060625 -0.329453
v 0.755079 -0.049718 -0.332459
v -0.127113 -0.823935 -0.346369
v 0.239120 -0.825181 -0.330661
v 0.153805 -0.822392 -0.337833
v 0.091806 -0.808517 -0.337223
v 0.249910 -0.815036 -0.329643
v 0.228848 -0.784999 -0.325214
v -0.235208 -0.758929 -0.306126
v -0.231018 -0.741485 -0.307706
v 0.648576 -0.435015 -0.343392
v 0.555052 -0.455917 -0.305026
v -0.687456 -0.390309 -0.322554
v -0.759255 -0.242807 -0.322474
v 0.739966 -0.088888 -0.313083
v -0.098678 -0.810397 -0.346684
v -0.498206 -0.588106 -0.334626
v -0.576263 -0.512977 -0.338950
v 0.566727 -0.529260 -0.330251
v 0.595758 -0.501465 -0.336090
v 0.598378 -0.493325 -0.327367
v -0.618177 -0.471720 -0.340532
v 0.632097 -0.462239 -0.338563
v 0.689275 -0.391886 -0.326620
v 0.731918 -0.287306 -0.344496
v 0.742211 -0.270853 -0.335430
v -0.704007 -0.204049 -0.313130
v 0.796940 -0.131853 -0.334937
v -0.248826 -0.827475 -0.322792
v -0.119147 -0.809228 -0.338236
v 0.390169 -0.665760 -0.326751
v -0.539374 -0.557966 -0.322417
v 0.554236 -0.547682 -0.314252
v 0.588793 -0.513097 -0.331489
v 0.607624 -0.480903 -0.334144
v 0.616028 -0.490306 -0.322120
v 0.652345 -0.440029 -0.334286
v 0.656469 -0.427413 -0.335013
v -0.664024 -0.311504 -0.283746
v 0.763979 -0.230234 -0.331503
v 0.764630 -0.242658 -0.326976
v -0.726070 -0.121548 -0.325744
v -0.258849 -0.818742 -0.324652
v -0.584998 -0.518091 -0.330304
v -0.644401 -0.459837 -0.327355
v -0.650399 -0.447772 -0.334474
v 0.601850 -0.402695 -0.296544
v -0.676586 -0.411153 -0.330783
v 0.703825 -0.353771 -0.328167
v -0.745163 -0.304386 -0.303071
v 0.660197 -0.310921 -0.288298
v -0.745361 -0.288921 -0.318728
v 0.742898 -0.288129 -0.326330
v 0.795080 -0.144565 -0.322706
v 0.721967 -0.125554 -0.333852
v -0.745655 -0.072278 -0.321435
v 0.808773 -0.072136 -0.322715
v 0.753768 -0.053036 -0.316519
v -0.280823 -0.812825 -0.305075
v -0.146926 -0.808810 -0.320794
v 0.279280 -0.715616 -0.285582
v -0.106463 -0.679152 -0.243305
v -0.473846 -0.625681 -0.294031
v 0.480410 -0.617798 -0.298481
v 0.623970 -0.480288 -0.315786
v 0.664835 -0.431991 -0.322258
v 0.691296 -0.390316 -0.315487
v 0.724437 -0.316087 -0.322891
v 0.804200 -0.172700 -0.294168
v 0.817952 -0.107406 -0.298322
v -0.820529 -0.087315 -0.281691
v -0.131449 -0.810358 -0.334673
v 0.261783 -0.808573 -0.319501
v 0.237198 -0.762927 -0.307953
v 0.229756 -0.728001 -0.313379
v 0.438909 -0.643442 -0.310253
v 0.112779 -0.665319 -0.267946
v 0.591426 -0.504950 -0.319893
v 0.660972 -0.439200 -0.302384
v -0.668723 -0.427097 -0.327497
v 0.667039 -0.419225 -0.322618
v -0.707095 -0.366111 -0.310536
v -0.654828 -0.330405 -0.292837
v 0.688424 -0.270201 -0.284110
v 0.693726 -0.224873 -0.321368
v -0.724989 -0.155032 -0.300742
v -0.838651 -0.031599 -0.233172
v -0.197239 -0.825812 -0.312904
v 0.233005 -0.818229 -0.280421
v 0.290807 -0.815121 -0.293090
v -0.151940 -0.812573 -0.326701
v -0.404187 -0.664514 -0.310515
v 0.467791 -0.623517 -0.298250
v -0.217785 -0.637131 -0.292491
v 0.517686 -0.603961 -0.257113
v -0.551748 -0.555066 -0.314146
v -0.612428 -0.491608 -0.319774
v -0.641086 -0.463520 -0.315310
v 0.756060 -0.287862 -0.289040
v 0.718787 -0.183799 -0.296557
v 0.820846 -0.079445 -0.298482
v -0.294526 -0.830981 -0.270235
v -0.193773 -0.822333 -0.309069
v 0.426900 -0.666756 -0.273742
v 0.531381 -0.574258 -0.294130
v 0.578342 -0.525095 -0.310824
v 0.616011 -0.501441 -0.298566
v -0.673914 -0.418235 -0.314883
v 0.666458 -0.341560 -0.259372
v -0.685942 -0.282500 -0.280129
v -0.774352 -0.234469 -0.306195
v 0.771826 -0.246578 -0.302947
v -0.730618 -0.133521 -0.304610
v -0.743445 -0.117179 -0.288447
v 0.284042 -0.826611 -0.286302
v 0.211880 -0.809931 -0.284419
v -0.180360 -0.808871 -0.304100
v 0.199250 -0.642516 -0.284244
v -0.535475 -0.566955 -0.306968
v -0.573944 -0.533289 -0.310789
v 0.484389 -0.529104 -0.255366
v 0.655861 -0.456315 -0.297895
v 0.676850 -0.415692 -0.305787
v -0.695912 -0.390467 -0.313462
v 0.728435 -0.333947 -0.297425
v 0.795469 -0.184865 -0.296905
v 0.831944 -0.039587 -0.256660
v -0.193269 -0.810483 -0.301508
v -0.347140 -0.702627 -0.269840
v 0.386263 -0.684019 -0.281880
v -0.559923 -0.552248 -0.298497
v 0.430654 -0.558986 -0.271889
v 0.600773 -0.508970 -0.305813
v -0.609646 -0.516907 -0.285859
v 0.648636 -0.472448 -0.276638
v 0.620781 -0.484104 -0.298239
v -0.565129 -0.455764 -0.279662
v -0.658482 -0.452314 -0.305750
v -0.647224 -0.340348 -0.308488
v -0.715423 -0.366452 -0.297863
v 0.745479 -0.312678 -0.296024
v -0.815119 -0.141117 -0.265157
v 0.766461 -0.048005 -0.280066
v -0.266563 -0.830194 -0.279087
v -0.309539 -0.827363 -0.264980
v -0.284489 -0.797544 -0.282074
v 0.278117 -0.771515 -0.274405
v 0.352051 -0.591023 -0.292440
v 0.562151 -0.550367 -0.301985
v -0.601455 -0.512589 -0.297475
v 0.691149 -0.398771 -0.301935
v -0.697126 -0.402655 -0.290220
v 0.697458 -0.387833 -0.306037
v 0.718847 -0.357534 -0.298286
v 0.739842 -0.320086 -0.298714
v -0.758389 -0.271282 -0.294131
v 0.700983 -0.254018 -0.267695
v 0.788927 -0.205619 -0.298290
v -0.741394 -0.142047 -0.276025
v -0.815879 -0.033504 -0.269883
v -0.039678 -0.981631 -0.300594
v 0.004873 -0.984933 -0.301860
v -0.060042 -0.995274 -0.297869
v 0.000884 -0.995631 -0.301319
v 0.013144 -0.976533 -0.297006
v 0.302957 -0.790027 -0.260399
v 0.281538 -0.728144 -0.268115
v -0.383898 -0.688933 -0.265649
v 0.029997 -0.684343 -0.251715
v 0.549097 -0.565628 -0.298692
v 0.596158 -0.518097 -0.285180
v 0.608302 -0.511585 -0.290604
v 0.730433 -0.328968 -0.293977
v 0.770170 -0.060331 -0.263257
v 0.825484 -0.055680 -0.277461
v 0.005080 -1.001673 -0.297417
v -0.068234 -0.977708 -0.293547
v 0.094736 -0.981572 -0.285466
v 0.294726 -0.805460 -0.285983
v -0.533024 -0.607747 -0.228208
v -0.604010 -0.525316 -0.265980
v -0.649630 -0.480523 -0.277849
v -0.696730 -0.266080 -0.263683
v 0.820323 -0.141345 -0.266350
v -0.096420 -0.995692 -0.289722
v -0.084882 -1.002160 -0.289507
v 0.058381 -1.002366 -0.289229
v 0.094850 -0.998985 -0.284030
v -0.104564 -0.981792 -0.286113
v -0.080774 -0.973972 -0.285600
v -0.214055 -0.811200 -0.284599
v -0.217095 -0.808420 -0.275368
v -0.271708 -0.754478 -0.273525
v -0.286713 -0.731890 -0.260103
v -0.573284 -0.550375 -0.289752
v 0.586237 -0.533758 -0.289211
v 0.607426 -0.526994 -0.262601
v -0.625418 -0.501019 -0.273835
v 0.678912 -0.430629 -0.285616
v 0.689135 -0.415027 -0.290189
v -0.737650 -0.324604 -0.290752
v -0.772922 -0.246886 -0.289834
v -0.097381 -1.003687 -0.282200
v -0.132777 -0.995467 -0.273914
v 0.082776 -0.976220 -0.284773
v -0.320095 -0.813056 -0.260259
v -0.309392 -0.719324 -0.248715
v 0.467503 -0.641575 -0.265362
v 0.542275 -0.568671 -0.286741
v -0.575924 -0.553009 -0.270196
v -0.584268 -0.547288 -0.274514
v 0.607548 -0.513404 -0.277180
v 0.623123 -0.500570 -0.276692
v -0.658134 -0.460354 -0.281800
v 0.667018 -0.447641 -0.277469
v 0.727592 -0.345166 -0.281698
v 0.746241 -0.307531 -0.285885
v 0.778092 -0.238663 -0.285811
v 0.816033 -0.132683 -0.273319
v 0.821541 -0.111412 -0.281599
v 0.832924 -0.059816 -0.265091
v 0.156027 -1.002414 -0.256003
v -0.226662 -0.811335 -0.276684
v 0.533470 -0.581301 -0.273362
v 0.632797 -0.484812 -0.276535
v -0.682413 -0.431229 -0.278101
v 0.685608 -0.427644 -0.261706
v 0.695278 -0.403243 -0.277789
v -0.725336 -0.370324 -0.273179
v 0.697401 -0.390383 -0.291024
v -0.745713 -0.320794 -0.281619
v 0.744771 -0.320014 -0.273487
v -0.773920 -0.263213 -0.274482
v 0.761212 -0.291943 -0.281220
v -0.781828 -0.226503 -0.277825
v -0.782344 -0.032159 -0.253818
v 0.139372 -0.995894 -0.268460
v 0.192723 -0.671249 -0.197830
v -0.263227 -0.633871 -0.263620
v 0.659986 -0.463657 -0.273444
v -0.719659 -0.383962 -0.266241
v -0.729123 -0.353751 -0.270217
v 0.733554 -0.333478 -0.277467
v -0.782987 -0.235255 -0.273165
v 0.794003 -0.218588 -0.261122
v 0.730731 -0.195860 -0.247031
v 0.826901 -0.156145 -0.228886
v 0.734092 -0.179626 -0.255209
v -0.823418 -0.120093 -0.240509
v -0.157936 -1.001867 -0.252059
v -0.141569 -0.978335 -0.264388
v 0.147984 -0.977087 -0.260155
v -0.268042 -0.823898 -0.247615
v 0.302861 -0.822094 -0.201648
v 0.319227 -0.822153 -0.256791
v 0.326718 -0.815258 -0.251489
v -0.552071 -0.567305 -0.277166
v 0.570527 -0.546804 -0.278453
v 0.606920 -0.525737 -0.269397
v -0.653709 -0.474271 -0.270108
v -0.577641 -0.446527 -0.259348
v -0.674144 -0.447794 -0.249226
v 0.698919 -0.406413 -0.268959
v 0.779017 -0.254744 -0.273794
v -0.743792 -0.171434 -0.238759
v -0.779643 -0.035833 -0.246436
v 0.830823 -0.007059 -0.199145
v 0.336347 -0.717247 -0.215948
v -0.510595 -0.634771 -0.195747
v 0.652399 -0.480425 -0.265629
v 0.709670 -0.394063 -0.268781
v -0.730618 -0.249172 -0.182049
v -0.734884 -0.204321 -0.222697
v -0.201983 -0.988643 -0.224686
v -0.027626 -0.961612 -0.249213
v -0.345919 -0.825705 -0.219280
v 0.491502 -0.627233 -0.244840
v 0.281851 -0.639144 -0.222278
v 0.591205 -0.535628 -0.261724
v 0.624580 -0.505188 -0.264792
v -0.634395 -0.500456 -0.265352
v 0.680011 -0.442885 -0.261882
v 0.722193 -0.382112 -0.257239
v -0.731921 -0.362485 -0.253062
v 0.729397 -0.361913 -0.257412
v 0.678724 -0.348858 -0.206632
v 0.811620 -0.189394 -0.248783
v -0.827155 -0.160593 -0.220261
v -0.767555 -0.076345 -0.247203
v 0.148494 -0.968560 -0.232626
v 0.270081 -0.810293 -0.222681
v -0.073262 -0.680255 -0.251598
v 0.360395 -0.609488 -0.222107
v 0.548546 -0.587125 -0.249139
v 0.562273 -0.566011 -0.261215
v 0.586090 -0.544964 -0.257610
v 0.612701 -0.427393 -0.210244
v 0.748171 -0.332948 -0.244702
v -0.751660 -0.320407 -0.253169
v -0.776908 -0.254741 -0.261230
v 0.763793 -0.283754 -0.266614
v -0.786007 -0.255327 -0.240872
v -0.766764 -0.101242 -0.234897
v 0.836044 -0.051138 -0.247938
v 0.171402 -0.995586 -0.251097
v 0.167653 -0.985369 -0.253419
v 0.042123 -0.956257 -0.220643
v -0.117721 -0.960591 -0.212456
v -0.328626 -0.830221 -0.184623
v 0.314248 -0.826221 -0.209352
v -0.241857 -0.808966 -0.254858
v 0.294628 -0.809610 -0.185189
v 0.332758 -0.805103 -0.239879
v -0.358183 -0.608658 -0.230552
v -0.539658 -0.592392 -0.240480
v 0.538865 -0.595697 -0.240652
v 0.599134 -0.527128 -0.250232
v -0.612967 -0.516797 -0.261194
v -0.741397 -0.345554 -0.240421
v 0.756328 -0.320315 -0.249438
v 0.758738 -0.313040 -0.241546
v -0.793940 -0.242635 -0.224474
v 0.729408 -0.232952 -0.201660
v 0.797237 -0.223264 -0.253133
v -0.808119 -0.180751 -0.252990
v 0.831210 -0.115028 -0.249062
v 0.785510 -0.028058 -0.242097
v 0.838745 -0.028100 -0.231984
v 0.845995 -0.007975 -0.187413
v -0.556493 -0.579491 -0.256656
v -0.596741 -0.543464 -0.249865
v 0.555338 -0.574672 -0.245282
v -0.660454 -0.472225 -0.249225
v 0.587678 -0.460166 -0.225683
v -0.698577 -0.431176 -0.224121
v 0.717085 -0.389362 -0.245268
v 0.792200 -0.242420 -0.245576
v 0.781612 -0.043638 -0.238752
v -0.802875 -0.006860 -0.183729
v 0.172363 -0.976938 -0.244117
v 0.351771 -0.821999 -0.211237
v -0.180847 -0.678790 -0.193590
v -0.482235 -0.539088 -0.230654
v 0.434729 -0.572295 -0.222174
v 0.598787 -0.533713 -0.236237
v 0.649830 -0.488319 -0.240675
v 0.672895 -0.456184 -0.240672
v 0.736526 -0.356831 -0.244809
v -0.770862 -0.291970 -0.244659
v 0.783707 -0.271528 -0.232773
v 0.788293 -0.259394 -0.224486
v 0.836369 -0.119774 -0.220150
v 0.757302 -0.145319 -0.209910
v -0.845125 -0.046729 -0.224206
v 0.850356 -0.066866 -0.216357
v 0.349673 -0.827105 -0.200190
v -0.264026 -0.811539 -0.239237
v -0.179820 -0.810076 -0.196626
v -0.333001 -0.792788 -0.215278
v 0.323196 -0.784712 -0.229600
v 0.313766 -0.745886 -0.227167
v -0.465706 -0.660327 -0.204147
v -0.559104 -0.586850 -0.233066
v -0.634343 -0.512664 -0.237084
v -0.704797 -0.419400 -0.216551
v -0.695507 -0.326825 -0.168724
v -0.717603 -0.287263 -0.181021
v 0.221942 -0.985477 -0.210331
v -0.195582 -0.964014 -0.167085
v -0.353574 -0.813069 -0.210644
v -0.081454 -0.687922 -0.225104
v 0.533550 -0.600928 -0.224548
v 0.553034 -0.583580 -0.228346
v 0.636160 -0.500195 -0.236829
v -0.595996 -0.460701 -0.205819
v 0.681151 -0.455233 -0.232513
v -0.614380 -0.439183 -0.181247
v 0.647540 -0.398476 -0.176872
v 0.775672 -0.295931 -0.228752
v 0.803795 -0.226117 -0.232175
v -0.802989 -0.222927 -0.220615
v -0.818468 -0.172814 -0.232620
v 0.779174 -0.056036 -0.221994
v 0.800069 -0.013883 -0.220480
v -0.325734 -0.745917 -0.202742
v -0.312888 -0.736081 -0.223326
v 0.141668 -0.686832 -0.197651
v 0.467790 -0.658448 -0.208210
v 0.607384 -0.520058 -0.241707
v -0.676094 -0.459833 -0.232653
v 0.693755 -0.448559 -0.211859
v 0.720429 -0.415195 -0.199656
v 0.760677 -0.320369 -0.228234
v -0.822502 -0.193765 -0.204185
v 0.206394 -1.002222 -0.219731
v -0.201097 -0.979151 -0.219491
v -0.348169 -0.832091 -0.192327
v 0.360935 -0.812063 -0.198885
v -0.276059 -0.811248 -0.222426
v -0.544161 -0.597297 -0.224233
v 0.570311 -0.570769 -0.224460
v -0.565291 -0.574978 -0.233609
v 0.667008 -0.476207 -0.225824
v -0.652897 -0.488900 -0.220182
v 0.727546 -0.385868 -0.207999
v 0.682236 -0.319056 -0.205835
v -0.763316 -0.320976 -0.211902
v 0.820438 -0.198136 -0.207833
v 0.849323 -0.099156 -0.196214
v -0.781149 -0.059720 -0.209784
v 0.136323 -0.959449 -0.196052
v 0.337842 -0.727693 -0.194932
v 0.058942 -0.692069 -0.222107
v 0.524198 -0.627211 -0.162911
v 0.546301 -0.596387 -0.224822
v -0.583972 -0.564187 -0.220376
v -0.449059 -0.569036 -0.205777
v -0.620770 -0.524354 -0.225160
v 0.635710 -0.508955 -0.228325
v -0.595656 -0.454718 -0.218620
v 0.702031 -0.428230 -0.208265
v 0.724652 -0.399210 -0.208138
v -0.743300 -0.357258 -0.228746
v -0.804725 -0.234917 -0.212280
v 0.847879 -0.132083 -0.175331
v -0.837427 -0.107364 -0.203896
v -0.312514 -0.825466 -0.189587
v -0.334918 -0.736068 -0.190742
v 0.418851 -0.687854 -0.204280
v 0.005122 -0.692934 -0.221974
v -0.316886 -0.636358 -0.189165
v -0.607681 -0.532974 -0.233902
v 0.578764 -0.568361 -0.203313
v -0.653607 -0.500622 -0.208427
v -0.695124 -0.438470 -0.200145
v -0.733818 -0.377737 -0.211902
v 0.751640 -0.362185 -0.200264
v 0.753490 -0.332544 -0.220236
v -0.785908 -0.267187 -0.211975
v 0.849985 -0.042658 -0.199770
v 0.846114 -0.030768 -0.219939
v -0.212119 -1.002124 -0.207190
v -0.359367 -0.830450 -0.187589
v 0.600983 -0.550017 -0.209127
v -0.633703 -0.512440 -0.208484
v 0.521071 -0.530433 -0.168613
v -0.791335 -0.020421 -0.213021
v 0.296726 -1.003333 0.025349
v 0.385214 -0.609463 -0.168429
v -0.588102 -0.562836 -0.195750
v 0.648100 -0.492925 -0.217148
v 0.675458 -0.361752 -0.164402
v 0.769258 -0.312546 -0.199435
v 0.785805 -0.291395 -0.195820
v -0.719976 -0.265798 -0.193565
v 0.812049 -0.218529 -0.216382
v -0.841062 -0.116763 -0.195423
v 0.224602 -0.996234 -0.208363
v -0.217695 -0.982444 -0.206770
v 0.242353 -0.976226 -0.175113
v -0.579679 -0.578787 -0.196134
v 0.625863 -0.517065 -0.208663
v 0.639798 -0.508973 -0.203669
v 0.679507 -0.459331 -0.212048
v -0.701246 -0.434529 -0.204727
v -0.760777 -0.336932 -0.199858
v -0.739943 -0.224787 -0.181073
v 0.774411 -0.101277 -0.193369
v -0.238094 -0.992259 -0.185474
v 0.350874 -0.758696 -0.166260
v 0.369153 -0.715087 -0.158823
v 0.549614 -0.605912 -0.171045
v -0.482220 -0.551122 -0.193433
v -0.693433 -0.339635 -0.177507
v 0.761536 -0.336601 -0.204128
v 0.799111 -0.250215 -0.208308
v 0.802446 -0.239090 -0.199883
v 0.820929 -0.210135 -0.204039
v -0.789426 -0.097052 -0.139638
v 0.852866 -0.017697 -0.187354
v 0.812883 0.003386 -0.174354
v 0.282454 -1.002197 -0.097375
v 0.050414 -0.953227 -0.192284
v -0.376332 -0.822585 -0.170459
v 0.042222 -0.810048 -0.139081
v -0.358047 -0.713855 -0.183276
v -0.387265 -0.713844 -0.109359
v -0.550602 -0.610554 -0.179383
v 0.546126 -0.595477 -0.208903
v -0.461439 -0.572265 -0.164465
v 0.558584 -0.589844 -0.200786
v -0.601217 -0.558270 -0.184318
v 0.617153 -0.451484 -0.152278
v 0.707568 -0.447023 -0.171925
v -0.711200 -0.421087 -0.195528
v 0.752592 -0.349355 -0.195487
v -0.799641 -0.246414 -0.204368
v 0.846759 -0.140516 -0.162904
v -0.767443 -0.146419 -0.168537
v 0.794274 -0.019070 -0.198594
v 0.244608 -0.982165 -0.181763
v -0.293120 -0.812732 -0.202060
v 0.071127 -0.696260 -0.184615
v -0.155671 -0.691908 -0.151927
v 0.323183 -0.635020 -0.176709
v -0.395297 -0.610986 -0.143639
v -0.744125 -0.369419 -0.195263
v 0.819260 -0.217745 -0.183251
v 0.844361 -0.111516 -0.195057
v -0.854594 -0.070604 -0.179466
v 0.241405 -1.002202 -0.182871
v 0.240426 -0.995829 -0.190270
v -0.243725 -0.977866 -0.166511
v 0.355481 -0.780468 -0.170394
v -0.453548 -0.676639 -0.150896
v -0.230369 -0.681340 -0.119169
v -0.580535 -0.589000 -0.150651
v 0.595509 -0.554072 -0.195832
v 0.697648 -0.452358 -0.187228
v 0.713768 -0.427158 -0.179055
v 0.742480 -0.390523 -0.179508
v 0.688931 -0.343939 -0.168535
v 0.768153 -0.328703 -0.191399
v -0.794162 -0.267339 -0.196429
v 0.728379 -0.258296 -0.157312
v 0.763393 -0.187666 -0.114895
v 0.796053 -0.063465 -0.119023
v 0.856043 -0.059015 -0.191616
v -0.854781 -0.010569 -0.174891
v -0.299983 -0.810321 -0.184875
v 0.372098 -0.798002 -0.162531
v -0.102019 -0.694532 -0.176558
v 0.578531 -0.581080 -0.179859
v -0.615375 -0.537592 -0.187966
v 0.652820 -0.502650 -0.179378
v -0.669763 -0.484632 -0.166357
v 0.660626 -0.492457 -0.185966
v -0.700995 -0.443134 -0.182986
v 0.628897 -0.430754 -0.143945
v -0.725377 -0.402394 -0.196034
v -0.758275 -0.353343 -0.190763
v -0.770671 -0.321299 -0.187432
v -0.795309 -0.259315 -0.192440
v 0.804390 -0.242968 -0.182875
v -0.826633 -0.193444 -0.178916
v 0.827929 -0.201922 -0.175332
v -0.841356 0.002742 -0.174074
v -0.267819 -0.985803 -0.142106
v -0.039944 -0.955228 -0.176018
v -0.376099 -0.813462 -0.170612
v 0.199796 -0.683121 -0.152298
v 0.228539 -0.668679 -0.164606
v -0.633709 -0.526841 -0.183499
v 0.645733 -0.513644 -0.183903
v 0.669276 -0.479683 -0.186603
v 0.600471 -0.461140 -0.185068
v -0.613403 -0.456348 -0.160505
v -0.717628 -0.431871 -0.158524
v 0.730063 -0.393519 -0.190921
v 0.750698 -0.362373 -0.187460
v -0.775294 -0.329026 -0.179240
v -0.766953 -0.167056 -0.139733
v -0.825804 0.000588 -0.178431
v -0.260490 -1.002268 -0.145901
v -0.142855 -0.955165 -0.114264
v -0.356579 -0.736053 -0.149932
v 0.541637 -0.618465 -0.134397
v -0.580901 -0.578395 -0.180275
v 0.681514 -0.476193 -0.182392
v -0.746444 -0.377682 -0.179486
v 0.758879 -0.365144 -0.174413
v 0.698803 -0.311527 -0.147929
v -0.776591 -0.308831 -0.178650
v 0.784630 -0.300615 -0.170893
v 0.795146 -0.267128 -0.187786
v 0.747084 -0.229188 -0.127352
v 0.764119 -0.162748 -0.156214
v -0.845275 -0.143908 -0.167350
v -0.804996 0.000889 -0.151035
v -0.373842 -0.802359 -0.150269
v -0.363883 -0.779941 -0.146019
v -0.353158 -0.752561 -0.153906
v 0.603041 -0.562849 -0.168161
v 0.627819 -0.533081 -0.175642
v -0.647894 -0.509082 -0.179611
v 0.768656 -0.341627 -0.174996
v 0.697538 -0.326893 -0.127362
v 0.782991 -0.320326 -0.162627
v 0.720006 -0.283151 -0.131450
v 0.810301 -0.242527 -0.171113
v -0.847221 -0.099526 -0.171100
v 0.271297 -0.985090 -0.137337
v 0.377693 -0.825354 -0.154717
v 0.323040 -0.808805 -0.127263
v 0.567511 -0.586533 -0.179876
v -0.593913 -0.574339 -0.163319
v 0.648103 -0.507002 -0.171818
v 0.735069 -0.411068 -0.155368
v -0.767053 -0.340902 -0.171574
v 0.790168 -0.088564 -0.130949
v 0.800254 -0.018959 -0.155721
v -0.811338 0.006299 -0.158345
v 0.066860 -1.003940 -0.085589
v 0.201878 -0.960909 -0.138566
v -0.319503 -0.813508 -0.160824
v 0.344147 -0.822762 -0.119037
v -0.085382 -0.701075 -0.106338
v -0.527128 -0.634384 -0.146714
v -0.556839 -0.615388 -0.126300
v 0.586914 -0.572061 -0.163335
v 0.673830 -0.492801 -0.159884
v 0.725880 -0.424127 -0.159069
v 0.744973 -0.381940 -0.171591
v -0.748186 -0.372970 -0.171656
v 0.797958 -0.274875 -0.171262
v -0.792257 -0.039065 -0.160011
v -0.375131 -0.829304 -0.159301
v -0.337956 -0.811817 -0.111051
v -0.068815 -0.810428 -0.114389
v 0.386546 -0.812101 -0.145824
v -0.601436 -0.558751 -0.167666
v -0.610102 -0.554226 -0.150423
v 0.657861 -0.509466 -0.157934
v -0.668055 -0.496740 -0.154731
v 0.809774 -0.250994 -0.147547
v -0.833697 -0.185364 -0.159023
v -0.843580 -0.148317 -0.151086
v 0.850980 -0.099577 -0.167152
v 0.797870 -0.027020 -0.135084
v 0.860353 -0.038690 -0.159089
v 0.846205 0.012617 -0.150511
v 0.279872 -0.995686 -0.117148
v -0.388370 -0.832144 -0.105707
v -0.338242 -0.826811 -0.139817
v 0.492456 -0.661599 -0.077010
v 0.438829 -0.586241 -0.139551
v -0.580569 -0.581300 -0.162617
v -0.495811 -0.559787 -0.102416
v -0.766591 -0.362076 -0.126153
v -0.701562 -0.339964 -0.139812
v -0.797689 -0.284407 -0.142798
v -0.757593 -0.215874 -0.102546
v -0.838628 -0.177284 -0.150520
v 0.861103 -0.070652 -0.150842
v 0.807161 0.005562 -0.142901
v 0.177638 -0.952493 -0.085463
v 0.374481 -0.727452 -0.109285
v 0.182722 -0.692775 -0.127268
v -0.598342 -0.570768 -0.150537
v 0.611113 -0.553659 -0.149617
v -0.654810 -0.507152 -0.150244
v 0.648980 -0.515466 -0.149721
v -0.675810 -0.484318 -0.158132
v 0.689087 -0.470154 -0.159325
v -0.696162 -0.463886 -0.158424
v 0.705687 -0.448376 -0.158236
v 0.718610 -0.431399 -0.150812
v -0.730429 -0.414934 -0.142070
v 0.742498 -0.393620 -0.150527
v 0.751347 -0.385531 -0.155301
v 0.780928 -0.328269 -0.130200
v 0.775562 -0.345308 -0.125827
v -0.717732 -0.296511 -0.139564
v 0.793928 -0.291456 -0.146180
v -0.345835 -0.634244 -0.135416
v 0.525671 -0.537277 -0.114819
v 0.792893 -0.312667 -0.142329
v -0.796804 -0.292507 -0.142450
v 0.803800 -0.287510 -0.133850
v 0.830932 -0.201967 -0.155699
v -0.861949 -0.075625 -0.109614
v 0.858561 -0.082887 -0.134619
v -0.861896 -0.066336 -0.138647
v 0.864125 -0.010378 -0.134626
v -0.852277 0.024906 -0.133213
v -0.841451 0.024357 -0.141372
v 0.827602 0.029735 -0.128849
v 0.403046 -0.827580 -0.052581
v -0.391833 -0.819475 -0.129697
v 0.265717 -0.667440 -0.102626
v 0.562260 -0.607174 -0.122111
v 0.681114 -0.480157 -0.150594
v -0.682790 -0.484531 -0.142604
v 0.697842 -0.469238 -0.149654
v 0.722076 -0.436310 -0.141731
v -0.826322 -0.218261 -0.147734
v 0.838399 -0.185270 -0.134381
v -0.863479 -0.034469 -0.142670
v -0.859606 -0.001953 -0.146721
v -0.856355 0.021722 -0.129860
v 0.857280 0.046494 -0.076416
v -0.200062 -0.954027 -0.044343
v 0.392741 -0.789220 -0.072621
v 0.396914 -0.802358 -0.105294
v 0.599771 -0.574390 -0.141740
v 0.625580 -0.541943 -0.149445
v 0.726572 -0.419621 -0.137768
v -0.752260 -0.386398 -0.121301
v -0.680576 -0.377894 -0.102501
v 0.767777 -0.352944 -0.134093
v -0.790100 -0.303928 -0.134457
v -0.734753 -0.282758 -0.110866
v 0.828906 -0.210195 -0.138097
v 0.864460 -0.030148 -0.142637
v -0.273528 -0.995639 -0.133072
v -0.244692 -0.964543 -0.101600
v 0.380852 -0.758733 -0.080643
v -0.609760 -0.563069 -0.138589
v 0.631808 -0.546782 -0.137794
v 0.639653 -0.537743 -0.130148
v 0.663829 -0.508959 -0.143300
v 0.668151 -0.500290 -0.134226
v 0.743643 -0.402028 -0.125379
v 0.855167 -0.140366 -0.122070
v -0.798345 -0.014579 -0.126565
v -0.276331 -0.978697 -0.117385
v -0.097905 -0.957742 -0.073426
v 0.396961 -0.812042 -0.117264
v -0.400618 -0.813465 -0.097194
v 0.582894 -0.584028 -0.130367
v -0.664665 -0.505123 -0.131294
v -0.673928 -0.496494 -0.114087
v 0.625227 -0.454327 -0.102535
v 0.678668 -0.496310 -0.125742
v -0.677598 -0.488783 -0.105876
v 0.722760 -0.423607 -0.142523
v -0.757710 -0.386193 -0.109440
v 0.665860 -0.397503 -0.090072
v 0.758180 -0.382598 -0.135082
v -0.792223 -0.316631 -0.109704
v 0.797439 -0.299995 -0.125291
v 0.804862 -0.259633 -0.139719
v -0.820564 -0.230219 -0.134442
v -0.830597 -0.218516 -0.125921
v -0.861627 -0.099193 -0.093831
v -0.814963 0.047685 -0.091861
v 0.230516 -0.960465 -0.081173
v -0.159675 -0.696938 -0.098213
v -0.580300 -0.597282 -0.089059
v 0.612078 -0.562174 -0.130797
v -0.666566 -0.499978 -0.122215
v 0.728095 -0.432003 -0.133637
v 0.756599 -0.378357 -0.118574
v 0.699053 -0.348202 -0.106714
v 0.822196 -0.238232 -0.125579
v 0.805375 -0.258871 -0.129778
v -0.850928 -0.131848 -0.114257
v 0.813567 0.043821 -0.100308
v -0.290041 -0.995635 -0.100522
v 0.050705 -0.956656 -0.118858
v 0.602614 -0.574096 -0.134731
v 0.689552 -0.476730 -0.127161
v 0.731182 -0.415383 -0.121738
v -0.777003 -0.341271 -0.093014
v -0.800615 -0.275348 -0.134642
v -0.799452 -0.092401 -0.048742
v 0.005273 -0.957925 -0.127133
v 0.395128 -0.825217 -0.109601
v 0.335706 -0.643224 -0.081827
v 0.619419 -0.558053 -0.117514
v -0.633598 -0.541514 -0.115463
v 0.652652 -0.525876 -0.118325
v -0.637032 -0.439146 -0.065351
v 0.796894 -0.312724 -0.113884
v -0.799973 -0.287784 -0.101266
v -0.808159 -0.271439 -0.118649
v 0.744511 -0.254088 -0.061149
v 0.839435 -0.193941 -0.125995
v 0.845397 -0.165215 -0.122403
v -0.796893 -0.026240 -0.102149
v 0.807265 0.010459 -0.093586
v -0.379173 -0.750175 -0.072628
v 0.544222 -0.626873 -0.081187
v 0.595205 -0.576622 -0.113295
v 0.680376 -0.488955 -0.115056
v -0.724058 -0.435898 -0.117712
v 0.743030 -0.408882 -0.116818
v 0.771001 -0.361767 -0.110098
v 0.802146 -0.280387 -0.110390
v 0.814703 -0.258544 -0.116999
v -0.836217 -0.189852 -0.113920
v -0.849712 -0.152931 -0.101745
v 0.866289 -0.046891 -0.076663
v -0.284954 -1.002132 -0.101258
v 0.286442 -0.985076 -0.100939
v -0.366309 -0.830867 -0.040457
v 0.336199 -0.809367 -0.094399
v 0.389010 -0.713541 -0.105582
v -0.539571 -0.635384 -0.077026
v -0.444944 -0.591177 -0.085799
v -0.625472 -0.546124 -0.110159
v 0.637931 -0.537686 -0.110115
v -0.695387 -0.471891 -0.109676
v -0.632367 -0.451530 -0.065295
v -0.737297 -0.410870 -0.114100
v -0.814106 -0.251631 -0.118089
v 0.846141 -0.177311 -0.117721
v 0.858124 -0.135943 -0.101931
v 0.863029 -0.071372 -0.105481
v 0.816825 0.061965 -0.079514
v -0.298796 -0.985874 -0.076253
v 0.291135 -0.977000 -0.052462
v 0.198959 -0.696244 -0.048692
v 0.679685 -0.489181 -0.105740
v 0.713121 -0.450991 -0.093355
v -0.820217 -0.246862 -0.106040
v 0.866006 -0.107734 -0.068946
v -0.862708 -0.058569 -0.097898
v 0.863132 0.002121 -0.114059
v -0.405332 -0.822856 -0.080660
v -0.609373 -0.566387 -0.108458
v 0.672945 -0.509044 -0.109363
v -0.656753 -0.516900 -0.101469
v -0.568817 -0.499684 -0.089939
v -0.734717 -0.422555 -0.088584
v 0.788281 -0.328996 -0.101873
v 0.805533 -0.296998 -0.110816
v -0.755187 -0.232707 -0.077639
v 0.819295 -0.242609 -0.085247
v -0.838205 -0.202634 -0.109112
v 0.832381 -0.209138 -0.101676
v 0.868245 -0.071202 -0.081165
v -0.866465 -0.037822 -0.085883
v 0.799116 -0.059281 -0.085857
v -0.806125 0.062722 -0.063180
v 0.302640 -0.809558 0.182812
v -0.388471 -0.784262 -0.064423
v 0.236876 -0.687011 -0.061429
v 0.595913 -0.582881 -0.072077
v 0.603843 -0.577290 -0.104630
v 0.632393 -0.551070 -0.104863
v 0.673593 -0.509076 -0.098341
v 0.701246 -0.473355 -0.097431
v 0.731776 -0.418994 -0.105576
v 0.743418 -0.415448 -0.077856
v -0.748937 -0.394529 -0.102324
v -0.775832 -0.357788 -0.085234
v -0.791993 -0.316417 -0.093849
v 0.807954 -0.279262 -0.093700
v 0.778453 -0.154531 -0.077716
v -0.777771 -0.162581 -0.040484
v -0.784127 -0.142397 -0.040472
v 0.796217 -0.088625 -0.077633
v 0.801308 -0.010213 -0.085474
v -0.847862 0.060688 -0.075813
v 0.595601 -0.581833 -0.093946
v 0.639345 -0.538192 -0.100671
v -0.666754 -0.508916 -0.101565
v 0.683216 -0.497413 -0.089096
v 0.727152 -0.439494 -0.085392
v 0.637685 -0.435244 -0.077774
v -0.712641 -0.327210 -0.057051
v 0.724741 -0.295131 -0.036447
v -0.833503 -0.212882 -0.093652
v 0.846756 -0.164937 -0.093533
v -0.288710 -0.977394 -0.084800
v -0.346285 -0.811703 -0.077871
v 0.348384 -0.808911 -0.032423
v -0.384195 -0.735990 -0.060329
v 0.153491 -0.699054 -0.085801
v -0.474028 -0.682861 0.013436
v 0.623324 -0.561607 -0.090104
v 0.496569 -0.562036 -0.061115
v -0.637646 -0.541585 -0.084049
v -0.648862 -0.541747 -0.068563
v 0.656423 -0.519346 -0.094188
v 0.547548 -0.526628 -0.019829
v -0.691248 -0.480417 -0.063969
v -0.740559 -0.282671 -0.052795
v -0.763269 -0.196091 -0.094203
v 0.841598 -0.190336 -0.081713
v -0.861408 -0.095356 -0.060703
v 0.810247 0.072216 -0.059472
v 0.290335 -0.995610 -0.084767
v -0.531646 -0.642288 -0.019394
v -0.571364 -0.610676 -0.080689
v 0.644607 -0.546003 -0.081523
v 0.647770 -0.541831 -0.084705
v 0.686703 -0.488535 -0.092907
v 0.743584 -0.402998 -0.076795
v -0.711248 -0.339761 -0.073630
v 0.768614 -0.357250 -0.088809
v 0.787178 -0.328110 -0.094303
v 0.797791 -0.296712 -0.088717
v -0.807030 -0.287440 -0.085300
v -0.842967 -0.202226 -0.085158
v -0.146914 -1.003835 0.013078
v -0.011245 -1.004003 -0.032141
v 0.360776 -0.822536 -0.044718
v 0.223115 -0.809922 -0.003330
v 0.384731 -0.732746 -0.052245
v -0.246858 -0.683734 -0.052909
v 0.418214 -0.605778 -0.040498
v -0.603362 -0.578534 -0.093141
v -0.603252 -0.578822 -0.068677
v 0.652128 -0.526393 -0.087988
v -0.744473 -0.414497 -0.088410
v -0.747276 -0.411656 -0.081395
v 0.705639 -0.327069 -0.065391
v -0.841652 -0.186040 -0.085116
v 0.291524 -0.982055 -0.076829
v -0.402897 -0.829002 -0.072734
v 0.409323 -0.824765 -0.048159
v -0.406907 -0.813390 -0.068495
v 0.413048 -0.808495 -0.036030
v 0.664486 -0.510585 -0.080355
v -0.764664 -0.369461 -0.076766
v 0.704253 -0.347991 -0.065395
v 0.800346 -0.288310 -0.084645
v 0.833905 -0.221779 -0.080640
v -0.849349 -0.173423 -0.073284
v -0.864906 0.027213 -0.024085
v 0.834910 0.073147 -0.066678
v 0.849844 0.066194 -0.063191
v -0.298851 -0.998868 -0.072380
v -0.358605 -0.826618 -0.049020
v -0.040053 -0.810450 0.004857
v -0.407580 -0.714537 0.005136
v 0.278181 -0.666869 -0.065312
v 0.566196 -0.610589 -0.064802
v -0.675957 -0.501363 -0.081516
v 0.696566 -0.476051 -0.073283
v -0.744896 -0.403057 -0.065323
v -0.787947 -0.332851 -0.077028
v -0.801081 -0.303930 -0.080423
v 0.714658 -0.307651 -0.052989
v 0.802547 -0.304606 -0.080002
v 0.819788 -0.254904 -0.068929
v 0.765204 -0.200018 -0.061210
v -0.865281 -0.066999 -0.044383
v 0.805902 -0.063356 0.029678
v 0.628389 -0.553400 -0.078427
v -0.652399 -0.530213 -0.060071
v 0.686311 -0.492598 -0.072462
v 0.625462 -0.461481 -0.023947
v 0.629195 -0.456217 -0.057073
v 0.755944 -0.393974 -0.068259
v 0.805330 -0.279533 -0.081470
v 0.810018 -0.268160 -0.064194
v -0.799603 0.051488 -0.055815
v -0.305557 -0.992384 -0.055805
v -0.248921 -0.960388 0.000699
v 0.230653 -0.957853 -0.036109
v -0.408027 -0.832183 -0.019719
v 0.413225 -0.812038 -0.048038
v 0.558020 -0.617855 -0.015382
v -0.594510 -0.590807 -0.068787
v 0.606632 -0.570329 -0.067519
v -0.803653 -0.288128 -0.077929
v 0.809469 -0.288427 -0.068342
v 0.826884 -0.237880 -0.045539
v -0.842635 -0.177631 -0.053492
v -0.864533 -0.034252 -0.069256
v 0.866336 -0.026409 -0.060591
v -0.854578 0.092402 0.005272
v 0.804984 0.055831 -0.043611
v 0.863822 0.039208 -0.003106
v 0.206108 -0.952991 0.045890
v -0.351063 -0.813284 -0.056700
v 0.391519 -0.775880 -0.023553
v -0.676554 -0.500378 -0.048515
v -0.686605 -0.495711 -0.056559
v 0.701520 -0.473406 -0.056842
v 0.728097 -0.430944 -0.064687
v -0.778067 -0.349624 -0.065986
v -0.842790 -0.189678 -0.061375
v 0.838460 -0.201671 -0.047982
v -0.852727 -0.144315 -0.052058
v 0.859493 0.051345 -0.052387
v -0.814088 0.090809 -0.043905
v -0.297449 -0.976074 -0.040055
v 0.153666 -0.953241 -0.019868
v 0.401815 -0.711961 -0.032379
v -0.007039 -0.707828 -0.027612
v -0.563988 -0.622105 0.021367
v 0.656679 -0.531410 -0.062184
v 0.673949 -0.513305 -0.064442
v -0.722388 -0.451402 -0.060989
v -0.737407 -0.427592 -0.062247
v -0.790301 -0.316451 -0.065905
v 0.813398 -0.262465 -0.065717
v 0.829683 -0.225722 -0.057101
v 0.840097 -0.210339 -0.065334
v 0.852021 -0.172689 -0.064401
v 0.849402 -0.161310 -0.053491
v 0.861984 -0.144652 -0.024419
v -0.796826 0.003026 -0.036237
v 0.594060 -0.586372 -0.045176
v -0.506952 -0.556098 -0.052850
v 0.696531 -0.484224 -0.060584
v 0.742490 -0.415170 -0.048930
v 0.754276 -0.398289 -0.057001
v 0.791597 -0.316421 -0.062503
v -0.811648 -0.275137 -0.045163
v 0.822329 -0.238665 -0.068769
v -0.842047 -0.206109 -0.057045
v 0.780953 -0.154542 -0.032238
v 0.802847 -0.080361 0.008801
v -0.864395 -0.021932 -0.056800
v 0.813199 0.098761 -0.041351
v 0.017722 -0.968456 -0.057594
v 0.042675 -0.971822 -0.032454
v -0.159650 -0.954196 0.017287
v 0.604094 -0.583122 -0.056552
v -0.616435 -0.574455 -0.047611
v 0.652517 -0.529227 -0.052959
v 0.735591 -0.431838 -0.047757
v -0.735176 -0.423291 -0.053308
v -0.738798 -0.418753 -0.043517
v -0.770010 -0.362369 -0.054025
v 0.814224 -0.272216 -0.052524
v 0.817937 -0.247043 -0.040339
v 0.847319 -0.185069 -0.053246
v -0.867276 -0.030529 -0.048185
v 0.869217 -0.026978 -0.051768
v -0.843872 0.081137 -0.050755
v 0.297619 -0.995579 -0.045237
v -0.308718 -0.982457 -0.015572
v -0.658192 -0.529946 -0.048153
v -0.709793 -0.463671 -0.049108
v -0.761353 -0.386566 -0.045337
v 0.770498 -0.357459 -0.052996
v -0.716351 -0.319376 -0.007418
v -0.796264 0.092527 -0.022968
v -0.848361 0.083487 -0.039186
v -0.799918 0.108317 -0.021838
v 0.822551 0.135606 -0.013062
v -0.415272 -0.823262 -0.007110
v -0.389788 -0.749971 0.021319
v 0.006836 -0.708420 -0.023317
v 0.339814 -0.644321 0.013132
v -0.515529 -0.547602 -0.003035
v 0.711886 -0.456344 -0.043665
v 0.646582 -0.427229 -0.011579
v -0.711682 -0.340229 -0.007340
v -0.864419 -0.116228 -0.040004
v -0.863761 -0.005437 -0.040441
v 0.796856 0.019335 -0.027420
v -0.828795 0.127633 -0.017043
v -0.304923 -1.001748 -0.036168
v 0.009272 -0.809640 0.004856
v -0.022853 -0.708421 -0.004323
v -0.639769 -0.553747 -0.048579
v 0.687085 -0.496623 -0.040856
v 0.704815 -0.476421 -0.040118
v -0.747960 -0.410578 -0.036590
v -0.816156 -0.258765 -0.020420
v 0.828993 -0.225634 -0.028570
v -0.834376 -0.214357 -0.028608
v -0.008564 -0.970261 -0.036540
v -0.004585 -0.973892 -0.028042
v -0.205123 -0.693197 -0.032062
v 0.257737 -0.680403 -0.019812
v -0.378968 -0.627968 -0.007555
v -0.600472 -0.586036 -0.035873
v 0.647786 -0.536826 -0.032412
v -0.859995 -0.136156 -0.039938
v 0.353369 -0.810030 0.021465
v 0.447561 -0.691835 0.009016
v -0.234093 -0.683849 0.062639
v -0.597898 -0.595370 -0.019025
v -0.690799 -0.492596 -0.007044
v -0.713803 -0.455704 -0.011284
v 0.717400 -0.451479 -0.031510
v -0.834674 -0.222397 -0.032974
v 0.840413 -0.193413 -0.023862
v 0.305596 -0.998669 0.021315
v -0.028410 -0.968623 -0.008316
v -0.355915 -0.813743 0.001582
v 0.141238 -0.698924 0.074923
v 0.668257 -0.512734 -0.028487
v 0.726843 -0.446699 -0.015181
v 0.734010 -0.427925 -0.024040
v 0.790160 -0.320615 0.004639
v 0.836587 -0.213799 -0.021043
v -0.861639 -0.116113 -0.024830
v -0.863520 0.014808 -0.015486
v 0.791943 0.047789 -0.006259
v 0.843968 0.124344 0.000787
v -0.806528 0.124123 -0.017501
v 0.299309 -0.976769 0.029452
v 0.414894 -0.815734 -0.007547
v -0.391213 -0.736147 -0.007185
v -0.064910 -0.705385 0.062621
v 0.223090 -0.692076 -0.011377
v -0.641954 -0.550053 -0.019475
v 0.713611 -0.460814 -0.023963
v 0.822760 -0.242883 -0.023419
v 0.826330 -0.225709 -0.016461
v 0.754824 -0.233121 0.004896
v -0.752738 -0.232908 0.058701
v 0.865155 -0.111856 -0.004009
v 0.869166 -0.054766 0.004804
v 0.799999 0.117269 0.000716
v 0.856847 0.084545 -0.003114
v 0.812115 0.142221 -0.006209
v 0.805264 0.136743 -0.006482
v -0.056998 -0.970126 0.029576
v 0.083853 -0.965946 -0.003205
v 0.537752 -0.633826 0.025391
v 0.624111 -0.558523 -0.019321
v -0.731868 -0.438866 -0.015723
v 0.744738 -0.410949 -0.007841
v 0.709598 -0.323394 0.037918
v 0.848491 -0.180433 -0.019496
v -0.846476 -0.181155 -0.024517
v -0.866468 -0.107675 0.009234
v -0.799912 -0.092281 0.000841
v -0.866803 -0.038273 -0.019821
v 0.867077 -0.017918 -0.012023
v -0.791310 0.044150 -0.013854
v 0.305820 -0.985514 0.005467
v -0.008656 -0.969435 -0.016680
v 0.379771 -0.828986 0.070713
v -0.401813 -0.796945 0.004860
v 0.390921 -0.775881 0.020963
v 0.399744 -0.714355 0.021210
v -0.003024 -0.704856 -0.021568
v 0.558097 -0.622402 0.037776
v 0.427499 -0.601748 0.013114
v 0.585929 -0.594168 0.005034
v -0.723583 -0.443394 0.000333
v -0.784654 -0.332620 0.054753
v -0.825345 -0.238449 -0.007711
v 0.833899 0.132453 -0.009632
v -0.003425 -0.974690 -0.007903
v 0.394424 -0.828440 0.082791
v 0.402622 -0.827697 0.037615
v 0.412578 -0.809434 0.000487
v -0.013752 -0.704288 -0.013895
v -0.002132 -0.697182 -0.017871
v 0.007333 -0.707947 -0.018402
v 0.010118 -0.548573 -0.012775
v 0.001165 -0.548660 -0.016227
v 0.677423 -0.505310 0.000562
v 0.719492 -0.451157 -0.007338
v 0.733681 -0.436918 -0.007501
v -0.857118 -0.131781 -0.002789
v -0.798979 -0.000767 0.017339
v 0.007510 0.011194 -0.009684
v 0.001026 0.085236 -0.018951
v 0.015577 0.097519 -0.015288
v 0.020200 0.187765 -0.016052
v -0.009981 0.081184 -0.016659
v -0.006798 0.195960 -0.018707
v -0.011163 0.257644 -0.012620
v -0.313395 -0.995496 0.021565
v -0.305178 -0.979740 0.037575
v -0.351955 -0.836290 0.140478
v 0.384892 -0.750203 0.029124
v 0.016848 -0.706921 -0.003102
v -0.012861 -0.697052 -0.009791
v 0.611063 -0.578572 -0.007346
v 0.648217 -0.537834 0.000717
v -0.010060 -0.396250 -0.009586
v 0.000627 -0.470255 -0.013151
v -0.623384 -0.457119 0.062629
v 0.000464 -0.215175 -0.012036
v 0.013658 -0.104182 0.000517
v -0.015624 -0.092618 0.000559
v -0.836514 -0.201673 -0.007506
v 0.854587 -0.148913 -0.012974
v 0.792512 0.007619 0.008645
v -0.009389 0.011235 -0.009465
v 0.031864 0.123472 -0.004984
v -0.846929 0.120609 0.001145
v -0.806993 0.135211 -0.005923
v -0.030125 0.126472 -0.006462
v -0.030781 0.204376 -0.011940
v 0.033481 0.208449 -0.010222
v 0.075137 0.430574 -0.014515
v -0.085093 0.245628 -0.011811
v -0.097605 0.356536 -0.014786
v -0.154802 0.344291 -0.011690
v 0.148842 0.364794 -0.011813
v -0.142510 0.504478 -0.012806
v 0.029871 0.496304 -0.014287
v 0.103783 0.578515 -0.012556
v -0.101593 0.557918 -0.013443
v 0.017419 0.627843 -0.011672
v 0.014084 -0.532120 -0.006295
v -0.628170 -0.562397 0.017289
v 0.013324 -0.706059 0.007110
v 0.758880 -0.386119 0.013382
v 0.832239 -0.205666 -0.007842
v 0.840781 -0.190381 0.001054
v 0.000742 0.002921 -0.011300
v -0.796638 0.008773 0.000734
v 0.789842 0.027617 0.004831
v -0.792185 0.071614 0.000940
v -0.033632 0.118942 -0.004032
v 0.014753 0.002980 0.001220
v -0.799796 0.124933 -0.006875
v -0.840938 0.132110 0.001201
v -0.828667 0.138942 -0.001330
v -0.174282 0.270790 -0.004710
v 0.156860 0.286870 -0.007733
v -0.195378 0.352714 -0.006072
v -0.195078 0.455227 -0.006832
v 0.181438 0.442854 -0.009182
v -0.190290 0.500134 -0.005827
v -0.157558 0.615026 -0.006744
v 0.148553 0.590657 -0.008875
v -0.096419 0.730263 -0.007121
v 0.082049 0.729965 -0.003891
v 0.143292 0.647627 -0.002957
v -0.141933 0.651397 -0.005825
v -0.070873 0.795843 -0.007010
v 0.045804 0.771404 -0.004347
v -0.038290 0.903196 -0.006667
v -0.020501 -0.972441 -0.009256
v -0.345603 -0.809852 0.033932
v -0.016920 -0.707374 -0.000477
v 0.633488 -0.451869 0.004880
v 0.726950 -0.446790 0.012710
v -0.015755 -0.005334 0.001100
v -0.025304 0.052584 0.000334
v 0.829927 0.138914 -0.002443
v -0.104281 0.177116 -0.003281
v 0.122245 0.190289 -0.001943
v -0.144977 0.222487 -0.004101
v 0.189078 0.291996 -0.002134
v 0.210218 0.361181 -0.000864
v -0.194799 0.328398 -0.002185
v -0.204774 0.397857 -0.001980
v 0.213833 0.402189 -0.001226
v 0.201507 0.492119 -0.003732
v -0.200832 0.455294 0.000354
v 0.196504 0.537049 -0.002009
v -0.181591 0.552705 -0.002883
v 0.172489 0.602349 -0.001698
v -0.163972 0.608252 -0.002355
v -0.147255 0.646679 -0.002682
v -0.087572 0.762298 -0.002751
v -0.008352 0.866293 -0.004030
v 0.032318 0.803818 -0.002181
v -0.031596 0.936027 -0.006193
v -0.014164 0.894941 -0.001487
v -0.037568 0.919681 -0.004473
v 0.026614 -0.968924 0.034648
v 0.387452 -0.732125 0.012893
v -0.159789 -0.692117 0.128547
v 0.249221 -0.681915 0.025756
v -0.576444 -0.614425 0.013089
v 0.501368 -0.560345 0.000758
v -0.711561 -0.465878 0.013626
v -0.015767 -0.482582 0.000509
v 0.750818 -0.237288 0.066782
v -0.822180 -0.243337 0.029674
v 0.819155 -0.230325 0.012662
v -0.852342 -0.164887 0.017098
v 0.851836 -0.156437 0.000136
v 0.860090 -0.116237 0.012593
v -0.869478 -0.026230 0.029595
v -0.788728 0.024880 -0.002066
v -0.783559 0.044281 -0.002836
v -0.032749 0.115044 0.002712
v 0.030650 0.117612 -0.000645
v -0.054164 0.132834 0.000105
v -0.807050 0.137138 0.000714
v 0.048044 0.125443 -0.000500
v 0.072682 0.141355 -0.000249
v 0.837336 0.131880 0.007593
v -0.070759 0.146030 -0.000097
v 0.812365 0.142578 -0.000037
v 0.089938 0.157104 -0.000407
v -0.124201 0.193758 0.000073
v 0.113053 0.178095 0.000122
v -0.148424 0.222727 -0.000184
v -0.176794 0.267546 -0.000699
v 0.170991 0.255066 0.001403
v -0.193574 0.312465 0.000904
v 0.202022 0.329487 0.000855
v -0.202699 0.373361 0.000742
v 0.213276 0.466893 0.000219
v 0.214912 0.434205 0.000581
v 0.209031 0.491770 0.000259
v -0.190856 0.512250 -0.001989
v 0.202617 0.511441 0.001629
v 0.188749 0.565076 0.001038
v 0.195667 0.544691 0.001181
v 0.183369 0.576877 0.002477
v 0.162286 0.625168 0.000501
v 0.133621 0.668952 0.000577
v 0.117613 0.688295 -0.000438
v -0.112550 0.708371 -0.000452
v 0.097103 0.717407 -0.000532
v 0.059733 0.765841 0.002718
v 0.055532 0.773562 0.000203
v -0.079577 0.778863 -0.002770
v 0.038528 0.798905 0.000444
v -0.070238 0.807813 -0.001479
v 0.019509 0.828193 -0.001066
v 0.024400 0.819508 0.003271
v -0.005767 0.869377 0.002424
v -0.056996 0.848704 0.000194
v -0.043564 0.894994 0.000190
v -0.023367 0.939181 -0.000606
v -0.039251 0.948792 -0.000616
v -0.026909 0.945723 -0.001672
v -0.032119 0.960843 -0.005112
v -0.034848 0.972118 -0.002585
v -0.089974 -0.964848 0.046322
v 0.008812 -0.709767 0.015999
v 0.607306 -0.574977 0.009230
v -0.866830 -0.099626 0.054105
v 0.868407 -0.018375 0.041394
v -0.863409 0.039999 0.026327
v 0.793911 0.067864 0.015921
v 0.853940 0.091978 0.016996
v -0.832190 0.138405 0.007723
v -0.825150 0.140464 0.004719
v 0.118591 0.185884 0.002723
v 0.196150 0.321048 0.001307
v 0.207288 0.352837 0.002184
v 0.212934 0.405966 0.003726
v 0.205614 0.499824 0.002975
v -0.186623 0.528347 0.003256
v -0.176135 0.565331 0.003371
v 0.172895 0.601917 0.001915
v -0.033409 0.971372 0.002414
v 0.022166 -0.974100 0.025750
v -0.410480 -0.820340 0.066840
v -0.393774 -0.731706 0.033532
v -0.018467 -0.711276 0.008091
v -0.453890 -0.694912 0.041981
v 0.670353 -0.508990 0.017560
v 0.731268 -0.439864 0.016914
v 0.732548 -0.428909 0.022360
v 0.796146 -0.291819 0.016408
v 0.808609 -0.280165 0.045485
v 0.843494 -0.188950 0.016824
v 0.851898 -0.164815 0.017138
v -0.836883 -0.209624 0.016965
v 0.770574 -0.187710 0.042010
v -0.780806 -0.150604 0.037892
v 0.861128 -0.103455 0.012230
v -0.793540 0.024198 0.016358
v 0.012202 -0.013619 0.007115
v -0.792783 0.063884 0.016345
v -0.839328 0.133558 0.007955
v -0.804197 0.132133 0.007608
v 0.830153 0.135117 0.010234
v 0.091070 0.160760 0.003057
v -0.088532 0.168401 0.004816
v -0.152404 0.230805 0.002204
v 0.190628 0.292838 0.000101
v -0.196495 0.332538 0.002931
v -0.204025 0.401917 0.003144
v -0.197989 0.450798 0.006442
v 0.196513 0.524656 0.004587
v -0.153588 0.615041 0.007261
v 0.172184 0.594384 0.004945
v -0.140756 0.647684 0.006031
v 0.118532 0.684067 0.003738
v -0.051716 0.833384 0.006456
v 0.036100 0.795469 0.004967
v -0.021198 0.919520 0.003398
v -0.038535 0.915770 0.002540
v -0.032192 0.952609 0.004547
v 0.408099 -0.821964 0.049735
v 0.000953 -0.706687 0.013851
v 0.594984 -0.590092 0.013744
v 0.643585 -0.545522 0.017550
v 0.721671 -0.445289 0.046366
v -0.005901 -0.157644 0.013038
v -0.817613 -0.267741 0.037275
v 0.832362 -0.208324 0.025559
v 0.007921 -0.112387 0.010616
v 0.804756 -0.041864 0.025544
v -0.020916 0.060707 0.008682
v 0.863664 0.018537 0.020874
v 0.027125 0.118516 0.005166
v -0.863948 0.063093 0.045552
v -0.030842 0.130630 0.007378
v 0.805655 0.133015 0.007293
v -0.810734 0.137620 0.007647
v 0.812694 0.136231 0.010816
v -0.101537 0.266147 0.012009
v -0.186573 0.306780 0.005480
v 0.188595 0.299307 0.003912
v -0.198679 0.393634 0.006656
v -0.178143 0.545199 0.006928
v -0.012395 0.874407 0.005733
v -0.249599 -1.003692 0.148677
v 0.302776 -1.000920 0.033222
v 0.389052 -0.788758 0.074175
v -0.543911 -0.643985 0.029967
v -0.596493 -0.603299 0.037741
v 0.689418 -0.489060 0.025544
v -0.752115 -0.390293 0.037779
v 0.860273 -0.128504 0.025367
v 0.000896 -0.017756 0.014063
v 0.015022 0.044320 0.012368
v -0.013991 0.093268 0.014798
v 0.805889 0.100188 0.031737
v -0.825215 0.135428 0.014603
v 0.028871 0.196144 0.009198
v 0.111726 0.221097 0.008474
v 0.181514 0.410011 0.010244
v -0.142372 0.594896 0.010684
v 0.132326 0.570232 0.012955
v -0.003166 0.796460 0.009077
v -0.312923 -0.992550 0.041647
v 0.165580 -0.951114 0.078778
v 0.356605 -0.824965 0.100039
v 0.349087 -0.809372 0.083727
v -0.400037 -0.796873 0.041535
v -0.408409 -0.714323 0.049878
v 0.610812 -0.574446 0.021378
v -0.727364 -0.447718 0.029530
v -0.801743 -0.067432 0.037859
v 0.001212 0.048102 0.017742
v -0.866933 0.043996 0.034653
v 0.016426 0.187829 0.014452
v -0.835972 0.131436 0.014796
v -0.010706 0.200163 0.015653
v -0.023001 0.237049 0.011168
v -0.003121 0.249297 0.014753
v 0.004946 0.261901 0.011674
v -0.064761 0.311304 0.013560
v 0.136587 0.364808 0.013566
v -0.138519 0.405850 0.013565
v 0.177412 0.492137 0.010244
v -0.015357 0.603283 0.013317
v -0.105691 0.599088 0.013320
v 0.083385 0.570259 0.014745
v -0.348950 -0.814437 0.050714
v -0.188069 -0.810263 0.107680
v -0.333497 -0.647987 0.058540
v -0.396185 -0.618074 0.070850
v 0.538046 -0.533557 0.058469
v 0.647726 -0.418941 0.091636
v 0.704680 -0.343821 0.062618
v 0.811637 -0.260057 0.041194
v 0.797926 0.023372 0.032916
v 0.112067 0.463453 0.015588
v 0.144603 -1.003596 0.267031
v -0.523480 -0.658001 0.050044
v 0.676813 -0.509041 0.038409
v 0.740435 -0.427276 0.042042
v 0.841418 -0.181029 0.037583
v -0.844356 -0.181199 0.033432
v 0.306310 -0.985366 0.029196
v -0.040185 -0.969292 0.050680
v 0.238683 -0.959404 0.049841
v -0.357741 -0.839759 0.054503
v 0.343928 -0.639791 0.075056
v -0.581937 -0.615129 0.038495
v -0.610692 -0.579107 0.045392
v -0.722946 -0.446407 0.046115
v 0.777536 -0.344913 0.074708
v 0.820521 -0.246473 0.046273
v 0.857183 -0.128065 0.050047
v -0.797820 -0.001480 0.074583
v 0.849430 0.091071 0.035998
v -0.852069 0.074326 0.056248
v -0.824862 0.085759 0.059194
v -0.305055 -1.001380 0.053638
v 0.290999 -0.976103 0.078482
v -0.081043 -0.952992 0.181336
v 0.405756 -0.816038 0.074132
v 0.203511 -0.687907 0.104048
v 0.582530 -0.596340 0.066402
v -0.674259 -0.508688 0.063278
v -0.705692 -0.335908 0.095869
v 0.781089 -0.142290 0.095747
v 0.798476 -0.084652 0.079275
v 0.865456 -0.018114 0.054160
v 0.868170 -0.009881 0.107516
v 0.816296 0.094921 0.045132
v 0.297756 -0.985106 0.074626
v -0.236519 -0.960766 0.074526
v -0.406760 -0.829940 0.078380
v 0.374917 -0.736821 0.090312
v -0.577457 -0.619225 0.054259
v -0.457459 -0.581293 0.087412
v 0.758970 -0.382898 0.064114
v 0.789756 -0.324557 0.070404
v 0.847436 -0.177440 0.055062
v 0.847328 -0.161192 0.054782
v 0.857503 -0.140379 0.041246
v 0.868988 -0.021790 0.078963
v 0.853902 0.060574 0.068971
v 0.298023 -0.998881 0.069943
v -0.381034 -0.835627 0.128144
v -0.255096 -0.675755 0.099894
v -0.547404 -0.640981 0.061958
v -0.559762 -0.623622 0.070356
v 0.570079 -0.611672 0.054286
v -0.616959 -0.571868 0.107424
v 0.679874 -0.504105 0.062139
v 0.554596 -0.516200 0.103957
v 0.628178 -0.452012 0.083356
v -0.851890 -0.165079 0.074947
v -0.804590 0.030980 0.102996
v 0.392757 -0.809695 0.119058
v 0.623363 -0.564439 0.054255
v 0.695370 -0.488454 0.062104
v 0.707849 -0.319574 0.087479
v 0.799041 -0.071607 0.095869
v -0.868451 -0.038108 0.074922
v 0.803423 0.031029 0.053509
v 0.809057 0.042382 0.090045
v -0.807773 0.045978 0.102358
v 0.831084 0.094808 0.045484
v 0.294490 -1.001737 0.073933
v -0.302878 -0.995203 0.081696
v -0.305806 -0.986107 0.069611
v -0.359817 -0.839203 0.074478
v 0.647449 -0.536587 0.050050
v -0.556367 -0.508309 0.108044
v -0.747922 -0.406158 0.071081
v 0.861756 -0.115897 0.074669
v 0.866090 -0.075060 0.078661
v -0.870697 0.007247 0.059220
v -0.478279 -0.674838 0.119451
v 0.618256 -0.570588 0.066056
v -0.682446 -0.509186 0.078907
v 0.718584 -0.455581 0.070785
v 0.742959 -0.418662 0.061452
v -0.804834 -0.296408 0.065728
v 0.803701 -0.284523 0.067109
v 0.802715 0.006526 0.070321
v -0.860131 0.033288 0.106481
v -0.381599 -0.741027 0.093896
v 0.046470 -0.700570 0.145011
v 0.443401 -0.690926 0.090982
v 0.492464 -0.660782 0.107227
v 0.269772 -0.664659 0.104100
v 0.631486 -0.553337 0.070855
v 0.504875 -0.554011 0.091540
v 0.636952 -0.554497 0.091182
v -0.781265 -0.345252 0.082911
v -0.809353 -0.271870 0.062484
v -0.820765 -0.251091 0.074678
v 0.836847 -0.201225 0.053769
v -0.771491 -0.150759 0.124759
v 0.848380 -0.165056 0.078820
v -0.793028 -0.101072 0.075194
v -0.870853 0.022700 0.074317
v 0.860195 0.042448 0.082135
v 0.839196 0.062030 0.077067
v 0.205833 -0.959395 0.127773
v -0.615313 -0.578885 0.086837
v -0.741119 -0.419157 0.095023
v 0.766339 -0.365601 0.071262
v -0.715298 -0.307091 0.075182
v 0.806175 -0.283770 0.075058
v 0.864694 -0.050608 0.082528
v -0.832835 0.056887 0.092737
v -0.036213 -0.963574 0.100078
v -0.338282 -0.811737 0.091668
v 0.210800 -0.810575 0.214589
v -0.387015 -0.784080 0.094514
v 0.367660 -0.767456 0.122859
v 0.673700 -0.504371 0.091379
v 0.763282 -0.387198 0.071571
v -0.810087 -0.280255 0.083212
v 0.821714 -0.234515 0.091114
v -0.860066 -0.136214 0.074637
v -0.011052 -0.964859 0.095926
v -0.404747 -0.820309 0.102801
v -0.580505 -0.612723 0.086465
v 0.595230 -0.588778 0.078522
v 0.737823 -0.422319 0.087181
v -0.796882 -0.304535 0.086803
v -0.729186 -0.274601 0.104111
v -0.866312 -0.062233 0.099688
v 0.831667 0.034491 0.117940
v -0.391723 -0.833046 0.124939
v 0.385451 -0.714647 0.111240
v -0.399297 -0.709292 0.123508
v 0.533570 -0.632858 0.090912
v 0.685375 -0.496534 0.099208
v 0.748348 -0.406365 0.078425
v -0.614697 -0.456584 0.132954
v -0.754347 -0.398446 0.079360
v 0.848159 -0.169671 0.098837
v 0.867554 -0.033969 0.107292
v -0.863808 0.014128 0.127417
v -0.814198 0.057302 0.093703
v 0.278687 -1.001867 0.118900
v -0.337589 -0.642487 0.103977
v -0.552368 -0.621930 0.123780
v 0.574629 -0.597336 0.119603
v -0.663052 -0.530393 0.088167
v -0.670182 -0.382008 0.133039
v -0.793788 -0.067625 0.124740
v -0.796662 -0.026625 0.128480
v -0.868433 -0.050545 0.132018
v -0.288891 -0.992648 0.114172
v 0.270572 -0.976538 0.131317
v 0.766301 -0.373961 0.082818
v 0.799461 -0.300635 0.091428
v -0.292600 -1.001555 0.094328
v -0.264884 -0.976736 0.131520
v -0.369759 -0.758727 0.136110
v -0.384728 -0.731653 0.094524
v -0.411982 -0.601523 0.145251
v 0.430162 -0.592973 0.124589
v 0.635470 -0.552886 0.107395
v 0.784226 -0.341220 0.091847
v 0.724514 -0.274591 0.141162
v -0.825991 -0.230204 0.103288
v -0.839349 -0.189482 0.127701
v 0.855861 -0.132115 0.111400
v 0.289104 -0.985219 0.102167
v 0.169280 -0.952791 0.119754
v 0.358908 -0.732005 0.143325
v 0.157901 -0.692801 0.136909
v 0.617087 -0.451892 0.146103
v 0.738282 -0.422866 0.111576
v 0.743434 -0.406790 0.111244
v -0.800247 -0.304947 0.103676
v -0.799335 -0.296497 0.095147
v -0.841476 -0.193492 0.115427
v 0.747248 -0.224917 0.137105
v 0.850379 -0.152222 0.103402
v -0.268406 -1.001838 0.140332
v 0.277773 -0.998816 0.125883
v 0.392366 -0.821678 0.123058
v -0.388437 -0.801273 0.119129
v -0.226124 -0.678568 0.145340
v -0.567567 -0.614646 0.115363
v -0.588609 -0.601675 0.106639
v 0.586874 -0.590599 0.131569
v -0.719421 -0.440739 0.127700
v 0.684133 -0.365765 0.128739
v 0.693331 -0.348712 0.141209
v 0.702860 -0.319484 0.124717
v 0.813493 0.037141 0.105970
v 0.141801 -0.810480 0.327238
v 0.549142 -0.615432 0.156335
v 0.599227 -0.578190 0.108189
v 0.684836 -0.483009 0.152144
v 0.750991 -0.400276 0.119579
v -0.858763 -0.090705 0.140270
v 0.861039 -0.071111 0.107437
v 0.798594 -0.046996 0.116294
v 0.806575 -0.004684 0.177047
v -0.273265 -0.985950 0.138705
v -0.207757 -0.962116 0.139928
v -0.068815 -0.810238 0.218697
v -0.551525 -0.505528 0.149384
v 0.766688 -0.370540 0.132082
v 0.790420 -0.312961 0.131970
v 0.800833 -0.288896 0.107764
v -0.800681 -0.283890 0.127759
v 0.772581 -0.158746 0.124675
v 0.780458 -0.109380 0.157683
v 0.277434 -0.981680 0.126352
v 0.376610 -0.801785 0.143577
v -0.365383 -0.741252 0.147472
v -0.609167 -0.575794 0.119507
v 0.660162 -0.521858 0.123880
v -0.690772 -0.484207 0.131435
v -0.771593 -0.357378 0.135757
v -0.726799 -0.241376 0.190770
v -0.866120 -0.070194 0.120214
v -0.142277 -0.959925 0.193265
v 0.381701 -0.826466 0.139830
v -0.332246 -0.814749 0.125191
v 0.389623 -0.816119 0.135149
v -0.330022 -0.811634 0.124844
v 0.191301 -0.682778 0.153741
v 0.746069 -0.392955 0.156006
v -0.691828 -0.303379 0.199019
v -0.798982 -0.296895 0.140181
v 0.810414 -0.263244 0.123247
v 0.824025 -0.234030 0.119836
v 0.830297 -0.197919 0.131105
v 0.863145 -0.062700 0.123904
v -0.862187 -0.022416 0.168728
v 0.858670 0.001285 0.147723
v 0.816669 0.012137 0.151886
v -0.126770 -0.692817 0.161614
v -0.523132 -0.642902 0.152243
v 0.643868 -0.546054 0.123848
v 0.773618 -0.344985 0.139974
v 0.787918 -0.329144 0.136280
v 0.802679 -0.296322 0.127899
v -0.713616 -0.282992 0.161858
v 0.800455 -0.280791 0.123944
v -0.820603 -0.230351 0.156707
v -0.806639 0.013301 0.148028
v -0.828955 0.038579 0.122124
v 0.099710 -0.953062 0.173167
v 0.361221 -0.745807 0.130939
v 0.619889 -0.561969 0.126792
v 0.673931 -0.488482 0.168843
v -0.734625 -0.414854 0.131962
v 0.738391 -0.408215 0.131496
v 0.833050 -0.205917 0.123022
v 0.862168 -0.042543 0.148390
v -0.301064 -0.811556 0.186866
v -0.369359 -0.732059 0.143458
v -0.325199 -0.634221 0.186589
v -0.539381 -0.625423 0.152346
v -0.572153 -0.613147 0.132172
v -0.633794 -0.557697 0.131077
v -0.664830 -0.517387 0.135621
v 0.632699 -0.406122 0.195013
v 0.727104 -0.427395 0.143606
v 0.837505 -0.180911 0.144273
v 0.838874 0.001727 0.171725
v -0.272918 -0.992607 0.142570
v 0.520896 -0.530574 0.170102
v 0.813990 -0.242997 0.135845
v -0.842285 -0.156950 0.173790
v 0.855828 -0.087225 0.139999
v 0.361798 -0.828570 0.177002
v -0.384499 -0.813771 0.164157
v -0.040179 -0.698349 0.165640
v -0.620492 -0.558181 0.160655
v -0.621382 -0.558772 0.139650
v 0.648344 -0.532820 0.142298
v -0.754312 -0.365605 0.164397
v 0.843487 -0.120610 0.197045
v 0.788048 -0.067966 0.174189
v 0.294319 -0.645438 0.174150
v -0.556794 -0.621113 0.144429
v 0.398214 -0.593300 0.211255
v 0.578859 -0.591781 0.144466
v 0.606728 -0.566585 0.148058
v -0.607733 -0.456158 0.162019
v -0.689147 -0.335977 0.178467
v 0.811679 -0.255009 0.144375
v -0.811041 0.010348 0.168155
v -0.047987 -1.003460 0.304029
v 0.249958 -0.995968 0.175542
v -0.219832 -0.969300 0.160135
v -0.384004 -0.823329 0.172177
v -0.316329 -0.814362 0.162634
v 0.351668 -0.771604 0.163604
v 0.471182 -0.664506 0.168704
v -0.673633 -0.496577 0.148687
v 0.797580 -0.280422 0.160208
v 0.715442 -0.273784 0.186624
v -0.860974 -0.082525 0.160703
v 0.248805 -1.001739 0.171830
v 0.259075 -0.981866 0.159297
v 0.598716 -0.566521 0.164045
v 0.640361 -0.529918 0.151214
v -0.825480 -0.213943 0.160468
v -0.840362 -0.019600 0.229323
v -0.359244 -0.796972 0.188235
v 0.394330 -0.696669 0.213946
v 0.513138 -0.633885 0.168714
v 0.582546 -0.589010 0.156593
v 0.736375 -0.402623 0.161543
v 0.762240 -0.357407 0.188592
v 0.826517 -0.205600 0.148539
v 0.758536 -0.162918 0.186730
v 0.774139 -0.096883 0.203200
v -0.215112 -0.983337 0.205406
v 0.233982 -0.976288 0.188786
v 0.327427 -0.826016 0.170248
v 0.360074 -0.809612 0.194797
v 0.334992 -0.736580 0.188549
v -0.350152 -0.736709 0.184141
v -0.184770 -0.680097 0.186728
v -0.461614 -0.564785 0.178264
v -0.674539 -0.496681 0.164172
v -0.708972 -0.447546 0.160451
v 0.723414 -0.422544 0.161242
v -0.739437 -0.406853 0.152931
v 0.761703 -0.357859 0.164808
v -0.749322 -0.369412 0.184308
v 0.795004 -0.292394 0.171859
v 0.774796 -0.324905 0.184850
v 0.819498 -0.226281 0.164724
v 0.854694 -0.082838 0.168906
v 0.858298 -0.018237 0.168528
v 0.225263 -1.001889 0.204529
v -0.246059 -0.986389 0.175419
v -0.545328 -0.619006 0.180869
v 0.566568 -0.597394 0.160395
v 0.550406 -0.497876 0.207293
v -0.666826 -0.496136 0.171871
v 0.592020 -0.452692 0.228051
v -0.658313 -0.377880 0.190861
v -0.744312 -0.390318 0.164149
v -0.793545 -0.296122 0.168512
v -0.798980 -0.263083 0.185060
v -0.834054 -0.119801 0.234506
v 0.316542 -0.767301 0.220674
v 0.578915 -0.585452 0.176308
v 0.697115 -0.457755 0.180882
v 0.742989 -0.390715 0.169010
v 0.753473 -0.381513 0.168134
v -0.817869 -0.226137 0.184847
v 0.352936 -0.822339 0.208707
v 0.324363 -0.750087 0.204326
v -0.564419 -0.603541 0.196575
v 0.430581 -0.569148 0.240201
v 0.639965 -0.525601 0.176895
v 0.656338 -0.501620 0.180784
v 0.730789 -0.419300 0.169856
v 0.741009 -0.403211 0.173750
v 0.847488 -0.038899 0.221776
v -0.817037 -0.004249 0.209082
v -0.227252 -1.000949 0.192225
v -0.226425 -0.995537 0.199482
v 0.103556 -0.959420 0.217898
v -0.355419 -0.833290 0.209621
v -0.341098 -0.775479 0.204380
v -0.445389 -0.671253 0.230206
v -0.531306 -0.621429 0.193245
v -0.588292 -0.578314 0.201313
v -0.642019 -0.519661 0.209050
v -0.695312 -0.450057 0.205002
v -0.736622 -0.390435 0.176347
v 0.678882 -0.342351 0.219565
v -0.782901 -0.312860 0.179983
v 0.789076 -0.288370 0.188337
v 0.807671 -0.237172 0.181438
v -0.825116 -0.181084 0.217761
v -0.849794 -0.019273 0.213093
v -0.274155 -0.838237 0.259447
v -0.377553 -0.820183 0.187659
v 0.332602 -0.714370 0.230073
v 0.598641 -0.559217 0.197594
v 0.701461 -0.442952 0.189425
v 0.804921 -0.250799 0.197045
v 0.818405 -0.209883 0.193120
v 0.834043 -0.119855 0.226188
v -0.854472 -0.054660 0.213565
v 0.798928 -0.019118 0.194484
v 0.819522 -0.001599 0.184347
v -0.373966 -0.826366 0.192305
v 0.277756 -0.809765 0.215784
v -0.342446 -0.716139 0.225606
v 0.129277 -0.684381 0.207439
v 0.531295 -0.615412 0.209526
v 0.335651 -0.617724 0.227825
v -0.680825 -0.468032 0.192683
v 0.681807 -0.319207 0.223811
v 0.733672 -0.224831 0.199064
v -0.845724 -0.086878 0.225977
v 0.184780 -0.976672 0.241704
v -0.510734 -0.622073 0.242428
v -0.387224 -0.601129 0.207262
v 0.574683 -0.570865 0.205047
v 0.648041 -0.508751 0.204940
v 0.743283 -0.390952 0.189296
v -0.728586 -0.398703 0.201623
v 0.746087 -0.374659 0.197397
v 0.835207 -0.144213 0.213701
v 0.849822 -0.023617 0.200908
v 0.228308 -0.985169 0.205497
v 0.487105 -0.530917 0.248601
v 0.664796 -0.486236 0.192761
v 0.808974 -0.222369 0.201627
v -0.771791 -0.092595 0.203191
v 0.800257 -0.018564 0.226195
v -0.162015 -1.001894 0.253818
v 0.017623 -0.692078 0.219513
v -0.085710 -0.685757 0.227890
v 0.686795 -0.455712 0.205393
v 0.730677 -0.395801 0.200244
v 0.696474 -0.447327 0.213495
v 0.768588 -0.328973 0.208955
v -0.693741 -0.274710 0.248589
v 0.807433 -0.235203 0.205589
v -0.776086 -0.035806 0.248157
v -0.284527 -0.811827 0.211740
v 0.067217 -0.688220 0.223888
v 0.541383 -0.595630 0.230110
v 0.673300 -0.475940 0.209252
v -0.745563 -0.349631 0.222014
v -0.763350 -0.332927 0.196814
v 0.773564 -0.308557 0.208998
v -0.801567 -0.227149 0.233999
v -0.755641 -0.129973 0.223812
v 0.845130 -0.074957 0.225883
v 0.426929 -0.678382 0.226160
v -0.449165 -0.559822 0.227912
v -0.671779 -0.336019 0.236415
v 0.212284 -0.995623 0.225058
v 0.279277 -0.821347 0.229299
v 0.322324 -0.793026 0.229053
v -0.337517 -0.609450 0.256861
v 0.595421 -0.558452 0.213138
v 0.592092 -0.414897 0.289844
v 0.790511 -0.255043 0.217769
v 0.736603 -0.187656 0.234889
v -0.794532 -0.013348 0.226311
v -0.039915 -0.960579 0.242565
v -0.361686 -0.829710 0.208867
v 0.289860 -0.827175 0.231818
v -0.160098 -0.677544 0.215747
v -0.576503 -0.576454 0.221144
v 0.650075 -0.492858 0.234011
v -0.671221 -0.480733 0.210028
v -0.678419 -0.459911 0.221875
v -0.581464 -0.458710 0.232128
v -0.757617 -0.332756 0.221460
v 0.753714 -0.125835 0.244464
v 0.204392 -0.982056 0.230685
v -0.264593 -0.813606 0.241307
v -0.259871 -0.836238 0.257067
v 0.063059 -0.810402 0.348012
v 0.328705 -0.812910 0.245355
v 0.286759 -0.724500 0.270149
v -0.596288 -0.570135 0.209697
v -0.548738 -0.477765 0.256723
v 0.659693 -0.479381 0.225952
v 0.697218 -0.426346 0.229821
v -0.781212 -0.263972 0.234317
v 0.785315 -0.271431 0.234067
v -0.092939 -0.968697 0.258573
v 0.292336 -0.828480 0.274842
v -0.251253 -0.812124 0.253220
v -0.333396 -0.817248 0.249240
v -0.326483 -0.771279 0.224707
v 0.257123 -0.639152 0.252611
v 0.550300 -0.591166 0.231249
v -0.633987 -0.517568 0.221329
v 0.659623 -0.353307 0.256726
v -0.743287 -0.353521 0.234276
v 0.795370 -0.230232 0.246598
v 0.831209 -0.087148 0.266819
v -0.337577 -0.823430 0.245453
v -0.192419 -0.810194 0.288925
v 0.257126 -0.809494 0.240328
v 0.305061 -0.749944 0.232837
v -0.254944 -0.638363 0.257961
v 0.582721 -0.561774 0.217753
v 0.611274 -0.537843 0.229843
v 0.671605 -0.455908 0.255058
v 0.745450 -0.366333 0.218001
v 0.745807 -0.345476 0.234024
v 0.774067 -0.300086 0.230139
v 0.801036 -0.234257 0.226148
v -0.709593 -0.225460 0.269280
v 0.774857 -0.044199 0.264831
v -0.165131 -0.995465 0.257046
v -0.592925 -0.558010 0.233581
v 0.562777 -0.462493 0.273352
v -0.553253 -0.451631 0.307217
v 0.783682 -0.238288 0.287709
v 0.197227 -1.002245 0.233675
v 0.152199 -0.976658 0.262154
v 0.327637 -0.825382 0.241694
v 0.480077 -0.633796 0.254610
v -0.629608 -0.513284 0.242870
v -0.668226 -0.460012 0.246935
v 0.719632 -0.394399 0.238080
v -0.672165 -0.311006 0.248858
v 0.715982 -0.216529 0.269234
v 0.732469 -0.167103 0.270512
v 0.756695 -0.080637 0.277427
v 0.817580 -0.041911 0.282900
v -0.330247 -0.741220 0.216545
v -0.311605 -0.722894 0.253683
v -0.367680 -0.697739 0.263067
v -0.048461 -0.683535 0.248743
v 0.577389 -0.569527 0.235083
v 0.740823 -0.353933 0.250435
v 0.787933 -0.254665 0.242780
v -0.822271 -0.148503 0.250442
v 0.248302 -0.808754 0.247787
v -0.300481 -0.736701 0.255388
v -0.176461 -0.640788 0.310519
v 0.199324 -0.643264 0.289789
v -0.416107 -0.568917 0.260991
v 0.697143 -0.416864 0.258996
v 0.745981 -0.312168 0.287580
v 0.663741 -0.335219 0.277502
v -0.784037 -0.254785 0.251016
v 0.699933 -0.262089 0.260980
v 0.834847 -0.058901 0.262645
v -0.806844 -0.044887 0.316104
v -0.799752 -0.035610 0.303714
v -0.165665 -0.983186 0.249379
v -0.333706 -0.829833 0.245326
v -0.308401 -0.820255 0.277779
v 0.278099 -0.788779 0.277829
v -0.299013 -0.767016 0.257190
v 0.504568 -0.613497 0.270852
v 0.639950 -0.496540 0.246880
v 0.711203 -0.385992 0.262755
v 0.657439 -0.340277 0.289820
v 0.809339 -0.177543 0.275183
v 0.050142 -0.976251 0.299280
v 0.361676 -0.694113 0.279435
v 0.386077 -0.680775 0.291617
v -0.592253 -0.550041 0.263338
v 0.500861 -0.506123 0.285789
v -0.697326 -0.414836 0.262573
v 0.631559 -0.357594 0.318761
v -0.735610 -0.336979 0.282781
v 0.752244 -0.109371 0.265133
v 0.784309 -0.033090 0.263534
v 0.179400 -0.995879 0.252702
v 0.257008 -0.827144 0.273052
v 0.240680 -0.821762 0.278245
v 0.301996 -0.812889 0.277112
v 0.262162 -0.762878 0.282159
v 0.542333 -0.581475 0.279022
v -0.551011 -0.586101 0.255281
v -0.649974 -0.492610 0.255349
v 0.815866 -0.135890 0.283479
v -0.774325 -0.033039 0.276484
v 0.290918 -0.822990 0.286448
v 0.158130 -0.810027 0.318902
v 0.244932 -0.809676 0.256887
v 0.291605 -0.715441 0.278917
v -0.558777 -0.581596 0.263686
v -0.674188 -0.445396 0.263247
v -0.725818 -0.377735 0.251020
v -0.789377 -0.197657 0.312091
v -0.149156 -0.986551 0.265419
v 0.227890 -0.808884 0.272811
v 0.447156 -0.654028 0.266914
v -0.527510 -0.598333 0.275222
v 0.587412 -0.542102 0.270743
v -0.511023 -0.493817 0.289806
v 0.628434 -0.508908 0.267468
v -0.624335 -0.365595 0.302327
v 0.787701 -0.251449 0.258573
v 0.787119 -0.238386 0.267419
v 0.824301 -0.051892 0.286689
v 0.762982 -0.048034 0.325370
v 0.151744 -0.985494 0.269022
v -0.275575 -0.775449 0.281608
v 0.657028 -0.311268 0.302371
v -0.742234 -0.056875 0.330822
v 0.152455 -1.002230 0.265907
v -0.209614 -0.813712 0.286483
v 0.261667 -0.740889 0.282815
v -0.399705 -0.660325 0.332360
v 0.298491 -0.614858 0.285658
v -0.424382 -0.538130 0.322954
v 0.770255 -0.283892 0.266732
v -0.787757 -0.226394 0.283284
v -0.789400 -0.119975 0.373577
v -0.226473 -0.833998 0.285159
v -0.285333 -0.833023 0.292003
v -0.263732 -0.745550 0.288205
v -0.596165 -0.537235 0.287220
v 0.643756 -0.484446 0.270493
v -0.675327 -0.431139 0.295588
v 0.713141 -0.355647 0.320320
v 0.797010 -0.181623 0.307772
v 0.730239 -0.150544 0.293988
v -0.135363 -0.810626 0.327268
v 0.380986 -0.570435 0.310577
v -0.524034 -0.593724 0.299551
v 0.455474 -0.528646 0.306472
v 0.667673 -0.451978 0.274626
v 0.554560 -0.447617 0.318947
v 0.698757 -0.385912 0.304801
v 0.724196 -0.344715 0.296524
v 0.749640 -0.296068 0.296652
v -0.768711 -0.267219 0.274852
v 0.123375 -1.002598 0.279983
v -0.116672 -1.001794 0.285723
v 0.001211 -0.977040 0.303261
v 0.203631 -0.809550 0.293931
v -0.239545 -0.727410 0.313819
v 0.555333 -0.558192 0.291325
v 0.643449 -0.464555 0.296294
v 0.676274 -0.435114 0.287769
v -0.723500 -0.361839 0.287122
v -0.669517 -0.270623 0.314665
v -0.776596 -0.036440 0.312313
v -0.131754 -0.996137 0.280634
v -0.088448 -0.983513 0.294283
v 0.225362 -0.736177 0.314657
v -0.582709 -0.545410 0.287181
v -0.624348 -0.310998 0.356145
v 0.750363 -0.060913 0.314397
v 0.045758 -1.001777 0.306121
v -0.173621 -0.825486 0.312231
v 0.212078 -0.824079 0.303203
v 0.285991 -0.815891 0.293572
v -0.264869 -0.715163 0.307589
v 0.281927 -0.593536 0.355886
v 0.533801 -0.566247 0.311791
v -0.378867 -0.566023 0.318906
v -0.578746 -0.525595 0.335975
v 0.590638 -0.533053 0.303673
v 0.663035 -0.439258 0.295405
v 0.674164 -0.241500 0.347825
v 0.074635 -1.001956 0.297902
v 0.110805 -0.995911 0.289362
v 0.065861 -0.985437 0.303409
v 0.219515 -0.828850 0.310028
v -0.197202 -0.810691 0.289842
v -0.172782 -0.811734 0.307161
v 0.300222 -0.692985 0.344903
v -0.363539 -0.679221 0.328462
v 0.410390 -0.660168 0.311941
v -0.465169 -0.635640 0.287340
v 0.635681 -0.484875 0.296238
v -0.654146 -0.444747 0.320242
v -0.719265 -0.353212 0.299879
v -0.740754 -0.312406 0.308503
v 0.648985 -0.322492 0.314913
v -0.100224 -0.993369 0.295760
v 0.222128 -0.828220 0.336641
v 0.254380 -0.793044 0.302447
v 0.158010 -0.631685 0.343591
v -0.453146 -0.619689 0.348714
v -0.288008 -0.581326 0.372522
v 0.503702 -0.581792 0.333333
v 0.467899 -0.619199 0.316118
v 0.549847 -0.554748 0.315929
v 0.601251 -0.516848 0.308338
v -0.637714 -0.484562 0.295864
v 0.730142 -0.338488 0.308421
v -0.768713 -0.258797 0.303870
v -0.260287 -0.829708 0.319177
v -0.280467 -0.823254 0.306697
v -0.247638 -0.788464 0.307942
v -0.601018 -0.509147 0.327992
v 0.614767 -0.500993 0.319682
v 0.533889 -0.455325 0.339559
v 0.681079 -0.419374 0.304037
v 0.705681 -0.374423 0.328231
v -0.617115 -0.335883 0.360276
v 0.744955 -0.312463 0.304465
v 0.704515 -0.204150 0.314672
v 0.818398 -0.059595 0.303486
v -0.734444 -0.058169 0.351328
v -0.056132 -1.001950 0.306298
v 0.057720 -0.995857 0.306245
v -0.150649 -0.833269 0.374105
v 0.186978 -0.811603 0.307061
v -0.271597 -0.813960 0.310300
v -0.106495 -0.811233 0.339808
v 0.212750 -0.762922 0.320910
v -0.494039 -0.599069 0.315749
v -0.556116 -0.548236 0.336084
v 0.810151 -0.107851 0.315934
v -0.043672 -0.983403 0.306354
v 0.209014 -0.822252 0.353844
v 0.221124 -0.816117 0.347296
v -0.019582 -0.641735 0.351856
v -0.416532 -0.634512 0.357041
v 0.414607 -0.619341 0.381430
v 0.562988 -0.538332 0.328198
v 0.575032 -0.531223 0.331867
v 0.650695 -0.455532 0.304338
v 0.646229 -0.335204 0.319564
v -0.692192 -0.191825 0.347689
v 0.797006 -0.156496 0.320106
v 0.108695 -0.810916 0.339929
v 0.063042 -0.648089 0.331097
v 0.611284 -0.489204 0.335773
v -0.616723 -0.463431 0.361240
v -0.523978 -0.456263 0.352249
v 0.004963 -0.995715 0.313673
v -0.031510 -0.995629 0.312901
v 0.029588 -0.982486 0.309457
v -0.188017 -0.836186 0.321393
v 0.125280 -0.824495 0.344646
v 0.201434 -0.797567 0.343611
v 0.365585 -0.671012 0.340587
v 0.602409 -0.512947 0.324059
v -0.662475 -0.427267 0.324307
v 0.672978 -0.424376 0.320276
v 0.759770 -0.255321 0.329100
v 0.783807 -0.148668 0.361070
v 0.005201 -0.985822 0.312273
v -0.123267 -0.832717 0.345376
v -0.228204 -0.713716 0.336255
v 0.209623 -0.714711 0.344303
v 0.511875 -0.573836 0.329534
v 0.645319 -0.446863 0.329180
v -0.717159 -0.353070 0.320816
v 0.756973 -0.262993 0.336809
v -0.743973 -0.292654 0.316056
v 0.712473 -0.162895 0.331155
v -0.765772 -0.177154 0.389893
v 0.727260 -0.068986 0.359861
v -0.251726 -0.823381 0.328723
v -0.221929 -0.614428 0.347720
v 0.660208 -0.435035 0.324620
v 0.561065 -0.418960 0.343767
v 0.705228 -0.362187 0.332812
v -0.742737 -0.297030 0.329132
v -0.788744 -0.148194 0.357248
v 0.804153 -0.060888 0.331410
v -0.140339 -0.813808 0.328621
v -0.190267 -0.754152 0.336960
v -0.177480 -0.732246 0.346993
v 0.182804 -0.614370 0.372441
v 0.480042 -0.598647 0.339705
v 0.547981 -0.533644 0.348916
v 0.626957 -0.471993 0.336226
v -0.692656 -0.369628 0.356999
v -0.742690 -0.284197 0.328847
v 0.782450 -0.185486 0.340513
v 0.760791 -0.061049 0.386154
v 0.198555 -0.830047 0.333970
v -0.235653 -0.813717 0.336684
v -0.289934 -0.692968 0.357196
v 0.364597 -0.539695 0.389120
v 0.612666 -0.342361 0.372774
v 0.730246 -0.321533 0.324408
v -0.780917 -0.084197 0.397893
v -0.077840 -0.811558 0.348252
v -0.048480 -0.810061 0.351792
v 0.172032 -0.749990 0.344358
v -0.355286 -0.665112 0.369255
v 0.447428 -0.605248 0.364973
v -0.536531 -0.558261 0.340396
v -0.482329 -0.452088 0.421400
v 0.672808 -0.397887 0.348233
v 0.681946 -0.406303 0.337065
v 0.610993 -0.357546 0.355977
v 0.724300 -0.316447 0.352605
v -0.762782 -0.230356 0.352940
v 0.680535 -0.208317 0.364363
v -0.732345 -0.054475 0.379219
v 0.172371 -0.727418 0.351144
v 0.530990 -0.557954 0.341691
v 0.607638 -0.480238 0.348525
v 0.632450 -0.455781 0.340804
v 0.759749 -0.243114 0.349082
v 0.782548 -0.091746 0.385740
v -0.786159 -0.061343 0.369464
v -0.154028 -0.830442 0.378008
v -0.429489 -0.619666 0.377250
v 0.636226 -0.450802 0.357555
v 0.693347 -0.382667 0.343974
v -0.702181 -0.353460 0.348777
v 0.723100 -0.062644 0.384105
v -0.065366 -0.831160 0.361193
v -0.210945 -0.823284 0.353060
v -0.174050 -0.788372 0.353856
v -0.232666 -0.684797 0.406252
v -0.494242 -0.588573 0.349009
v 0.484574 -0.582345 0.352851
v -0.572200 -0.516453 0.348303
v 0.668057 -0.403143 0.354035
v 0.685248 -0.377261 0.357070
v -0.666062 -0.410062 0.352950
v -0.081480 -0.836134 0.363866
v -0.048705 -0.813497 0.355967
v -0.157908 -0.801406 0.369109
v 0.143765 -0.788699 0.367611
v 0.357202 -0.655296 0.377155
v -0.110392 -0.603133 0.422001
v -0.522946 -0.565326 0.353336
v 0.480118 -0.574386 0.376253
v 0.455455 -0.454056 0.438510
v 0.660278 -0.418914 0.360348
v 0.740063 -0.271138 0.365240
v 0.169096 -0.829648 0.365677
v 0.025713 -0.828697 0.369006
v -0.002913 -0.811522 0.356660
v 0.463587 -0.598660 0.365110
v -0.555985 -0.518197 0.377062
v 0.582537 -0.502101 0.361631
v 0.615243 -0.455887 0.378083
v 0.718504 -0.308070 0.368984
v -0.647647 -0.220756 0.409733
v 0.752836 -0.164722 0.410306
v -0.722660 -0.058695 0.419745
v -0.145612 -0.732067 0.360975
v -0.052522 -0.601993 0.434373
v 0.030027 -0.610218 0.417926
v 0.265431 -0.568521 0.418618
v -0.523196 -0.554734 0.369336
v 0.306791 -0.554163 0.413849
v -0.362374 -0.540899 0.384936
v 0.545908 -0.524986 0.378052
v -0.625340 -0.442807 0.381567
v -0.576159 -0.507159 0.369243
v -0.677141 -0.373649 0.377866
v 0.673639 -0.381866 0.365762
v -0.726814 -0.287689 0.385576
v 0.742338 -0.243459 0.381312
v 0.703473 -0.129945 0.372611
v -0.696497 -0.069100 0.413418
v 0.192018 -0.809851 0.363603
v 0.123208 -0.767395 0.367660
v -0.092593 -0.754462 0.375584
v 0.098903 -0.741502 0.371903
v 0.610111 -0.472326 0.366122
v 0.615025 -0.291023 0.397493
v 0.647950 -0.237502 0.397421
v 0.151903 -0.822036 0.383923
v -0.092655 -0.736629 0.376021
v -0.109206 -0.715341 0.384615
v 0.140128 -0.714771 0.376844
v 0.181400 -0.699727 0.394025
v -0.355291 -0.635892 0.414737
v -0.528752 -0.537716 0.385402
v 0.644046 -0.423126 0.369588
v 0.693451 -0.361536 0.369745
v 0.681703 -0.162825 0.393266
v 0.692374 -0.080877 0.417952
v 0.760161 -0.140187 0.410338
v -0.092895 -0.829468 0.399817
v 0.083300 -0.831401 0.387038
v -0.157697 -0.823348 0.380775
v 0.176126 -0.815887 0.374453
v 0.255179 -0.690161 0.381681
v 0.145545 -0.605327 0.405524
v 0.579092 -0.496904 0.373850
v 0.635693 -0.447244 0.365061
v 0.706432 -0.332977 0.373881
v 0.573991 -0.314939 0.438917
v -0.723591 -0.275603 0.397857
v -0.032487 -0.835987 0.379329
v 0.115614 -0.828635 0.389188
v 0.099123 -0.727661 0.376614
v -0.510612 -0.553514 0.393970
v 0.668616 -0.383983 0.381619
v -0.579323 -0.335834 0.422271
v 0.633113 -0.239241 0.418123
v 0.725443 -0.060704 0.399460
v 0.131486 -0.812972 0.391904
v 0.029628 -0.797214 0.398450
v 0.320356 -0.631809 0.438786
v -0.440968 -0.591014 0.408893
v -0.469950 -0.584275 0.385803
v -0.226116 -0.577217 0.422002
v 0.492308 -0.541761 0.419131
v 0.578667 -0.494951 0.390251
v 0.643476 -0.418860 0.389973
v 0.656155 -0.381620 0.401811
v 0.687340 -0.073581 0.434163
v -0.117064 -0.816915 0.396103
v -0.080414 -0.775704 0.382914
v 0.029575 -0.731895 0.385679
v 0.009138 -0.758891 0.386447
v -0.060102 -0.732274 0.383329
v -0.306099 -0.660415 0.414225
v 0.291873 -0.668018 0.406137
v -0.288072 -0.547449 0.434443
v 0.611689 -0.456911 0.394515
v -0.669151 -0.381650 0.390574
v 0.587966 -0.335290 0.413784
v 0.513382 -0.529934 0.406326
v 0.549928 -0.509724 0.406368
v -0.580513 -0.480409 0.389224
v 0.619463 -0.441808 0.389626
v 0.497058 -0.426954 0.421806
v 0.695000 -0.324807 0.394162
v -0.698679 -0.323881 0.398041
v 0.728989 -0.258904 0.393941
v 0.751526 -0.074233 0.427009
v -0.737795 -0.066506 0.438338
v 0.066637 -0.829110 0.398039
v -0.117079 -0.824083 0.396147
v 0.131963 -0.819217 0.391960
v -0.011120 -0.727407 0.389779
v -0.168270 -0.577227 0.450879
v -0.563069 -0.495839 0.394091
v 0.597551 -0.463274 0.402278
v -0.715889 -0.230801 0.447073
v 0.029709 -0.809957 0.408941
v 0.013374 -0.713887 0.400961
v -0.530703 -0.512783 0.422773
v -0.461189 -0.457549 0.438088
v -0.613183 -0.442621 0.397846
v -0.625265 -0.421878 0.401980
v 0.645602 -0.196743 0.430569
v -0.760047 -0.107884 0.438334
v 0.054055 -0.822041 0.407055
v -0.051925 -0.813476 0.408430
v 0.376953 -0.603351 0.434748
v -0.445864 -0.566098 0.434397
v 0.529811 -0.385121 0.430371
v 0.533899 -0.353311 0.467186
v -0.056346 -0.829169 0.405492
v -0.085108 -0.816818 0.404346
v 0.430967 -0.568389 0.438834
v 0.525059 -0.525171 0.410512
v 0.529965 -0.508834 0.418770
v -0.608894 -0.399210 0.451843
v -0.618661 -0.237433 0.442773
v 0.754658 -0.099733 0.438967
v 0.748674 -0.081460 0.443224
v 0.000975 -0.825714 0.408942
v 0.005064 -0.815878 0.412532
v -0.372205 -0.619889 0.426756
v -0.567639 -0.485021 0.415045
v 0.611163 -0.428395 0.422359
v 0.635713 -0.401642 0.410269
v -0.654018 -0.381590 0.414033
v 0.689324 -0.325523 0.410303
v 0.663102 -0.361502 0.418371
v -0.692246 -0.279479 0.446867
v 0.698646 -0.296199 0.414302
v 0.714014 -0.263246 0.422818
v -0.635608 -0.191676 0.447519
v -0.703240 -0.061290 0.424615
v -0.047870 -0.819722 0.410400
v 0.055111 -0.815913 0.408258
v 0.464379 -0.536507 0.450682
v -0.462099 -0.570953 0.422596
v -0.569758 -0.310958 0.443524
v 0.649758 -0.170743 0.438670
v 0.688603 -0.066544 0.453388
v -0.072673 -0.697171 0.430758
v 0.058440 -0.697123 0.430849
v -0.158680 -0.670177 0.459412
v 0.594694 -0.453548 0.418358
v 0.652507 -0.373775 0.418466
v 0.688712 -0.304329 0.426218
v 0.737486 -0.148366 0.450236
v 0.148577 -0.660935 0.476764
v -0.488129 -0.533511 0.447250
v -0.498455 -0.535058 0.434963
v 0.538539 -0.499745 0.430713
v 0.389253 -0.456102 0.500316
v 0.667231 -0.332815 0.430469
v -0.733894 -0.084886 0.479862
v 0.686752 -0.075392 0.509748
v 0.246933 -0.660395 0.442864
v -0.257113 -0.666281 0.430661
v 0.504906 -0.517075 0.442733
v 0.426784 -0.439858 0.487296
v -0.306034 -0.623640 0.467127
v 0.397924 -0.579848 0.447418
v 0.566135 -0.477764 0.435016
v 0.598696 -0.436371 0.438713
v -0.732980 -0.077975 0.472305
v 0.345311 -0.619470 0.443307
v -0.343602 -0.452191 0.542006
v -0.521521 -0.505031 0.438840
v -0.635158 -0.382059 0.443187
v -0.533830 -0.336025 0.480218
v -0.723648 -0.156591 0.479005
v 0.660056 -0.069768 0.486750
v 0.242801 -0.631625 0.483962
v -0.359077 -0.605125 0.451209
v -0.395813 -0.583440 0.451189
v -0.201370 -0.539150 0.496434
v 0.195257 -0.548321 0.488121
v 0.505220 -0.503740 0.456421
v -0.547166 -0.467908 0.455545
v -0.565181 -0.468140 0.434794
v 0.688194 -0.283870 0.438729
v 0.697511 -0.263426 0.446848
v 0.680617 -0.226409 0.487630
v 0.647154 -0.077585 0.487931
v -0.102147 -0.563977 0.492278
v -0.478048 -0.529115 0.466932
v 0.509110 -0.500419 0.468439
v 0.545971 -0.476446 0.453054
v -0.471165 -0.439211 0.451193
v 0.627494 -0.381136 0.438613
v -0.649303 -0.332382 0.459838
v 0.658531 -0.328525 0.450993
v 0.554461 -0.335697 0.458915
v 0.087124 -0.659364 0.492126
v 0.286083 -0.457732 0.562474
v 0.623776 -0.378155 0.455172
v -0.662741 -0.290931 0.482926
v 0.033880 -0.678005 0.467601
v -0.248550 -0.610145 0.517257
v 0.389850 -0.582529 0.459324
v -0.606563 -0.394166 0.467497
v 0.639954 -0.337523 0.459300
v 0.680297 -0.284658 0.455449
v 0.587124 -0.167053 0.520440
v -0.125905 -0.655473 0.492159
v 0.153689 -0.565324 0.475722
v 0.427081 -0.545016 0.472360
v -0.443536 -0.443577 0.476080
v 0.573200 -0.290944 0.455279
v -0.573605 -0.258850 0.484085
v -0.735855 -0.103931 0.479781
v -0.031695 -0.660790 0.496312
v 0.409902 -0.533185 0.500851
v 0.481194 -0.513012 0.472497
v -0.502343 -0.510951 0.467966
v -0.535012 -0.480513 0.463966
v -0.679859 -0.284021 0.459568
v 0.726041 -0.092341 0.488326
v -0.314519 -0.607519 0.479858
v -0.395312 -0.578550 0.464327
v 0.062991 -0.572588 0.480317
v -0.416306 -0.553835 0.471938
v -0.440990 -0.541704 0.468052
v -0.450407 -0.539434 0.462847
v -0.462457 -0.524402 0.475459
v 0.468434 -0.522585 0.463635
v -0.518127 -0.496011 0.463861
v 0.529316 -0.481324 0.471697
v -0.563743 -0.441224 0.463631
v 0.620620 -0.369935 0.463336
v 0.667653 -0.279696 0.475794
v 0.559998 -0.229128 0.517225
v -0.351158 -0.597189 0.475753
v 0.373727 -0.578596 0.471402
v 0.001218 -0.576409 0.479838
v 0.561187 -0.414892 0.495563
v 0.661098 -0.255094 0.500401
v 0.566968 -0.203854 0.525012
v 0.722724 -0.085664 0.489133
v -0.645478 -0.069277 0.503033
v -0.424101 -0.456815 0.477615
v -0.600934 -0.352194 0.508304
v 0.459757 -0.349020 0.550078
v 0.344647 -0.594561 0.480056
v -0.433898 -0.541663 0.483982
v 0.423458 -0.542041 0.484063
v -0.569696 -0.422923 0.480005
v 0.607279 -0.361749 0.491984
v 0.521474 -0.295033 0.512555
v -0.533408 -0.303401 0.492438
v 0.687126 -0.164969 0.512453
v 0.497153 -0.503675 0.478576
v 0.509751 -0.489508 0.479286
v 0.639789 -0.312169 0.487383
v -0.674132 -0.267929 0.479609
v 0.660197 -0.267218 0.488100
v 0.722621 -0.148273 0.475695
v 0.615206 -0.105256 0.513124
v -0.424989 -0.535443 0.492647
v -0.283410 -0.451949 0.574869
v 0.485442 -0.500282 0.484113
v -0.506980 -0.471931 0.503783
v -0.397329 -0.452175 0.504889
v -0.653738 -0.278626 0.495896
v 0.453524 -0.340096 0.562711
v 0.491302 -0.326962 0.529789
v -0.544850 -0.245572 0.526099
v -0.445870 -0.529212 0.488805
v 0.496354 -0.488271 0.492848
v -0.568136 -0.392122 0.504209
v -0.431279 -0.398388 0.521442
v -0.481486 -0.335759 0.533937
v 0.149715 -0.543685 0.508878
v 0.335668 -0.448135 0.546131
v 0.508649 -0.474723 0.487956
v 0.578198 -0.371843 0.508521
v -0.551261 -0.195898 0.546137
v 0.655758 -0.221551 0.525006
v -0.606041 -0.077436 0.533539
v 0.658739 -0.070220 0.510329
v 0.152709 -0.619402 0.537135
v 0.226344 -0.618389 0.516607
v 0.353068 -0.571869 0.496304
v -0.139347 -0.542907 0.512647
v 0.414245 -0.528499 0.501107
v -0.437371 -0.530240 0.496473
v 0.451425 -0.505164 0.500450
v -0.559519 -0.389439 0.521023
v 0.635598 -0.289531 0.504342
v -0.672520 -0.209670 0.516693
v -0.306883 -0.586886 0.513489
v -0.311049 -0.579513 0.524892
v 0.258877 -0.612371 0.509214
v 0.312615 -0.574521 0.530003
v 0.324500 -0.585381 0.504576
v -0.044243 -0.531756 0.541950
v 0.030078 -0.540664 0.529524
v 0.480837 -0.467779 0.520380
v 0.492796 -0.482736 0.504253
v 0.508287 -0.461860 0.504611
v 0.021536 -0.633833 0.533010
v -0.130082 -0.633264 0.521134
v 0.328201 -0.567226 0.524945
v 0.393932 -0.541172 0.513549
v -0.462315 -0.513289 0.508723
v -0.485067 -0.488643 0.504363
v 0.566092 -0.365815 0.528539
v 0.681613 -0.085241 0.541769
v -0.392762 -0.534507 0.524896
v -0.510509 -0.435353 0.533515
v 0.434102 -0.382146 0.537031
v 0.623531 -0.288200 0.524831
v -0.669191 -0.115891 0.565819
v -0.068632 -0.633738 0.529306
v -0.384072 -0.524908 0.537350
v 0.414089 -0.528459 0.518113
v -0.453596 -0.500895 0.520809
v -0.518432 -0.435277 0.520951
v -0.592216 -0.344392 0.520398
v -0.134070 -0.620110 0.541945
v -0.333783 -0.563082 0.525518
v -0.429385 -0.521325 0.516595
v -0.477954 -0.477112 0.529592
v 0.488179 -0.434739 0.548752
v 0.091263 -0.621727 0.545501
v 0.245838 -0.606688 0.520954
v -0.322626 -0.566296 0.537299
v 0.398445 -0.533240 0.524970
v 0.516791 -0.426660 0.529228
v -0.621724 -0.304286 0.514483
v -0.680447 -0.092488 0.553542
v 0.676562 -0.099849 0.554606
v 0.538156 -0.081316 0.603794
v -0.289237 -0.572224 0.537370
v 0.112504 -0.510086 0.558239
v 0.434872 -0.488692 0.536416
v 0.389279 -0.378084 0.572758
v 0.488829 -0.266233 0.567644
v 0.602723 -0.071755 0.548822
v 0.218328 -0.609998 0.529509
v 0.283141 -0.574144 0.545129
v -0.397466 -0.524294 0.540583
v -0.467145 -0.479690 0.536373
v -0.490114 -0.447210 0.536717
v -0.567898 -0.349369 0.543242
v -0.589437 -0.320419 0.541194
v -0.452837 -0.319271 0.562415
v 0.617473 -0.275302 0.537290
v -0.627367 -0.230247 0.557602
v 0.546521 -0.129852 0.579194
v 0.584468 -0.074628 0.608674
v -0.089144 -0.629150 0.537611
v -0.196020 -0.609134 0.545919
v -0.187856 -0.610890 0.537883
v -0.272741 -0.582954 0.545720
v 0.226428 -0.605911 0.538093
v 0.328117 -0.550219 0.540830
v 0.411026 -0.499791 0.552540
v 0.432385 -0.472202 0.557926
v 0.496277 -0.419234 0.547801
v 0.545502 -0.373700 0.547242
v 0.534129 -0.191858 0.565108
v 0.668259 -0.156164 0.540773
v -0.244389 -0.607953 0.529995
v 0.271109 -0.583150 0.546361
v 0.385881 -0.527606 0.541373
v -0.448811 -0.492368 0.540665
v -0.209502 -0.452889 0.604406
v 0.586697 -0.308241 0.551763
v 0.627126 -0.217717 0.561115
v -0.228463 -0.607013 0.539298
v 0.303096 -0.525872 0.587234
v 0.195239 -0.456452 0.599779
v 0.224133 -0.491215 0.550119
v -0.457555 -0.464364 0.550993
v 0.471870 -0.447613 0.547348
v -0.416570 -0.340381 0.583640
v -0.027602 -0.623683 0.549969
v -0.375405 -0.525742 0.549934
v 0.521562 -0.402527 0.544834
v 0.659552 -0.123850 0.569020
v 0.577409 -0.071127 0.581056
v -0.172057 -0.599022 0.557870
v 0.214283 -0.593400 0.557717
v -0.389451 -0.500306 0.569141
v 0.447559 -0.315059 0.575280
v -0.536428 -0.077831 0.608120
v -0.666752 -0.085716 0.566076
v -0.532575 -0.075777 0.669895
v 0.107617 -0.607861 0.557550
v -0.280917 -0.558834 0.566159
v -0.384210 -0.512784 0.557567
v 0.398419 -0.489071 0.565537
v -0.519296 -0.373753 0.575438
v -0.571838 -0.291835 0.578374
v -0.474094 -0.249762 0.589044
v -0.590641 -0.069208 0.592380
v -0.179994 -0.595426 0.566481
v -0.297892 -0.533091 0.579404
v 0.350018 -0.516036 0.573127
v 0.500785 -0.398156 0.565172
v 0.488707 -0.404659 0.565517
v -0.539160 -0.349332 0.574368
v 0.537338 -0.359086 0.561875
v 0.628492 -0.082554 0.596132
v -0.002746 -0.603867 0.570413
v 0.070909 -0.602972 0.570244
v 0.144914 -0.582573 0.580864
v 0.274814 -0.558006 0.576092
v -0.333472 -0.529780 0.569874
v -0.371989 -0.512920 0.560889
v -0.445527 -0.423033 0.586290
v -0.462011 -0.439194 0.569651
v 0.306786 -0.410172 0.591104
v -0.502272 -0.383987 0.578278
v 0.582707 -0.303501 0.556758
v 0.573882 -0.254366 0.598047
v 0.119680 -0.579294 0.591016
v -0.212486 -0.553984 0.596705
v -0.228167 -0.577508 0.574115
v 0.329695 -0.509029 0.586523
v -0.385169 -0.492624 0.573665
v -0.412314 -0.476401 0.572202
v -0.234550 -0.435221 0.605579
v -0.337549 -0.335936 0.637140
v 0.605189 -0.202022 0.590254
v -0.072870 -0.598770 0.582843
v -0.044487 -0.597658 0.578201
v 0.287106 -0.546277 0.574357
v 0.365666 -0.504791 0.569494
v 0.455231 -0.431117 0.578317
v 0.505439 -0.377215 0.578064
v 0.528901 -0.359820 0.574477
v 0.572311 -0.230836 0.606636
v 0.516113 -0.074386 0.631685
v 0.033958 -0.601586 0.578528
v 0.103072 -0.599180 0.574407
v -0.104784 -0.593574 0.578068
v -0.138993 -0.577431 0.590036
v -0.167706 -0.582286 0.576991
v 0.181253 -0.578690 0.578488
v -0.240798 -0.549525 0.600746
v 0.361810 -0.487843 0.594297
v -0.486525 -0.394281 0.588247
v -0.566999 -0.242558 0.610931
v 0.565148 -0.210083 0.626428
v -0.499379 -0.175248 0.604358
v -0.318806 -0.514258 0.598476
v 0.133158 -0.460043 0.611376
v 0.414961 -0.450175 0.594440
v -0.482059 -0.377868 0.601197
v -0.403047 -0.311448 0.603362
v 0.631872 -0.164794 0.578457
v -0.616469 -0.156419 0.606017
v 0.645005 -0.089443 0.587340
v -0.018703 -0.592410 0.582374
v -0.014339 -0.588867 0.590891
v -0.375637 -0.488156 0.586203
v 0.343538 -0.492676 0.594296
v -0.400742 -0.465026 0.593918
v 0.394161 -0.442895 0.606340
v 0.505652 -0.368921 0.588290
v 0.389631 -0.335639 0.610922
v -0.625440 -0.093196 0.614172
v 0.115495 -0.566555 0.611834
v 0.074321 -0.577912 0.594710
v 0.172416 -0.579352 0.587512
v -0.225064 -0.553122 0.597965
v -0.265033 -0.556403 0.582501
v -0.293034 -0.522929 0.602707
v 0.488393 -0.354639 0.606831
v 0.470710 -0.220668 0.608136
v 0.635739 -0.107602 0.598498
v 0.548682 -0.072569 0.605971
v -0.064898 -0.589575 0.594420
v -0.121266 -0.570798 0.595313
v -0.139057 -0.570997 0.599488
v 0.144736 -0.574997 0.595566
v 0.214786 -0.553109 0.601580
v 0.299121 -0.526078 0.595243
v -0.346815 -0.465557 0.615005
v 0.333821 -0.501136 0.595412
v -0.002742 -0.447518 0.636501
v 0.381922 -0.426953 0.631274
v -0.388213 -0.472123 0.590079
v 0.434485 -0.430829 0.589931
v 0.467096 -0.406319 0.581797
v 0.467279 -0.401434 0.595872
v 0.444296 -0.414105 0.595649
v 0.410492 -0.311242 0.604175
v 0.065707 -0.575998 0.603090
v -0.325891 -0.500965 0.606205
v 0.324102 -0.497948 0.598698
v 0.444385 -0.261955 0.608139
v -0.089104 -0.582640 0.602057
v 0.013540 -0.583216 0.598738
v -0.111984 -0.573090 0.603449
v -0.023785 -0.561191 0.614099
v 0.227038 -0.553785 0.602466
v 0.263811 -0.534251 0.606731
v -0.306738 -0.512787 0.600294
v 0.431390 -0.418537 0.611351
v 0.339850 -0.340316 0.637908
v 0.498751 -0.312452 0.627469
v 0.512683 -0.328508 0.606817
v -0.412976 -0.245650 0.637647
v -0.616132 -0.111772 0.623138
v 0.590650 -0.168719 0.619131
v -0.037479 -0.566736 0.616333
v 0.088094 -0.567115 0.607290
v -0.048267 -0.448733 0.637542
v 0.324487 -0.447976 0.644223
v 0.353310 -0.464031 0.611993
v -0.126915 -0.449970 0.628729
v -0.410864 -0.439880 0.602474
v -0.424119 -0.417393 0.607221
v -0.522962 -0.295950 0.622842
v 0.494648 -0.125687 0.624727
v 0.620367 -0.096470 0.614888
v -0.072976 -0.574597 0.607254
v 0.132037 -0.553831 0.614710
v 0.165381 -0.558158 0.605781
v 0.185468 -0.545878 0.615328
v -0.269136 -0.514812 0.627056
v 0.308606 -0.497054 0.615186
v -0.363756 -0.443044 0.627241
v 0.174582 -0.452791 0.608930
v 0.464265 -0.398405 0.603408
v -0.446265 -0.374241 0.631283
v 0.539571 -0.295884 0.606678
v -0.449336 -0.212568 0.628712
v 0.013573 -0.568165 0.619198
v 0.002646 -0.563058 0.615420
v -0.056370 -0.566567 0.615575
v 0.095549 -0.564249 0.615314
v 0.079557 -0.561496 0.619494
v 0.223452 -0.529151 0.622319
v -0.164252 -0.435320 0.629185
v -0.416067 -0.422820 0.616154
v 0.219850 -0.382619 0.645555
v -0.461597 -0.390121 0.611725
v -0.342005 -0.315459 0.640988
v -0.116886 -0.540793 0.635441
v 0.021347 -0.535041 0.643898
v 0.025691 -0.525575 0.656230
v 0.164940 -0.533485 0.635352
v -0.203466 -0.537475 0.618966
v 0.239012 -0.532586 0.618193
v 0.266845 -0.521499 0.610178
v 0.288148 -0.505111 0.612744
v -0.338242 -0.452657 0.632135
v -0.259288 -0.340389 0.673500
v 0.451249 -0.386812 0.617036
v -0.470428 -0.340986 0.639327
v -0.506123 -0.292043 0.635529
v 0.397710 -0.262010 0.639121
v 0.525331 -0.267180 0.633896
v -0.072130 -0.549862 0.641623
v -0.216803 -0.488022 0.659542
v -0.284588 -0.497446 0.631592
v -0.318465 -0.476436 0.630347
v 0.407162 -0.414270 0.626279
v 0.257243 -0.335747 0.674574
v 0.484228 -0.337587 0.624084
v 0.352376 -0.311179 0.639148
v -0.543638 -0.259378 0.622826
v 0.588810 -0.140188 0.635479
v -0.493139 -0.071955 0.659859
v -0.125257 -0.541048 0.626884
v -0.154911 -0.521224 0.643921
v -0.213106 -0.510004 0.639354
v 0.254728 -0.516428 0.622721
v 0.296785 -0.479524 0.631183
v 0.418700 -0.386154 0.637872
v 0.431615 -0.398097 0.626858
v -0.420253 -0.373894 0.643736
v 0.426608 -0.207325 0.645070
v 0.496696 -0.085248 0.637246
v 0.511436 -0.072630 0.642723
v 0.102718 -0.555430 0.623430
v 0.227085 -0.521461 0.631568
v -0.375630 -0.435078 0.631354
v -0.201839 -0.335553 0.695313
v 0.557856 -0.181165 0.642552
v -0.452813 -0.076975 0.677006
v 0.091016 -0.551721 0.635647
v 0.211387 -0.512474 0.634734
v -0.248272 -0.452267 0.672512
v 0.262031 -0.501309 0.634967
v 0.275591 -0.459258 0.655955
v -0.306284 -0.468746 0.635793
v 0.398796 -0.385778 0.656203
v 0.476414 -0.324979 0.635442
v -0.486506 -0.077944 0.653239
v -0.006904 -0.502727 0.672412
v 0.123501 -0.513436 0.656181
v 0.352859 -0.418765 0.647871
v 0.463809 -0.332713 0.644391
v -0.298696 -0.335671 0.657931
v 0.492388 -0.312433 0.636036
v -0.437366 -0.171164 0.653970
v 0.585708 -0.111798 0.646877
v -0.138889 -0.524086 0.647770
v 0.140961 -0.521092 0.649582
v -0.337989 -0.448346 0.640434
v -0.350291 -0.439164 0.635187
v -0.373525 -0.381793 0.668237
v 0.386554 -0.397424 0.647716
v -0.412143 -0.386706 0.647851
v -0.449318 -0.357062 0.639686
v -0.490159 -0.312559 0.642294
v 0.558976 -0.082823 0.661336
v -0.096800 -0.529374 0.647729
v -0.130183 -0.512977 0.654396
v 0.155979 -0.517121 0.647404
v 0.235196 -0.476259 0.666424
v 0.287609 -0.447730 0.665251
v -0.285129 -0.456131 0.656951
v 0.067181 -0.423115 0.647090
v 0.492105 -0.275898 0.651793
v -0.494530 -0.296128 0.645190
v 0.504660 -0.226025 0.668640
v 0.388066 -0.199919 0.670234
v -0.538872 -0.172740 0.667736
v -0.572380 -0.093342 0.664475
v -0.488119 -0.070442 0.675034
v -0.040016 -0.513142 0.672107
v 0.002370 -0.530365 0.652441
v 0.110185 -0.533545 0.648068
v 0.210958 -0.494248 0.651702
v -0.327044 -0.443234 0.649450
v -0.343143 -0.424689 0.659881
v 0.340337 -0.425016 0.656395
v -0.355294 -0.422164 0.647602
v 0.137382 -0.374046 0.672419
v -0.461896 -0.337001 0.643309
v 0.440105 -0.328970 0.663880
v 0.472118 -0.295783 0.656885
v 0.331616 -0.241221 0.682930
v 0.443721 -0.105156 0.666341
v 0.156777 -0.471497 0.692233
v 0.414161 -0.353228 0.661723
v -0.457012 -0.326497 0.656200
v 0.286155 -0.303144 0.673019
v 0.572197 -0.092990 0.660128
v -0.072933 -0.524889 0.657308
v -0.158802 -0.505420 0.661600
v 0.156741 -0.504464 0.663977
v -0.305962 -0.447340 0.658055
v -0.147403 -0.340171 0.704365
v -0.392028 -0.374371 0.667119
v -0.284146 -0.319358 0.668859
v 0.422447 -0.150360 0.667187
v 0.434530 -0.077518 0.683641
v -0.088626 -0.524078 0.660674
v 0.029670 -0.509318 0.666267
v -0.208358 -0.475404 0.667720
v 0.316464 -0.435715 0.654512
v 0.333664 -0.418916 0.663956
v 0.166253 -0.340664 0.695914
v -0.404349 -0.365850 0.660991
v -0.416718 -0.353386 0.667990
v -0.350035 -0.237279 0.678127
v 0.477117 -0.276276 0.668019
v -0.498223 -0.230559 0.672987
v 0.046042 -0.484300 0.697235
v 0.090979 -0.500957 0.676783
v -0.183821 -0.475865 0.672581
v 0.463812 -0.242397 0.694043
v 0.480643 -0.197675 0.701485
v -0.408070 -0.084932 0.699122
v 0.486275 -0.073003 0.666940
v -0.080835 -0.518009 0.668036
v -0.121491 -0.496599 0.676049
v -0.150374 -0.497745 0.664314
v -0.264923 -0.427255 0.685172
v -0.331247 -0.398086 0.677054
v 0.369178 -0.377646 0.670173
v 0.391619 -0.357545 0.678249
v -0.387578 -0.349331 0.685020
v 0.294393 -0.266128 0.688434
v 0.472245 -0.263316 0.672179
v -0.445741 -0.271746 0.697668
v -0.052674 -0.504818 0.676564
v 0.016740 -0.514443 0.668475
v -0.088602 -0.509202 0.670468
v 0.009056 -0.496368 0.679951
v 0.123888 -0.496825 0.677072
v -0.161641 -0.484740 0.668683
v 0.270972 -0.426888 0.681871
v 0.332502 -0.385040 0.684348
v -0.064967 -0.339592 0.713604
v 0.415981 -0.320525 0.688618
v 0.434777 -0.313878 0.672642
v -0.461235 -0.292016 0.669322
v -0.378898 -0.166985 0.689478
v 0.533223 -0.107698 0.692455
v -0.538134 -0.100134 0.692593
v 0.445679 -0.072112 0.684600
v -0.195532 -0.472608 0.676756
v -0.167056 -0.463460 0.684759
v 0.226473 -0.459641 0.677062
v 0.299864 -0.399589 0.689237
v -0.330692 -0.382006 0.692608
v -0.363428 -0.365588 0.684434
v 0.442158 -0.292060 0.683860
v 0.484178 -0.132094 0.724206
v -0.150329 -0.480851 0.681067
v 0.138502 -0.480432 0.685152
v -0.232948 -0.447751 0.685294
v 0.356831 -0.345293 0.703731
v 0.215026 -0.335970 0.686704
v -0.279829 -0.270253 0.694247
v 0.348104 -0.142266 0.709927
v -0.084747 -0.488394 0.688207
v 0.022762 -0.468310 0.702357
v -0.134400 -0.472270 0.686162
v -0.281761 -0.403162 0.700917
v 0.320225 -0.390705 0.689067
v 0.369052 -0.350367 0.688930
v -0.416626 -0.287563 0.706984
v -0.176458 -0.322660 0.702379
v -0.423069 -0.069916 0.705396
v -0.039460 -0.476119 0.702703
v 0.005051 -0.479892 0.696462
v -0.183493 -0.456019 0.692910
v 0.193581 -0.459715 0.686320
v -0.375724 -0.352595 0.692050
v 0.394857 -0.329463 0.688678
v 0.447312 -0.275690 0.684835
v 0.448527 -0.246713 0.700959
v 0.265470 -0.232998 0.712697
v -0.325264 -0.212328 0.699857
v -0.468603 -0.096064 0.741280
v 0.389119 -0.077210 0.708820
v -0.462045 -0.083974 0.738797
v -0.347415 -0.066350 0.789151
v -0.076797 -0.471538 0.705062
v -0.146300 -0.455864 0.700511
v 0.218060 -0.451001 0.690832
v -0.256280 -0.424827 0.697263
v 0.246454 -0.430364 0.697068
v -0.027589 -0.339799 0.714123
v 0.191113 -0.299095 0.705124
v 0.418587 -0.295810 0.694722
v -0.456410 -0.234603 0.705072
v 0.013169 -0.457319 0.713574
v 0.031088 -0.471750 0.705493
v 0.061829 -0.480903 0.692671
v 0.139833 -0.443683 0.715586
v -0.162335 -0.459866 0.688235
v 0.151521 -0.444026 0.707165
v -0.232746 -0.431944 0.693110
v -0.344074 -0.369647 0.693169
v -0.363578 -0.344924 0.698721
v 0.438877 -0.263416 0.704219
v -0.221943 -0.266078 0.714630
v 0.452660 -0.075798 0.723700
v -0.056002 -0.434129 0.729162
v -0.132487 -0.435025 0.717400
v 0.185585 -0.448070 0.701974
v 0.270820 -0.386106 0.718303
v 0.324747 -0.353320 0.711981
v 0.324695 -0.328662 0.723905
v 0.361074 -0.328873 0.708014
v 0.390115 -0.312193 0.707954
v -0.396035 -0.267534 0.729272
v -0.263252 -0.204080 0.725943
v 0.319140 -0.208210 0.700772
v 0.492405 -0.093013 0.723431
v 0.392481 -0.070106 0.713868
v -0.113101 -0.418435 0.729439
v -0.149564 -0.439827 0.705958
v 0.230821 -0.402439 0.713325
v -0.260060 -0.398543 0.715213
v -0.266466 -0.390408 0.713627
v -0.289682 -0.382697 0.712183
v 0.287078 -0.382450 0.705219
v -0.310497 -0.373759 0.704172
v -0.326671 -0.370294 0.705857
v -0.381113 -0.308294 0.715378
v 0.110049 -0.315305 0.711728
v -0.089699 -0.322868 0.712370
v 0.422730 -0.283357 0.700691
v 0.451698 -0.197528 0.721508
v 0.045933 -0.449496 0.717398
v 0.119977 -0.447429 0.713178
v -0.346704 -0.353008 0.708468
v 0.021748 -0.311318 0.718896
v -0.465491 -0.181425 0.717669
v -0.052569 -0.315194 0.717287
v -0.371642 -0.315693 0.712746
v 0.357336 -0.316795 0.715169
v 0.104252 -0.262023 0.737016
v 0.418383 -0.259333 0.712439
v -0.399412 -0.210097 0.745905
v 0.290260 -0.171134 0.724822
v 0.319184 -0.125788 0.727996
v -0.316901 -0.077067 0.747006
v 0.387604 -0.067899 0.724789
v -0.036691 -0.439388 0.729952
v 0.135708 -0.422619 0.725256
v -0.299475 -0.365299 0.711836
v -0.289594 -0.361357 0.716307
v -0.303758 -0.353003 0.725419
v 0.406465 -0.275279 0.717763
v -0.425022 -0.263069 0.711112
v -0.449619 -0.169147 0.730128
v 0.484627 -0.085530 0.723221
v 0.355491 -0.068627 0.734435
v 0.038460 -0.435822 0.731258
v -0.019618 -0.439679 0.724042
v 0.067068 -0.415757 0.743662
v 0.149100 -0.422622 0.725349
v -0.126286 -0.414894 0.728041
v 0.185096 -0.390547 0.734145
v 0.247367 -0.393869 0.719653
v -0.255989 -0.370401 0.729241
v 0.340888 -0.320438 0.726526
v -0.362680 -0.307821 0.725468
v -0.197061 -0.232948 0.733564
v -0.396217 -0.226620 0.744292
v 0.103046 -0.415348 0.740747
v -0.154450 -0.377371 0.750355
v -0.255811 -0.382797 0.726920
v 0.267149 -0.365812 0.731145
v -0.294137 -0.341630 0.730326
v 0.153854 -0.224896 0.745980
v 0.422729 -0.238421 0.721338
v 0.240718 -0.187571 0.736531
v -0.404171 -0.156552 0.765778
v 0.314881 -0.076874 0.742898
v 0.025915 -0.435154 0.730232
v -0.084156 -0.443490 0.723504
v -0.002615 -0.438352 0.729723
v 0.226676 -0.377562 0.735463
v -0.269349 -0.357260 0.734092
v -0.371656 -0.271108 0.736883
v 0.050626 -0.249622 0.746346
v -0.081425 -0.212426 0.758451
v 0.386227 -0.247668 0.737872
v -0.051665 -0.426554 0.738165
v -0.032599 -0.427704 0.733671
v 0.328619 -0.300300 0.741012
v 0.095950 -0.216619 0.756019
v 0.204349 -0.195834 0.744564
v -0.209084 -0.048252 0.788682
v 0.281988 -0.105152 0.748109
v -0.320612 -0.067613 0.751881
v 0.333776 -0.064023 0.757598
v -0.104401 -0.407305 0.742764
v 0.140883 -0.406663 0.738764
v -0.117511 -0.399596 0.738542
v -0.334797 -0.275120 0.751228
v -0.106252 -0.191716 0.762928
v -0.400164 -0.197443 0.752360
v 0.418724 -0.107562 0.766044
v 0.443272 -0.092651 0.754158
v -0.369206 -0.066103 0.737877
v 0.029417 -0.426913 0.738053
v 0.041896 -0.422897 0.737746
v 0.111165 -0.407343 0.740058
v -0.223762 -0.340641 0.758394
v 0.206128 -0.357523 0.748272
v 0.283272 -0.324567 0.744749
v -0.310598 -0.312344 0.745420
v -0.155827 -0.208236 0.750337
v -0.400853 -0.173193 0.758243
v 0.427101 -0.085586 0.760244
v 0.322149 -0.065146 0.750793
v -0.060627 -0.407391 0.746151
v -0.088464 -0.392033 0.750803
v 0.148789 -0.381852 0.745761
v -0.118315 -0.394559 0.739628
v -0.126310 -0.389821 0.744144
v 0.176842 -0.385709 0.742839
v -0.178727 -0.365707 0.751477
v -0.212292 -0.357515 0.747963
v -0.240260 -0.341416 0.749532
v -0.298753 -0.308229 0.747176
v 0.312570 -0.287777 0.750385
v 0.353310 -0.262896 0.743580
v 0.341471 -0.243183 0.760149
v 0.385575 -0.185325 0.762153
v 0.149738 -0.191689 0.758268
v 0.174636 -0.166943 0.760499
v 0.215892 -0.150482 0.754930
v -0.401654 -0.084828 0.778875
v 0.361996 -0.074477 0.784745
v -0.077156 -0.398714 0.751484
v 0.052877 -0.402356 0.750080
v 0.058460 -0.407043 0.743805
v 0.103530 -0.390037 0.753208
v -0.101176 -0.390681 0.751618
v -0.019552 -0.208241 0.762464
v 0.144458 -0.370756 0.758453
v -0.190681 -0.353423 0.751861
v -0.269627 -0.316245 0.754875
v 0.291216 -0.294869 0.758061
v -0.266919 -0.060751 0.772302
v 0.281276 -0.061830 0.764101
v -0.298977 -0.058316 0.770591
v -0.048403 -0.399074 0.754460
v -0.068745 -0.377744 0.763861
v 0.067557 -0.381821 0.761756
v -0.093469 -0.386216 0.759513
v 0.164850 -0.348963 0.764729
v 0.206484 -0.344496 0.756129
v -0.200106 -0.340239 0.760510
v 0.369525 -0.144577 0.780903
v -0.433810 -0.095718 0.762703
v 0.046685 -0.308036 0.793223
v 0.132330 -0.361833 0.761256
v -0.186330 -0.349176 0.763309
v 0.210069 -0.336165 0.766287
v -0.330603 -0.246859 0.767888
v 0.320219 -0.234415 0.773025
v -0.347084 -0.205183 0.774279
v 0.058827 -0.154497 0.777402
v 0.207559 -0.077404 0.777528
v 0.267835 -0.053850 0.778965
v -0.011154 -0.378374 0.766672
v -0.077633 -0.377608 0.766601
v -0.121198 -0.336175 0.787531
v -0.186915 -0.324502 0.781521
v 0.194670 -0.332266 0.765902
v 0.217226 -0.321003 0.766946
v 0.275950 -0.287527 0.764588
v -0.289221 -0.263175 0.776268
v 0.226853 -0.045481 0.788034
v 0.063369 -0.345018 0.782538
v 0.099712 -0.325204 0.789406
v -0.068994 -0.158677 0.775622
v 0.013433 -0.171004 0.774119
v 0.145358 -0.059761 0.791497
v -0.184431 -0.059925 0.788008
v 0.394241 -0.085323 0.779226
v -0.101490 -0.348823 0.784893
v 0.202492 -0.323931 0.774274
v -0.212022 -0.313776 0.778848
v 0.185887 -0.316353 0.774731
v -0.235753 -0.299813 0.774071
v 0.299841 -0.238676 0.778190
v -0.338916 -0.164177 0.792073
v -0.338890 -0.152421 0.799046
v 0.198713 -0.044210 0.788669
v -0.027481 -0.251240 0.824182
v -0.175556 -0.336457 0.773209
v 0.168409 -0.317003 0.779746
v 0.160179 -0.325253 0.782003
v 0.202703 -0.299990 0.785879
v -0.200287 -0.307993 0.782810
v 0.225588 -0.278974 0.786452
v 0.258925 -0.250872 0.791309
v 0.312261 -0.181146 0.796811
v -0.060776 -0.117325 0.785915
v 0.377789 -0.091774 0.789056
v -0.007245 -0.349327 0.781514
v 0.194674 -0.287821 0.788356
v 0.062842 -0.133006 0.781704
v -0.342437 -0.103661 0.807240
v -0.023433 -0.092333 0.790081
v 0.058491 -0.087845 0.786762
v 0.095723 -0.088327 0.787798
v 0.250895 -0.050054 0.806182
v 0.038203 -0.062808 0.785992
v -0.010933 -0.021400 0.786538
v 0.050165 -0.030101 0.784191
v 0.061595 -0.006020 0.787336
v -0.007329 0.035193 0.786418
v -0.047702 -0.021718 0.795023
v -0.026654 0.027138 0.787713
v -0.070853 -0.312291 0.798342
v -0.057706 -0.291166 0.806104
v 0.136475 -0.300050 0.793199
v -0.208810 -0.291999 0.791154
v -0.101621 -0.047131 0.795905
v -0.155249 -0.039395 0.795404
v -0.359135 -0.080834 0.800369
v -0.252846 -0.044899 0.810418
v 0.000884 0.066893 0.793371
v -0.018687 0.055064 0.790333
v -0.085454 -0.336766 0.788249
v -0.076622 -0.308035 0.804735
v -0.204708 -0.275684 0.795081
v -0.256935 -0.254822 0.792129
v -0.270139 -0.258406 0.787231
v -0.272872 -0.243109 0.789813
v -0.285699 -0.192721 0.804396
v 0.340947 -0.152382 0.792543
v 0.238211 -0.053515 0.829447
v 0.094410 0.002386 0.801956
v -0.228664 -0.040019 0.796199
v -0.166993 -0.025389 0.802303
v 0.136689 -0.023415 0.799077
v -0.066941 0.025094 0.801043
v 0.061258 0.022056 0.794358
v -0.023566 0.061629 0.796317
v -0.010529 0.069675 0.796483
v -0.134055 -0.324614 0.794398
v 0.073795 -0.320503 0.789137
v 0.017671 -0.255142 0.821504
v -0.125884 -0.312083 0.798146
v -0.178628 -0.304274 0.792608
v 0.152617 -0.287906 0.799091
v 0.214653 -0.271713 0.796695
v 0.342407 -0.103433 0.803239
v -0.101431 -0.018264 0.798302
v 0.168751 -0.025235 0.803042
v 0.135745 -0.014091 0.804910
v 0.031714 0.059390 0.803794
v 0.004530 0.071368 0.796798
v -0.093653 -0.312851 0.803334
v 0.054523 -0.275699 0.814436
v 0.095283 -0.295902 0.799900
v -0.171409 -0.258626 0.813937
v 0.206666 -0.268162 0.795527
v -0.247981 -0.243081 0.803114
v 0.246508 -0.222567 0.804396
v -0.285557 -0.181256 0.810561
v -0.125185 -0.008364 0.805543
v -0.095914 0.007977 0.805169
v 0.068864 0.029008 0.804237
v 0.000708 0.074982 0.803718
v 0.074755 -0.291812 0.805196
v -0.179302 -0.279388 0.800422
v 0.201640 -0.247346 0.807804
v -0.229059 -0.259616 0.800164
v -0.232230 -0.222166 0.812406
v 0.011953 0.071618 0.803500
v -0.085981 -0.308973 0.802931
v 0.141110 -0.250978 0.812350
v -0.233227 -0.238517 0.802749
v 0.222344 -0.226144 0.809251
v -0.293891 -0.156779 0.811177
v 0.332593 -0.080419 0.807801
v -0.219806 -0.052167 0.844738
v -0.166218 -0.019469 0.815081
v 0.110207 0.002419 0.812089
v -0.009655 0.074176 0.814956
v -0.130161 -0.296758 0.807912
v -0.089880 -0.292863 0.805896
v 0.128130 -0.212818 0.831786
v -0.113158 -0.284158 0.808507
v -0.141918 -0.258952 0.811037
v -0.164046 -0.262888 0.809004
v 0.120222 -0.263749 0.807106
v -0.187415 -0.226033 0.818233
v -0.330499 -0.083920 0.814508
v 0.007932 0.073820 0.818850
v -0.101573 -0.292412 0.808352
v -0.056141 -0.276079 0.818312
v -0.098309 -0.283527 0.813570
v 0.066621 -0.263264 0.814530
v -0.102073 -0.255273 0.817494
v 0.304341 -0.140264 0.811634
v 0.291787 -0.091463 0.825541
v -0.104098 0.005744 0.818979
v -0.109206 -0.275705 0.815968
v -0.133370 -0.246832 0.823260
v -0.068735 -0.268344 0.815715
v 0.136980 -0.217600 0.827997
v 0.193674 -0.197782 0.825904
v -0.249018 -0.143987 0.827640
v -0.277595 -0.140087 0.823928
v -0.133573 -0.019837 0.851228
v 0.168291 -0.028374 0.838166
v 0.097858 0.007468 0.842272
v 0.000722 0.073018 0.834220
v -0.118335 -0.255622 0.822707
v -0.048159 -0.242525 0.825284
v 0.000918 -0.246596 0.824338
v -0.151038 -0.217501 0.829190
v -0.170596 -0.230542 0.824175
v -0.207846 -0.218286 0.820037
v 0.276503 -0.072917 0.828495
v -0.080803 -0.242674 0.828367
v 0.029769 -0.242791 0.821915
v 0.079046 -0.226295 0.830109
v 0.156646 -0.210338 0.829673
v -0.224460 -0.172770 0.828917
v 0.197750 -0.140554 0.840346
v -0.066715 0.024318 0.838668
v 0.015781 0.067146 0.834435
v -0.006061 0.072380 0.834242
v -0.019873 -0.234723 0.826932
v -0.040830 -0.222768 0.835359
v -0.011444 -0.226128 0.834334
v -0.134327 -0.218590 0.832016
v 0.005286 -0.222710 0.829298
v 0.013888 -0.230342 0.829495
v -0.150376 -0.206823 0.833575
v -0.175204 -0.169114 0.835013
v 0.226612 -0.115874 0.840019
v -0.208206 -0.123868 0.842147
v -0.265192 -0.079550 0.837421
v -0.017322 0.066269 0.834499
v -0.072558 -0.201326 0.838057
v -0.109479 -0.206048 0.838460
v -0.027582 -0.218216 0.831069
v -0.146547 -0.210753 0.834372
v -0.008142 -0.197948 0.838542
v -0.146617 -0.148190 0.846060
v -0.040546 -0.201879 0.836784
v -0.208113 -0.135858 0.836314
v -0.075925 0.008935 0.852744
v 0.016115 0.060414 0.845415
v -0.015999 -0.210241 0.839732
v -0.056783 -0.198066 0.843271
v -0.101309 -0.185781 0.841638
v -0.006084 0.067899 0.841356
v -0.048451 -0.185982 0.840642
v -0.035627 -0.185209 0.846484
v 0.054287 -0.153108 0.853455
v 0.062068 -0.148941 0.851604
v -0.076949 -0.152717 0.852336
v 0.103502 -0.157140 0.848876
v -0.024549 -0.173879 0.845760
v -0.051956 -0.173138 0.843701
v -0.113798 -0.144197 0.848307
v 0.152885 -0.144194 0.846155
v 0.164813 -0.120320 0.848022
v 0.181446 -0.075197 0.852993
v 0.222242 -0.071381 0.845470
v 0.189347 -0.051975 0.849793
v 0.131468 -0.020023 0.851650
v -0.026020 0.050127 0.847351
v 0.009018 0.059107 0.848664
v -0.073336 -0.165125 0.848230
v -0.040023 -0.153778 0.851870
v 0.021427 -0.132772 0.856369
v -0.003059 -0.168985 0.848268
v -0.138529 -0.111730 0.850446
v -0.154656 -0.078971 0.856106
v -0.195693 -0.051148 0.849840
v -0.039972 0.018716 0.854736
v -0.053073 -0.144060 0.853797
v -0.018980 -0.148870 0.850896
v -0.002439 -0.112409 0.854685
v -0.089342 -0.115911 0.856589
v -0.002996 -0.087441 0.857607
v -0.101859 -0.078777 0.858384
v 0.095006 -0.002530 0.853471
v -0.011181 -0.001612 0.851025
v 0.041997 0.026945 0.854361
v 0.017461 0.047239 0.852320
v 0.001370 -0.124735 0.857941
v 0.091638 -0.111594 0.857451
v 0.099575 -0.087601 0.857496
v 0.132406 -0.091132 0.857439
v -0.060591 -0.067026 0.856031
v -0.130031 -0.051250 0.858565
v 0.009573 -0.046705 0.858131
v -0.023139 -0.030687 0.853456
v -0.060862 -0.046483 0.859334
v 0.119909 -0.030694 0.858275
v -0.024376 -0.001375 0.854761
v 0.042465 -0.042590 0.857434
v 0.042171 -0.063317 0.860281
v 0.091819 -0.062890 0.860221
vn -0.0498 -0.0972 -0.9940
vn 0.1064 -0.2186 -0.9700
vn -0.0320 -0.0707 -0.9970
vn 0.0969 -0.2154 -0.9717
vn -0.1939 0.0937 -0.9765
vn 0.0028 -0.0629 -0.9980
vn -0.0162 -0.0229 -0.9996
vn 0.0188 -0.0312 -0.9993
vn -0.0725 0.1331 -0.9884
vn 0.0748 -0.0951 -0.9926
vn -0.0784 -0.0749 -0.9941
vn 0.2727 -0.1130 -0.9554
vn -0.0473 0.1400 -0.9890
vn -0.0539 -0.2406 -0.9691
vn 0.6783 0.2329 -0.6969
vn 0.1772 -0.0881 -0.9802
vn 0.1134 -0.0022 -0.9935
vn -0.0283 -0.0440 -0.9986
vn 0.0539 -0.3419 -0.9382
vn 0.1701 -0.4019 0.8997
vn -0.2448 0.6615 -0.7089
vn 0.0042 -0.2498 -0.9683
vn -0.0536 0.1214 -0.9912
vn -0.1546 -0.1358 -0.9786
vn 0.2328 0.2297 -0.9450
vn 0.1091 -0.0900 -0.9899
vn 0.2863 0.3759 -0.8814
vn -0.1860 -0.5215 -0.8327
vn -0.0717 0.0956 -0.9928
vn 0.2650 0.2844 -0.9214
vn 0.0206 0.0942 -0.9953
vn -0.1019 0.1516 -0.9832
vn 0.2231 0.3023 -0.9267
vn 0.0319 0.0689 -0.9971
vn 0.2716 0.3224 -0.9068
vn -0.0784 0.1243 -0.9891
vn 0.2774 0.2448 -0.9290
vn 0.0638 0.1048 -0.9924
vn 0.1140 -0.0528 -0.9921
vn 0.0457 -0.2932 -0.9550
vn 0.0912 -0.3889 -0.9168
vn -0.0963 -0.1537 -0.9834
vn -0.0178 -0.2125 -0.9770
vn -0.1063 -0.1542 -0.9823
vn -0.0018 -0.2078 -0.9782
vn 0.1788 -0.0676 -0.9816
vn 0.0009 -0.2220 -0.9751
vn 0.2653 -0.0771 -0.9611
vn -0.1114 -0.2924 -0.9498
vn 0.1600 0.0392 -0.9863
vn 0.0049 -0.2468 -0.9691
vn 0.2486 0.1224 -0.9608
vn 0.2366 0.3118 -0.9202
vn -0.0820 -0.3684 -0.9261
vn -0.0597 -0.3524 -0.9340
vn 0.2632 0.2114 -0.9413
vn 0.0712 -0.2985 -0.9517
vn -0.2186 -0.1958 -0.9560
vn 0.1016 -0.1221 -0.9873
vn 0.3231 -0.1011 -0.9409
vn 0.6228 0.0363 -0.7815
vn -0.1855 -0.0327 -0.9821
vn -0.1703 0.0808 -0.9821
vn 0.0219 0.1659 -0.9859
vn 0.3085 0.2207 -0.9253
vn 0.0299 0.2857 -0.9579
vn 0.0350 0.1177 -0.9924
vn 0.0470 -0.0062 -0.9989
vn 0.0312 -0.0146 -0.9994
vn 0.1860 0.3569 -0.9155
vn 0.0463 0.0320 -0.9984
vn 0.0131 0.0252 -0.9996
vn -0.2951 0.5497 -0.7815
vn 0.2247 0.3971 -0.8899
vn 0.0758 0.1747 -0.9817
vn -0.0208 0.0386 -0.9990
vn -0.0330 0.1435 -0.9891
vn 0.1021 0.3811 -0.9189
vn 0.0282 -0.2234 -0.9743
vn -0.1389 -0.3615 -0.9219
vn 0.1737 0.0072 -0.9848
vn 0.2663 -0.2096 -0.9408
vn -0.5210 -0.2066 -0.8282
vn -0.3408 -0.2388 -0.9093
vn -0.1372 -0.1390 -0.9807
vn 0.2100 -0.0030 -0.9777
vn 0.0871 -0.7010 -0.7078
vn 0.2537 0.1637 -0.9533
vn -0.1011 -0.4448 -0.8899
vn -0.0691 -0.3302 -0.9414
vn 0.1686 -0.7330 -0.6590
vn 0.1321 -0.1577 -0.9786
vn 0.3265 -0.1256 -0.9368
vn 0.0575 -0.0933 -0.9940
vn -0.1769 -0.0752 -0.9813
vn -0.0521 -0.0442 -0.9977
vn 0.2801 -0.1785 -0.9432
vn 0.1457 0.2333 -0.9614
vn 0.1480 0.0897 -0.9849
vn -0.2949 0.4646 -0.8350
vn 0.4436 0.7101 -0.5468
vn -0.2898 0.5628 -0.7741
vn 0.0209 0.2668 -0.9635
vn 0.1084 0.2644 -0.9583
vn -0.0869 -0.1873 -0.9784
vn -0.1353 -0.1516 -0.9791
vn -0.3689 -0.1538 -0.9166
vn -0.1286 -0.2207 -0.9668
vn 0.4170 -0.5056 -0.7553
vn 0.2812 -0.2174 -0.9347
vn 0.4583 -0.2676 -0.8476
vn 0.2203 -0.0745 -0.9726
vn 0.0876 -0.3471 -0.9337
vn 0.2045 0.0450 -0.9778
vn 0.0790 -0.3108 -0.9472
vn 0.1268 -0.1635 -0.9784
vn 0.0251 0.1644 -0.9861
vn -0.2851 0.5617 -0.7766
vn 0.1993 -0.1307 -0.9712
vn -0.1404 -0.3334 -0.9323
vn -0.0583 -0.3640 -0.9296
vn 0.3389 -0.4341 -0.8347
vn 0.2306 -0.3457 -0.9096
vn -0.0959 -0.3233 -0.9414
vn 0.0947 -0.2463 -0.9646
vn 0.0851 -0.4697 -0.8787
vn 0.2114 0.0098 -0.9773
vn 0.1608 -0.3467 -0.9241
vn 0.1419 -0.2795 -0.9496
vn 0.1836 -0.1427 -0.9726
vn -0.1441 -0.2612 -0.9545
vn 0.0334 -0.3107 -0.9499
vn -0.1517 -0.2240 -0.9627
vn 0.1256 -0.2221 -0.9669
vn 0.3702 -0.1531 -0.9162
vn 0.3816 -0.1559 -0.9111
vn -0.2814 -0.2321 -0.9311
vn 0.2348 -0.0668 -0.9698
vn 0.5346 0.2408 -0.8101
vn -0.3192 0.5175 -0.7939
vn 0.2885 0.6512 -0.7020
vn 0.2884 0.6375 -0.7144
vn 0.5065 0.8324 -0.2249
vn -0.4839 0.6623 -0.5720
vn 0.0722 -0.3034 -0.9501
vn 0.1007 -0.3599 -0.9275
vn 0.2007 -0.3130 -0.9283
vn 0.2610 -0.4109 -0.8735
vn -0.3638 -0.1231 -0.9233
vn 0.3680 -0.4320 -0.8234
vn 0.3730 -0.1560 -0.9146
vn -0.1761 0.4063 -0.8966
vn -0.3226 -0.1660 -0.9319
vn 0.3416 -0.3153 -0.8854
vn -0.1819 -0.2950 -0.9380
vn 0.0538 -0.3969 -0.9163
vn 0.2868 0.0398 -0.9572
vn 0.1014 -0.5227 -0.8465
vn 0.2421 -0.3364 -0.9101
vn -0.1291 -0.4665 -0.8750
vn -0.2698 -0.2183 -0.9378
vn -0.3035 -0.1080 -0.9467
vn -0.2646 -0.0420 -0.9635
vn 0.2714 0.2575 -0.9274
vn -0.3073 0.5408 -0.7830
vn 0.3148 0.1144 -0.9422
vn -0.3632 0.8192 -0.4439
vn -0.4184 0.6789 -0.6033
vn -0.4296 0.7710 -0.4701
vn 0.5013 0.7611 -0.4115
vn -0.1655 0.6646 -0.7286
vn -0.0432 0.7020 -0.7109
vn 0.2153 0.6891 -0.6919
vn -0.0565 -0.3386 -0.9392
vn -0.0987 -0.3772 -0.9209
vn -0.0368 -0.3273 -0.9442
vn 0.1242 -0.3307 -0.9355
vn -0.4866 -0.1649 -0.8580
vn -0.3182 -0.2195 -0.9223
vn -0.0997 -0.3203 -0.9420
vn 0.0551 -0.3829 -0.9221
vn -0.3577 -0.3337 -0.8722
vn 0.0971 -0.3458 -0.9333
vn -0.1836 -0.2471 -0.9514
vn -0.1675 -0.3808 -0.9094
vn 0.3434 -0.1888 -0.9200
vn 0.3345 0.4327 -0.8372
vn 0.5363 0.8409 -0.0723
vn 0.3061 0.7574 -0.5768
vn 0.0375 -0.3287 -0.9437
vn -0.4648 -0.4811 -0.7433
vn 0.1406 -0.4708 -0.8710
vn -0.0377 -0.2798 -0.9593
vn -0.5236 -0.3459 -0.7786
vn -0.1962 -0.2570 -0.9463
vn 0.2124 -0.3213 -0.9229
vn -0.3167 -0.0980 -0.9435
vn -0.6207 0.7789 -0.0895
vn -0.3818 -0.3401 -0.8594
vn 0.1818 -0.4799 -0.8583
vn 0.0416 -0.4201 -0.9065
vn 0.5116 -0.2309 -0.8276
vn 0.1012 -0.3560 -0.9290
vn -0.4275 -0.3128 -0.8482
vn 0.1292 -0.3083 -0.9425
vn -0.1613 -0.1920 -0.9681
vn -0.1174 -0.4157 -0.9019
vn 0.5277 -0.4978 -0.6882
vn 0.4604 -0.5935 -0.6601
vn 0.0879 -0.5002 -0.8614
vn -0.2273 -0.7270 -0.6479
vn -0.1650 -0.3870 -0.9072
vn 0.3145 0.0109 -0.9492
vn 0.0803 -0.4734 -0.8772
vn 0.1836 -0.2235 -0.9572
vn -0.3728 0.5512 -0.7465
vn -0.3670 0.8028 -0.4698
vn 0.4531 0.8535 -0.2575
vn -0.4375 0.8988 0.0286
vn 0.5700 0.8205 0.0448
vn -0.0411 0.9812 -0.1884
vn -0.1702 -0.0575 -0.9837
vn 0.0920 -0.2540 -0.9628
vn -0.1316 -0.3717 -0.9190
vn -0.6468 -0.1911 -0.7384
vn 0.1405 -0.2267 -0.9638
vn -0.3963 -0.5082 -0.7647
vn 0.2006 0.4340 -0.8783
vn 0.0647 -0.1158 -0.9912
vn 0.0457 -0.4152 -0.9086
vn 0.2827 0.2419 -0.9282
vn 0.1877 -0.5947 -0.7818
vn 0.4735 -0.4244 -0.7719
vn 0.0987 -0.3213 -0.9418
vn -0.2405 -0.3621 -0.9006
vn 0.1771 -0.3983 -0.9000
vn -0.2538 -0.3347 -0.9075
vn 0.3669 -0.0435 -0.9292
vn -0.3642 0.5994 -0.7128
vn 0.3286 0.8412 -0.4294
vn -0.3545 0.9207 -0.1631
vn 0.5440 0.8360 -0.0718
vn 0.3780 0.9164 -0.1317
vn 0.2366 0.9700 -0.0564
vn -0.0152 -0.4114 -0.9113
vn 0.0080 -0.3928 -0.9196
vn 0.2599 -0.1579 -0.9526
vn 0.2006 -0.4144 -0.8877
vn -0.2316 0.3667 -0.9011
vn 0.1474 -0.1589 -0.9762
vn 0.0002 0.1670 -0.9859
vn -0.2977 -0.5581 -0.7745
vn -0.0576 -0.0292 -0.9979
vn 0.1222 -0.0009 -0.9925
vn 0.1150 0.1454 -0.9827
vn 0.0185 -0.3234 -0.9461
vn -0.1907 -0.2580 -0.9471
vn 0.1922 -0.3306 -0.9240
vn -0.2667 -0.2107 -0.9404
vn 0.2204 -0.1218 -0.9678
vn 0.1799 -0.2554 -0.9499
vn 0.1672 -0.3175 -0.9334
vn 0.2162 -0.2594 -0.9413
vn 0.3279 0.2446 -0.9125
vn 0.3127 0.0800 -0.9465
vn 0.1512 -0.3501 -0.9244
vn 0.3175 -0.2686 -0.9094
vn -0.6710 0.7411 0.0245
vn -0.6307 0.7576 -0.1680
vn -0.5816 0.7991 -0.1524
vn -0.5351 0.8250 -0.1820
vn -0.2367 -0.6348 -0.7355
vn 0.0711 -0.4574 -0.8864
vn 0.0902 -0.4578 -0.8845
vn 0.0610 -0.4586 -0.8865
vn 0.0572 -0.4566 -0.8878
vn -0.3274 -0.5659 -0.7567
vn 0.2449 -0.2507 -0.9366
vn 0.3631 -0.2153 -0.9065
vn -0.1583 -0.4962 -0.8536
vn -0.4383 -0.5161 -0.7359
vn 0.0104 -0.6370 -0.7708
vn 0.1550 0.1084 -0.9820
vn 0.1033 -0.2560 -0.9611
vn 0.1208 -0.3436 -0.9313
vn 0.1341 -0.2842 -0.9494
vn 0.3100 -0.2685 -0.9120
vn 0.4105 -0.1809 -0.8937
vn -0.4358 -0.0365 -0.8993
vn 0.3707 -0.0145 -0.9286
vn 0.3636 0.2038 -0.9090
vn 0.3708 0.4974 -0.7842
vn -0.4697 0.8811 -0.0558
vn -0.7851 0.5855 0.2019
vn -0.3420 -0.2558 -0.9042
vn -0.1161 -0.3293 -0.9371
vn 0.0341 0.3940 -0.9185
vn -0.0599 -0.2891 -0.9554
vn 0.2506 -0.5587 -0.7906
vn 0.2429 -0.5549 -0.7956
vn -0.0413 -0.6111 -0.7905
vn 0.2974 0.0989 -0.9496
vn 0.2893 -0.2708 -0.9181
vn -0.1484 -0.7809 -0.6068
vn 0.0777 -0.4789 -0.8744
vn 0.1532 -0.1151 -0.9815
vn 0.0983 -0.0408 -0.9943
vn 0.2600 -0.2941 -0.9197
vn -0.1712 -0.6122 -0.7720
vn -0.0294 -0.1676 -0.9854
vn -0.4146 -0.1161 -0.9026
vn 0.4556 -0.1504 -0.8774
vn 0.4255 0.3533 -0.8332
vn -0.3307 0.7991 -0.5021
vn -0.3598 0.9304 -0.0697
vn -0.2131 0.7745 0.5955
vn -0.2118 0.7729 0.5981
vn -0.0757 -0.2908 -0.9538
vn 0.0395 -0.1879 -0.9814
vn -0.0415 -0.2472 -0.9681
vn -0.0383 -0.6337 -0.7726
vn 0.1993 -0.4059 -0.8919
vn -0.0405 -0.6317 -0.7742
vn -0.1144 -0.3976 -0.9104
vn 0.1572 0.0668 -0.9853
vn -0.0686 -0.5240 -0.8489
vn 0.1726 -0.4852 -0.8572
vn -0.2677 -0.3312 -0.9048
vn -0.2565 -0.0405 -0.9657
vn 0.3118 -0.2530 -0.9158
vn 0.3272 -0.2778 -0.9032
vn 0.1577 -0.5571 -0.8153
vn 0.3362 -0.3519 -0.8736
vn -0.4194 -0.1537 -0.8947
vn -0.4331 0.0092 -0.9013
vn 0.3350 0.8340 -0.4385
vn -0.2426 0.9701 -0.0039
vn 0.1942 0.9771 0.0870
vn 0.5227 0.8102 -0.2653
vn 0.3348 0.8748 0.3502
vn 0.3469 0.7600 0.5496
vn -0.6899 0.7235 0.0253
vn 0.1905 0.9794 0.0678
vn -0.1293 0.9532 0.2733
vn 0.1745 -0.2924 -0.9402
vn -0.1489 -0.5191 -0.8416
vn -0.0599 -0.6258 -0.7777
vn 0.2393 -0.2772 -0.9305
vn -0.2316 -0.5848 -0.7774
vn -0.1195 -0.2702 -0.9554
vn 0.5561 -0.0937 -0.8258
vn -0.1554 0.2549 -0.9544
vn 0.0671 -0.3250 -0.9433
vn 0.0747 -0.4741 -0.8773
vn 0.2731 0.1758 -0.9458
vn -0.0125 -0.4835 -0.8753
vn 0.6307 -0.5051 -0.5892
vn 0.2949 -0.6309 -0.7176
vn -0.2150 0.1960 -0.9567
vn 0.2067 -0.5524 -0.8075
vn 0.3192 -0.2870 -0.9032
vn -0.3575 -0.1319 -0.9246
vn 0.3779 0.2381 -0.8947
vn 0.3266 -0.3659 -0.8715
vn -0.3755 -0.3198 -0.8699
vn 0.5488 -0.2272 -0.8045
vn 0.3922 0.0184 -0.9197
vn 0.1684 0.7146 -0.6790
vn 0.2080 0.9766 0.0552
vn -0.4761 0.7046 0.5262
vn 0.5564 0.7847 0.2733
vn -0.3221 -0.4084 -0.8541
vn -0.2988 -0.6529 -0.6960
vn -0.2802 -0.5018 -0.8183
vn -0.0051 -0.5455 -0.8381
vn 0.5857 0.0732 -0.8072
vn -0.2712 0.0794 -0.9592
vn 0.2707 -0.3359 -0.9021
vn 0.2532 -0.2486 -0.9349
vn -0.1512 -0.2304 -0.9613
vn -0.0167 -0.6664 -0.7454
vn 0.4492 0.0584 -0.8915
vn -0.3173 -0.4732 -0.8218
vn 0.0007 -0.1626 -0.9867
vn -0.3567 0.2964 -0.8860
vn -0.3085 -0.3621 -0.8796
vn -0.3336 -0.3447 -0.8774
vn 0.3770 -0.2225 -0.8991
vn 0.3889 -0.1517 -0.9087
vn -0.1431 -0.2733 -0.9512
vn 0.6998 -0.1408 -0.7003
vn 0.3545 0.0754 -0.9320
vn -0.2965 0.9508 -0.0900
vn 0.1591 0.9523 0.2605
vn 0.0782 0.8977 0.4336
vn 0.1547 0.8484 0.5062
vn 0.0603 0.4040 0.9128
vn -0.0411 0.3879 0.9208
vn 0.0693 0.2631 0.9623
vn -0.6441 0.5939 0.4822
vn 0.4884 0.6890 0.5355
vn -0.6516 0.6800 0.3360
vn -0.3863 0.6972 0.6039
vn 0.3105 0.7478 0.5869
vn -0.1816 0.8305 0.5266
vn 0.0300 -0.4808 -0.8763
vn 0.0181 -0.4647 -0.8853
vn -0.0061 -0.2500 -0.9682
vn 0.3128 -0.5043 -0.8049
vn -0.0315 -0.3621 -0.9316
vn 0.2315 -0.3701 -0.8997
vn -0.1088 -0.3625 -0.9256
vn 0.3720 -0.3050 -0.8767
vn 0.1060 -0.7045 -0.7017
vn -0.3072 -0.4760 -0.8240
vn -0.2906 -0.3001 -0.9086
vn 0.4011 -0.2488 -0.8816
vn 0.0215 -0.1797 -0.9835
vn 0.3735 -0.3402 -0.8630
vn 0.3612 -0.3365 -0.8697
vn -0.0997 -0.1150 -0.9884
vn -0.3611 0.7085 -0.6063
vn 0.0155 -0.1914 0.9814
vn 0.0126 0.5204 0.8539
vn 0.1492 0.2078 0.9667
vn -0.1737 0.5100 0.8425
vn -0.1790 0.2301 0.9566
vn 0.1490 0.6465 0.7482
vn -0.0062 -0.4658 -0.8849
vn 0.1652 -0.3981 -0.9023
vn -0.5309 -0.3940 -0.7503
vn -0.1883 -0.1898 -0.9636
vn -0.1427 -0.2653 -0.9535
vn 0.1758 -0.3570 -0.9174
vn 0.2561 -0.2081 -0.9440
vn -0.0210 -0.6436 -0.7651
vn -0.2240 -0.5029 -0.8348
vn 0.0229 -0.6610 -0.7501
vn 0.2313 -0.4385 -0.8685
vn 0.3180 -0.3504 -0.8810
vn -0.0611 -0.3520 -0.9340
vn -0.1601 -0.3705 -0.9149
vn 0.2541 -0.4986 -0.8287
vn 0.4015 -0.2176 -0.8896
vn 0.2030 -0.6449 -0.7368
vn 0.5316 0.1290 -0.8371
vn 0.0119 0.0408 0.9991
vn 0.0119 0.3509 0.9364
vn -0.0136 0.1665 0.9859
vn -0.1150 0.0841 0.9898
vn -0.2107 0.8104 0.5468
vn -0.0207 0.4768 0.8788
vn 0.0114 -0.1816 0.9833
vn -0.2812 0.0679 0.9573
vn -0.1516 0.1308 0.9797
vn 0.2005 0.1782 0.9633
vn 0.0713 0.2031 0.9766
vn -0.1300 0.1473 0.9805
vn 0.3899 -0.3595 -0.8478
vn 0.3896 -0.3815 -0.8383
vn 0.3647 -0.5910 -0.7196
vn 0.4838 -0.2843 -0.8277
vn -0.3044 -0.4443 -0.8426
vn 0.3641 -0.5910 -0.7198
vn -0.4592 0.1049 -0.8821
vn 0.3709 -0.3410 -0.8638
vn 0.2411 -0.5438 -0.8039
vn 0.2936 -0.2656 -0.9183
vn -0.3566 -0.2824 -0.8905
vn -0.3684 -0.2676 -0.8903
vn 0.3256 -0.1678 -0.9305
vn -0.4125 -0.3049 -0.8584
vn 0.6953 -0.3665 -0.6183
vn 0.4128 -0.0778 -0.9075
vn 0.4421 0.4789 -0.7584
vn -0.0409 0.2702 0.9619
vn 0.0409 0.0261 0.9988
vn -0.0439 0.2705 0.9617
vn 0.0504 0.2262 0.9728
vn 0.0766 -0.1070 0.9913
vn -0.2768 0.8861 -0.3717
vn -0.1203 0.1700 0.9781
vn -0.1057 0.4953 0.8623
vn 0.2321 0.0139 0.9726
vn -0.0626 0.5396 0.8396
vn -0.1426 0.7535 0.6418
vn -0.1347 0.0858 0.9872
vn 0.1325 -0.1391 0.9814
vn 0.1909 0.0550 0.9801
vn 0.0387 -0.3934 -0.9185
vn -0.1861 -0.4792 -0.8577
vn -0.3101 -0.4549 -0.8348
vn -0.2864 -0.3732 -0.8824
vn 0.8431 -0.3006 -0.4458
vn 0.5005 -0.4743 -0.7242
vn 0.3446 -0.1260 -0.9303
vn -0.0153 0.1832 0.9829
vn 0.0403 0.1420 0.9890
vn 0.3132 -0.1453 -0.9385
vn -0.1294 -0.2056 0.9700
vn 0.3870 0.0079 -0.9221
vn -0.0401 0.2006 0.9789
vn -0.4591 0.2016 -0.8652
vn -0.0875 0.4446 0.8914
vn -0.1422 0.3910 0.9094
vn -0.2257 0.2541 0.9405
vn 0.1991 0.9764 -0.0839
vn 0.1905 0.1286 0.9732
vn -0.0035 -0.4487 -0.8937
vn 0.0078 -0.4603 -0.8878
vn -0.4623 -0.3837 -0.7994
vn 0.1998 -0.3629 -0.9102
vn -0.0364 -0.3828 -0.9231
vn 0.1407 -0.4175 -0.8977
vn -0.2546 -0.3936 -0.8833
vn 0.2403 -0.3952 -0.8866
vn 0.2260 -0.5083 -0.8310
vn -0.3629 -0.2897 -0.8856
vn 0.3854 -0.3531 -0.8525
vn -0.0066 0.1955 0.9807
vn 0.0136 0.1820 0.9832
vn 0.1776 0.1683 0.9696
vn -0.1361 0.2393 0.9614
vn -0.0535 0.4910 0.8695
vn -0.1705 0.1966 0.9655
vn -0.3776 0.6884 -0.6193
vn 0.1044 0.2306 0.9674
vn -0.2027 0.0327 0.9787
vn -0.2106 0.9408 0.2656
vn 0.0958 0.7184 0.6890
vn -0.0222 -0.4353 -0.9000
vn -0.3259 -0.5515 -0.7679
vn -0.0899 -0.4217 -0.9023
vn -0.4299 -0.5272 -0.7330
vn 0.1258 -0.3859 -0.9139
vn -0.3062 -0.3770 -0.8741
vn 0.1424 -0.5627 -0.8143
vn -0.3204 -0.2307 -0.9188
vn 0.5140 -0.2437 -0.8225
vn 0.0720 -0.5010 -0.8624
vn 0.2399 -0.5309 -0.8128
vn -0.3898 -0.4155 -0.8218
vn 0.1189 -0.5935 -0.7960
vn -0.3488 -0.4184 -0.8386
vn 0.3862 -0.1084 -0.9160
vn -0.0023 0.2949 0.9555
vn 0.4432 0.0819 -0.8927
vn -0.3704 -0.3959 -0.8403
vn 0.0220 0.0839 0.9962
vn 0.4080 -0.3269 -0.8524
vn -0.1737 0.4813 0.8592
vn -0.1898 0.2808 0.9408
vn -0.3954 -0.2407 -0.8864
vn -0.1761 -0.5870 -0.7902
vn 0.4245 -0.4517 -0.7847
vn -0.0085 -0.4476 -0.8942
vn -0.1486 -0.5696 -0.8084
vn 0.3881 -0.7173 -0.5787
vn 0.5077 -0.2458 -0.8257
vn 0.1964 -0.2836 -0.9386
vn -0.3540 -0.4185 -0.8364
vn -0.0334 -0.5980 -0.8008
vn 0.3405 -0.4195 -0.8415
vn -0.3635 -0.2920 -0.8847
vn 0.3212 -0.4505 -0.8330
vn 0.4539 -0.2071 -0.8667
vn 0.3511 -0.4256 -0.8340
vn -0.0846 0.2815 0.9558
vn -0.0864 0.3142 0.9454
vn -0.1293 0.2000 0.9712
vn 0.6032 -0.1625 -0.7809
vn 0.6213 -0.1926 -0.7596
vn 0.6102 -0.0796 -0.7882
vn 0.2492 0.8675 -0.4305
vn -0.2203 0.9722 -0.0798
vn -0.2437 0.6017 0.7606
vn 0.0799 0.8400 0.5366
vn 0.3577 -0.5618 -0.7459
vn -0.1646 -0.6105 -0.7747
vn 0.0306 -0.4914 -0.8704
vn 0.4360 -0.3188 -0.8416
vn 0.3170 -0.3797 -0.8691
vn -0.1606 -0.5388 -0.8270
vn -0.1931 -0.4905 -0.8498
vn 0.6154 -0.2950 -0.7310
vn -0.3298 -0.4394 -0.8355
vn 0.7498 -0.1840 -0.6356
vn 0.1405 -0.4921 -0.8591
vn 0.3882 -0.2828 -0.8771
vn -0.0811 0.3901 0.9172
vn 0.0910 0.2805 0.9555
vn -0.0933 0.3075 0.9470
vn 0.1247 0.2666 0.9557
vn 0.4397 -0.3286 -0.8359
vn -0.2162 0.2347 0.9477
vn -0.1645 0.4290 0.8882
vn 0.2661 -0.0913 -0.9596
vn 0.4712 -0.2823 -0.8356
vn 0.4414 0.4752 -0.7612
vn -0.2522 0.4009 0.8807
vn -0.2800 0.2275 0.9327
vn 0.2175 0.3713 0.9027
vn 0.0167 0.9040 0.4272
vn 0.1265 -0.4788 -0.8688
vn 0.4355 -0.5057 -0.7447
vn 0.2498 -0.5435 -0.8014
vn -0.0846 -0.3587 -0.9296
vn 0.1107 -0.4878 -0.8659
vn -0.0885 -0.3811 -0.9203
vn 0.1432 0.3043 -0.9417
vn -0.3340 -0.4137 -0.8469
vn 0.0228 -0.5166 -0.8559
vn 0.4604 -0.5461 -0.6999
vn -0.2924 -0.4675 -0.8342
vn 0.0964 -0.4922 -0.8651
vn 0.5526 0.3862 -0.7386
vn 0.2910 -0.4113 -0.8638
vn 0.3440 -0.4742 -0.8105
vn 0.4177 -0.4205 -0.8055
vn 0.0005 0.3078 0.9514
vn -0.1747 0.3263 0.9290
vn -0.4998 -0.2089 -0.8406
vn -0.2788 0.5664 0.7755
vn 0.4479 0.3986 -0.8003
vn -0.2783 0.8888 -0.3642
vn 0.0873 -0.5889 -0.8035
vn -0.2196 -0.6329 -0.7425
vn 0.4658 -0.4169 -0.7805
vn -0.0942 -0.5633 -0.8209
vn 0.0950 0.2417 -0.9657
vn 0.1049 -0.3536 -0.9295
vn 0.3087 -0.7227 -0.6184
vn -0.4530 -0.6406 -0.6201
vn 0.0675 -0.3808 -0.9222
vn 0.6415 -0.2991 -0.7064
vn 0.2741 -0.8684 -0.4132
vn -0.4660 -0.2280 -0.8549
vn 0.0828 0.2963 0.9515
vn 0.0072 0.3145 0.9492
vn 0.4398 -0.2771 -0.8543
vn -0.4233 -0.2677 -0.8655
vn 0.1985 0.3475 0.9164
vn 0.4742 -0.0059 -0.8804
vn 0.4573 0.0894 -0.8848
vn -0.2436 0.0042 0.9699
vn 0.4356 -0.3251 -0.8394
vn -0.2388 0.4206 0.8753
vn 0.4647 -0.2887 -0.8371
vn 0.4254 -0.2023 -0.8821
vn 0.2328 0.3431 0.9100
vn 0.2497 0.3427 0.9056
vn 0.3863 0.2508 -0.8876
vn 0.4655 0.0569 -0.8832
vn 0.3519 0.7594 -0.5472
vn -0.3746 0.0572 0.9254
vn 0.2074 0.9512 -0.2284
vn 0.0464 0.9258 0.3751
vn -0.0053 -0.5677 -0.8232
vn -0.0223 -0.4366 -0.8994
vn -0.2599 -0.4137 -0.8725
vn -0.2024 -0.3690 -0.9071
vn 0.1945 -0.7007 -0.6864
vn 0.1085 -0.6639 -0.7399
vn -0.2588 -0.6291 -0.7330
vn -0.2406 -0.6165 -0.7497
vn 0.5682 -0.4263 -0.7038
vn 0.2323 -0.4601 -0.8569
vn -0.3523 -0.0899 -0.9316
vn 0.0839 -0.0470 -0.9954
vn 0.0489 -0.6750 -0.7362
vn 0.0828 -0.3837 -0.9197
vn -0.4890 -0.6526 -0.5788
vn 0.5844 -0.3977 -0.7073
vn -0.3596 -0.4299 -0.8282
vn 0.4309 -0.1473 -0.8903
vn 0.0075 0.3116 0.9502
vn -0.0957 0.2537 0.9625
vn -0.0752 0.3533 0.9325
vn 0.2233 0.2392 0.9450
vn -0.2941 0.2509 0.9222
vn -0.4809 -0.2226 -0.8481
vn -0.2771 0.4127 0.8677
vn -0.2837 0.4034 0.8699
vn -0.5156 -0.0294 -0.8564
vn 0.3595 0.4218 0.8324
vn 0.2889 0.5400 0.7905
vn -0.2409 0.7363 0.6324
vn -0.0517 -0.4616 -0.8856
vn 0.1340 -0.3517 -0.9265
vn -0.1390 -0.2566 -0.9565
vn 0.4482 -0.4573 -0.7682
vn 0.4403 -0.4562 -0.7733
vn -0.3691 -0.4353 -0.8211
vn 0.4654 -0.3999 -0.7896
vn -0.2319 -0.5347 -0.8126
vn 0.1175 -0.3832 -0.9162
vn 0.0267 -0.6513 -0.7583
vn 0.2732 -0.1298 -0.9532
vn -0.0062 -0.2659 -0.9640
vn 0.3450 -0.6249 -0.7003
vn -0.1864 -0.0017 -0.9825
vn -0.3404 0.0791 -0.9369
vn -0.1811 -0.1434 -0.9730
vn 0.5238 -0.6441 -0.5574
vn -0.4437 -0.3565 -0.8222
vn 0.4657 -0.5995 -0.6510
vn 0.2540 -0.4750 -0.8425
vn -0.0386 -0.4107 -0.9110
vn 0.4097 -0.4208 -0.8094
vn 0.4754 -0.3704 -0.7980
vn 0.4477 -0.3796 -0.8096
vn -0.4284 -0.4749 -0.7687
vn 0.4461 -0.2300 -0.8649
vn -0.6828 -0.0283 -0.7301
vn -0.1744 0.3310 0.9274
vn -0.2369 0.2939 0.9260
vn -0.1962 0.3917 0.8990
vn -0.4204 -0.4059 -0.8115
vn -0.3937 0.3518 0.8493
vn -0.2975 0.3131 0.9019
vn -0.1121 0.9880 -0.1064
vn 0.0284 0.8723 0.4882
vn 0.1386 0.9837 -0.1142
vn -0.0025 -0.5641 -0.8257
vn -0.0578 -0.4594 -0.8864
vn -0.0143 0.1048 -0.9944
vn -0.3356 -0.1701 -0.9265
vn -0.0776 -0.2474 -0.9658
vn 0.2781 -0.6995 -0.6583
vn 0.1462 -0.7108 -0.6881
vn -0.4146 -0.4047 -0.8151
vn -0.2587 -0.6312 -0.7312
vn -0.1265 -0.6082 -0.7837
vn -0.0701 -0.4340 -0.8982
vn -0.2555 -0.0366 -0.9661
vn 0.4085 -0.4381 -0.8007
vn 0.2607 -0.3463 -0.9012
vn -0.3678 -0.2603 -0.8927
vn 0.1671 -0.5864 -0.7926
vn 0.2071 -0.3664 -0.9071
vn 0.0184 0.3572 0.9338
vn -0.4168 -0.3152 -0.8526
vn -0.0939 0.3104 0.9460
vn 0.1084 0.3368 0.9353
vn 0.4356 -0.2406 -0.8674
vn 0.4355 -0.2508 -0.8645
vn 0.3382 -0.5639 -0.7534
vn 0.4521 -0.3208 -0.8323
vn -0.2968 0.2813 0.9126
vn 0.2859 0.3658 0.8857
vn -0.3242 0.4578 0.8278
vn -0.2315 0.5720 0.7869
vn -0.4360 -0.2243 -0.8715
vn -0.4588 -0.3850 -0.8008
vn -0.2305 -0.5897 -0.7741
vn 0.2938 -0.3431 -0.8922
vn 0.3149 -0.8796 -0.3565
vn 0.2501 -0.2240 -0.9420
vn 0.3533 -0.2170 -0.9100
vn 0.1492 -0.3547 -0.9230
vn 0.3804 -0.8237 -0.4205
vn 0.3031 -0.5000 -0.8113
vn -0.0104 -0.8478 -0.5303
vn 0.2029 -0.4176 -0.8857
vn 0.4237 0.0173 -0.9056
vn 0.3386 -0.3993 -0.8520
vn 0.2629 -0.5000 -0.8252
vn 0.4106 -0.0203 -0.9116
vn -0.3680 -0.2946 -0.8819
vn 0.2625 -0.6886 -0.6759
vn -0.3351 -0.5717 -0.7489
vn -0.0380 0.4453 0.8946
vn -0.0283 0.4555 0.8898
vn -0.3925 -0.3411 -0.8542
vn 0.1426 0.3387 0.9300
vn 0.4780 -0.3415 -0.8093
vn 0.4394 -0.4120 -0.7982
vn -0.4636 -0.2458 -0.8513
vn 0.1926 0.2510 0.9486
vn 0.5798 0.1207 -0.8057
vn 0.2813 0.2882 0.9153
vn 0.4930 -0.2940 -0.8189
vn -0.2906 0.2816 0.9145
vn -0.3252 0.2273 0.9179
vn 0.1529 0.9791 -0.1340
vn 0.0527 -0.5079 -0.8598
vn 0.5114 -0.5430 -0.6660
vn -0.0221 -0.3819 -0.9239
vn 0.2450 -0.4107 -0.8782
vn -0.4209 -0.3983 -0.8150
vn 0.4034 -0.2182 -0.8886
vn 0.1972 -0.8611 -0.4686
vn 0.5309 -0.3582 -0.7680
vn 0.2799 -0.4295 -0.8586
vn -0.2395 -0.5084 -0.8271
vn 0.2700 -0.8557 -0.4414
vn -0.2494 -0.5981 -0.7617
vn -0.2991 -0.6050 -0.7379
vn -0.0063 -0.7354 -0.6776
vn -0.1860 -0.3996 -0.8976
vn -0.7571 -0.2282 -0.6121
vn 0.3281 -0.5221 -0.7873
vn -0.2450 -0.6290 -0.7378
vn 0.5009 -0.1062 -0.8590
vn 0.4835 -0.0218 -0.8751
vn 0.1070 -0.6643 -0.7398
vn 0.1351 -0.6513 -0.7467
vn -0.2885 -0.3522 -0.8903
vn 0.0704 0.3599 0.9303
vn -0.1385 0.3970 0.9073
vn -0.1365 0.5028 0.8536
vn -0.4204 -0.4052 -0.8118
vn -0.2909 0.2801 0.9148
vn 0.5539 -0.2275 -0.8009
vn 0.5854 -0.0519 -0.8091
vn -0.3484 0.4664 0.8131
vn -0.4567 0.0827 0.8858
vn -0.4431 0.2560 0.8591
vn -0.0069 -0.6048 -0.7963
vn 0.0548 -0.5729 -0.8178
vn 0.1615 -0.5559 -0.8154
vn -0.1065 -0.5697 -0.8149
vn -0.1173 -0.5771 -0.8082
vn 0.2460 -0.3652 -0.8979
vn 0.1679 -0.5817 -0.7959
vn -0.1968 -0.7758 -0.5995
vn -0.1197 -0.5481 -0.8278
vn -0.2052 -0.5870 -0.7832
vn 0.1575 -0.7770 -0.6095
vn 0.1131 -0.6181 -0.7780
vn 0.4862 -0.5132 -0.7073
vn 0.1692 -0.4380 -0.8829
vn -0.0976 -0.4383 -0.8935
vn 0.4284 -0.2879 -0.8565
vn 0.4502 -0.2294 -0.8629
vn 0.1961 -0.5449 -0.8153
vn 0.4487 -0.4712 -0.7594
vn -0.2617 0.4104 0.8736
vn 0.3441 0.3039 0.8884
vn -0.3746 0.7103 -0.5959
vn 0.1935 0.8802 0.4333
vn -0.2073 0.8668 0.4535
vn -0.2430 -0.6382 -0.7305
vn 0.0569 -0.5752 -0.8160
vn 0.4206 -0.2164 -0.8811
vn -0.0340 -0.6144 -0.7883
vn 0.1740 -0.7350 -0.6554
vn 0.2876 -0.3363 -0.8967
vn 0.2748 -0.4234 -0.8633
vn 0.1338 -0.6220 -0.7715
vn -0.5365 -0.2405 -0.8089
vn -0.0003 -0.7369 -0.6760
vn 0.2557 0.0644 -0.9646
vn 0.2910 -0.0270 -0.9563
vn -0.1525 -0.4551 -0.8773
vn 0.2568 -0.5027 -0.8254
vn 0.0640 -0.5319 -0.8444
vn -0.5678 -0.4892 -0.6620
vn 0.5509 -0.3480 -0.7585
vn 0.5901 -0.2336 -0.7728
vn 0.4420 -0.2197 -0.8697
vn -0.1882 0.4704 0.8622
vn 0.3779 -0.3423 -0.8602
vn -0.2170 0.3526 0.9103
vn -0.4949 -0.2536 -0.8311
vn 0.4841 -0.4291 -0.7626
vn 0.3167 0.2420 0.9171
vn -0.5351 0.0497 -0.8433
vn 0.5693 -0.0694 -0.8192
vn -0.2327 -0.8478 -0.4766
vn 0.1716 -0.5205 -0.8364
vn -0.1210 -0.5867 -0.8007
vn 0.1423 -0.6090 -0.7803
vn 0.2257 -0.4853 -0.8447
vn 0.3859 -0.3913 -0.8354
vn 0.2966 -0.5179 -0.8023
vn 0.1698 -0.4391 -0.8823
vn -0.0493 -0.7435 -0.6670
vn 0.3140 -0.4470 -0.8376
vn 0.4345 -0.2387 -0.8685
vn -0.6109 -0.3353 -0.7172
vn 0.2661 0.0614 -0.9620
vn 0.5749 -0.2830 -0.7677
vn 0.3848 -0.4006 -0.8315
vn -0.4727 -0.3442 -0.8112
vn 0.0981 -0.5401 -0.8359
vn -0.0138 -0.5284 -0.8489
vn -0.0293 0.5082 0.8607
vn -0.5266 -0.3744 -0.7632
vn 0.1648 0.4013 0.9010
vn -0.3481 -0.4400 -0.8278
vn 0.2506 -0.2005 -0.9471
vn 0.2434 -0.1710 -0.9547
vn -0.1904 0.4594 0.8676
vn 0.4981 0.4735 -0.7264
vn -0.3650 0.4949 0.7885
vn 0.1028 0.9488 0.2986
vn 0.6108 0.3991 -0.6838
vn 0.1520 -0.7264 -0.6703
vn -0.0901 -0.4839 -0.8705
vn -0.2851 -0.7129 -0.6406
vn -0.5055 -0.4487 -0.7370
vn -0.2363 -0.5650 -0.7905
vn -0.2889 -0.5391 -0.7911
vn -0.0502 -0.7510 -0.6584
vn 0.0019 -0.7332 -0.6800
vn 0.4352 -0.6545 -0.6182
vn 0.5738 -0.2819 -0.7690
vn 0.3670 -0.3787 -0.8496
vn -0.2900 -0.4563 -0.8412
vn -0.7534 -0.3679 -0.5450
vn 0.3391 -0.4060 -0.8487
vn 0.5265 -0.3689 -0.7660
vn 0.5292 -0.3669 -0.7650
vn 0.0628 0.4724 0.8791
vn -0.1544 -0.2169 -0.9639
vn 0.6147 -0.2542 -0.7467
vn 0.3929 -0.4941 -0.7756
vn 0.2636 0.2794 0.9233
vn -0.2754 0.2766 0.9207
vn 0.5263 -0.1058 -0.8437
vn 0.4474 -0.4395 -0.7789
vn -0.3865 0.3262 0.8627
vn 0.6399 -0.1867 -0.7454
vn 0.0143 -0.6598 -0.7513
vn -0.0491 -0.7424 -0.6681
vn 0.1867 -0.5172 -0.8353
vn 0.0353 -0.6569 -0.7532
vn 0.0196 -0.7942 -0.6074
vn -0.5911 -0.4212 -0.6879
vn 0.4106 -0.3217 -0.8532
vn -0.1946 -0.6437 -0.7401
vn -0.2750 -0.5995 -0.7517
vn 0.4096 -0.1560 -0.8988
vn 0.3837 -0.3893 -0.8374
vn -0.2056 -0.5179 -0.8304
vn 0.2258 -0.4856 -0.8445
vn -0.0655 -0.6375 -0.7677
vn 0.0486 -0.5860 -0.8088
vn 0.7789 -0.4074 -0.4768
vn 0.0775 -0.7271 -0.6821
vn -0.3112 -0.4982 -0.8093
vn -0.4480 -0.3993 -0.7999
vn -0.0519 0.4448 0.8941
vn 0.0807 0.4580 0.8853
vn 0.5548 -0.5163 -0.6524
vn 0.2549 0.3413 0.9047
vn -0.2047 0.5611 0.8021
vn -0.3024 0.3166 0.8991
vn -0.4865 -0.3899 -0.7818
vn 0.3317 0.8363 -0.4366
vn 0.3217 0.6751 0.6639
vn 0.2583 -0.5870 -0.7673
vn -0.9080 -0.2131 -0.3608
vn -0.2758 -0.5100 -0.8148
vn -0.3596 -0.8102 -0.4629
vn 0.1438 -0.6151 -0.7752
vn -0.2626 -0.5978 -0.7574
vn 0.2479 -0.5851 -0.7722
vn 0.0254 -0.8006 -0.5987
vn 0.4251 -0.3800 -0.8215
vn 0.4267 -0.3402 -0.8379
vn 0.1008 -0.6558 -0.7481
vn 0.2491 -0.2083 -0.9458
vn 0.2510 -0.2055 -0.9459
vn -0.1701 -0.6218 -0.7645
vn -0.1744 -0.5141 -0.8398
vn -0.0468 -0.7309 -0.6809
vn -0.5155 -0.2541 -0.8184
vn 0.2367 -0.5835 -0.7768
vn 0.9813 -0.1155 -0.1542
vn 0.3804 -0.5390 -0.7516
vn 0.2464 -0.4176 -0.8746
vn -0.5264 -0.3641 -0.7684
vn 0.1234 -0.6578 -0.7430
vn -0.1478 -0.4269 -0.8921
vn 0.5693 -0.4482 -0.6892
vn -0.0562 0.0325 -0.9979
vn 0.0474 0.0432 -0.9979
vn 0.5212 -0.5098 -0.6844
vn 0.4784 -0.5751 -0.6637
vn -0.2635 0.2554 0.9302
vn 0.3500 -0.4927 -0.7967
vn -0.4082 0.2007 0.8906
vn -0.5261 -0.2905 -0.7993
vn 0.4824 -0.1517 -0.8627
vn 0.3803 0.2872 0.8791
vn -0.3540 0.5051 0.7871
vn 0.4375 0.6893 -0.5775
vn 0.2374 0.7940 0.5597
vn -0.2827 0.7840 0.5526
vn -0.1047 -0.7785 -0.6189
vn -0.1375 -0.6495 -0.7478
vn -0.4653 -0.7223 -0.5117
vn 0.1598 -0.6671 -0.7276
vn -0.0672 -0.6676 -0.7415
vn 0.0734 -0.6993 -0.7110
vn 0.0242 -0.8117 -0.5836
vn -0.1999 -0.5137 -0.8344
vn -0.0258 -0.5215 -0.8528
vn 0.0560 -0.7432 -0.6667
vn -0.5425 -0.4416 -0.7146
vn 0.0880 -0.4932 -0.8655
vn 0.6222 -0.2896 -0.7273
vn 0.5436 -0.7581 -0.3602
vn 0.0373 -0.1138 -0.9928
vn 0.0795 -0.2355 -0.9686
vn 0.0476 0.2489 0.9673
vn -0.1282 -0.5108 -0.8501
vn -0.0154 -0.2931 -0.9560
vn 0.2468 -0.3543 -0.9020
vn 0.1425 -0.3215 -0.9361
vn 0.4068 -0.3773 -0.8320
vn 0.1541 0.4540 0.8776
vn -0.6990 -0.4777 -0.5323
vn -0.1870 0.4658 0.8649
vn 0.2609 -0.1315 -0.9564
vn 0.5964 0.2510 -0.7624
vn 0.6333 -0.3142 -0.7072
vn 0.6482 -0.2357 -0.7241
vn 0.2986 0.2420 0.9232
vn 0.5127 -0.4197 -0.7490
vn -0.3036 0.3060 0.9023
vn 0.5803 0.1192 -0.8056
vn -0.3912 0.2569 0.8837
vn -0.4079 0.2727 0.8714
vn 0.4545 0.1337 0.8807
vn -0.0506 0.9976 -0.0478
vn 0.3816 -0.6436 -0.6634
vn -0.0829 -0.5994 -0.7962
vn 0.3422 -0.3581 -0.8687
vn -0.4178 -0.6530 -0.6316
vn 0.1618 -0.6643 -0.7297
vn -0.2915 -0.6228 -0.7260
vn 0.2308 -0.4635 -0.8555
vn 0.1239 -0.5602 -0.8190
vn 0.2429 -0.5050 -0.8282
vn 0.4604 -0.2151 -0.8613
vn 0.1591 -0.7877 -0.5952
vn -0.2239 -0.5776 -0.7850
vn -0.4468 -0.3899 -0.8052
vn 0.5210 -0.6233 -0.5831
vn -0.4652 -0.1846 -0.8657
vn 0.6197 -0.5746 -0.5346
vn 0.6175 -0.5753 -0.5364
vn 0.0961 -0.5780 -0.8103
vn 0.5480 -0.2573 -0.7959
vn 0.0273 -0.5713 -0.8203
vn -0.0856 0.4410 0.8934
vn -0.0463 0.3850 0.9217
vn 0.0973 0.2899 0.9521
vn -0.0349 0.3039 0.9521
vn 0.6647 -0.5616 -0.4927
vn -0.1252 0.6113 0.7815
vn -0.5347 -0.4589 -0.7096
vn 0.2719 0.3641 0.8908
vn -0.5386 -0.3047 -0.7855
vn 0.5508 -0.2775 -0.7871
vn 0.5147 -0.4830 -0.7084
vn -0.3836 0.3330 0.8614
vn -0.4695 0.2030 0.8593
vn -0.1356 -0.5128 -0.8477
vn -0.4715 -0.5085 -0.7205
vn 0.1552 -0.5743 -0.8038
vn 0.2040 -0.4862 -0.8497
vn -0.3068 -0.2706 -0.9125
vn 0.6035 -0.1934 -0.7736
vn 0.4752 -0.2635 -0.8395
vn 0.1350 -0.6509 -0.7471
vn -0.0798 -0.7277 -0.6812
vn 0.2674 -0.7037 -0.6583
vn 0.4399 -0.4653 -0.7681
vn -0.0623 -0.5814 -0.8113
vn -0.3683 -0.8332 -0.4126
vn -0.2669 -0.8323 -0.4858
vn 0.4369 -0.2336 -0.8687
vn 0.2179 -0.5394 -0.8133
vn 0.1475 -0.8017 -0.5793
vn 0.4856 -0.6981 -0.5262
vn -0.2397 -0.4820 -0.8428
vn -0.7683 -0.0622 -0.6371
vn 0.0418 -0.5978 -0.8006
vn 0.2725 -0.5161 -0.8120
vn 0.4808 -0.0884 -0.8724
vn 0.2253 -0.7796 -0.5843
vn 0.4977 -0.6181 -0.6085
vn 0.0458 0.5202 0.8528
vn 0.6836 -0.5707 -0.4550
vn -0.2805 -0.3275 -0.9023
vn -0.3236 -0.5072 -0.7988
vn -0.2381 -0.5307 -0.8135
vn -0.2749 0.4969 0.8231
vn -0.5119 -0.4626 -0.7238
vn 0.7773 0.0815 -0.6238
vn -0.3223 0.2879 0.9018
vn -0.5245 -0.2543 -0.8126
vn -0.3189 0.3583 0.8774
vn 0.5808 0.1302 -0.8036
vn -0.4044 0.2296 0.8853
vn 0.5890 0.0769 -0.8044
vn 0.4229 0.7094 -0.5639
vn -0.1896 -0.3435 -0.9198
vn 0.0841 -0.4978 -0.8632
vn -0.1710 -0.1639 -0.9715
vn -0.1143 -0.3763 -0.9194
vn 0.4089 -0.6811 -0.6074
vn -0.3870 -0.4130 -0.8244
vn -0.5465 -0.4261 -0.7210
vn 0.6937 -0.5454 -0.4706
vn -0.4656 -0.6282 -0.6234
vn -0.5854 -0.4018 -0.7042
vn -0.1713 0.2100 0.9626
vn 0.1859 0.1972 0.9626
vn 0.1476 0.4222 0.8944
vn 0.6797 -0.5903 -0.4353
vn -0.2722 0.4481 0.8515
vn 0.7800 -0.2854 -0.5569
vn 0.6007 -0.2884 -0.7457
vn -0.4301 0.4095 0.8046
vn -0.3589 0.7484 -0.5578
vn -0.2311 0.9188 -0.3201
vn 0.2175 0.9468 -0.2371
vn -0.1012 -0.6126 -0.7839
vn -0.0679 -0.3661 -0.9281
vn 0.1577 -0.5601 -0.8133
vn -0.0487 -0.8553 -0.5159
vn 0.2515 -0.7923 -0.5559
vn 0.5738 -0.4709 -0.6701
vn -0.1887 -0.9305 -0.3139
vn -0.1581 -0.7494 -0.6429
vn -0.2398 -0.1304 -0.9620
vn 0.2125 -0.5912 -0.7780
vn -0.4379 -0.5716 -0.6939
vn 0.5311 -0.7045 -0.4707
vn 0.2184 -0.5228 -0.8240
vn 0.2825 -0.5270 -0.8016
vn 0.3772 -0.5411 -0.7517
vn 0.4494 -0.4375 -0.7789
vn 0.4371 -0.4970 -0.7497
vn 0.4510 -0.4348 -0.7794
vn 0.9044 -0.2939 -0.3092
vn -0.2913 -0.5209 -0.8024
vn -0.1194 0.3373 0.9338
vn 0.3421 -0.4148 -0.8432
vn 0.2473 0.4275 0.8695
vn -0.1436 0.0400 -0.9888
vn -0.2316 0.5399 0.8092
vn 0.3837 -0.3933 -0.8355
vn 0.4426 -0.4136 -0.7956
vn 0.5658 -0.2458 -0.7871
vn -0.3707 0.4639 0.8046
vn -0.5574 -0.2760 -0.7830
vn 0.0417 -0.7013 -0.7117
vn 0.5427 -0.4862 -0.6849
vn 0.4426 -0.1948 -0.8753
vn 0.4457 -0.2495 -0.8597
vn 0.1218 -0.5750 -0.8090
vn -0.4055 -0.4157 -0.8141
vn 0.2905 -0.5417 -0.7888
vn 0.2485 -0.8674 -0.4311
vn 0.4511 -0.6876 -0.5690
vn -0.0598 -0.6501 -0.7575
vn -0.0502 -0.6574 -0.7519
vn 0.3811 -0.5320 -0.7561
vn 0.2200 -0.4551 -0.8629
vn -0.2390 -0.1607 -0.9576
vn -0.3530 0.0147 -0.9355
vn -0.0634 0.5225 0.8503
vn -0.1201 0.5279 0.8408
vn 0.1920 0.2100 0.9587
vn -0.5384 -0.4029 -0.7401
vn 0.2874 -0.5629 -0.7750
vn 0.6696 -0.3045 -0.6775
vn 0.2719 0.3913 0.8792
vn 0.3360 0.3207 0.8856
vn 0.5062 -0.3065 -0.8061
vn 0.7142 -0.4389 -0.5452
vn -0.3763 0.2647 0.8879
vn -0.3727 0.2884 0.8820
vn -0.5829 -0.2341 -0.7781
vn -0.6046 -0.1164 -0.7880
vn -0.6474 -0.0198 -0.7619
vn -0.2376 0.8500 0.4702
vn 0.2965 -0.6887 -0.6616
vn -0.4608 -0.6642 -0.5886
vn 0.1675 -0.4872 -0.8571
vn -0.5792 -0.5406 -0.6102
vn -0.0496 -0.6182 -0.7844
vn 0.2826 -0.6599 -0.6962
vn 0.1632 -0.9391 -0.3024
vn 0.1363 -0.7410 -0.6575
vn 0.3397 -0.5528 -0.7610
vn 0.4776 -0.5475 -0.6872
vn -0.5224 -0.2569 -0.8131
vn 0.7639 -0.5711 -0.3005
vn 0.2712 -0.7034 -0.6571
vn 0.0532 0.5970 0.8005
vn 0.5185 -0.6095 -0.5997
vn -0.2979 0.1874 0.9360
vn 0.3865 -0.5511 -0.7395
vn -0.3426 0.4093 0.8457
vn -0.4197 0.4853 0.7670
vn 0.6315 0.0742 -0.7718
vn -0.5260 0.5825 -0.6197
vn 0.4181 0.6459 0.6388
vn 0.2194 -0.9292 -0.2974
vn -0.1492 -0.7233 -0.6742
vn 0.1300 -0.2496 -0.9596
vn 0.0172 -0.1103 -0.9938
vn -0.4427 -0.6632 -0.6035
vn -0.0702 -0.1271 -0.9894
vn 0.2160 -0.5220 -0.8251
vn 0.2265 -0.5102 -0.8297
vn 0.0903 -0.5430 -0.8348
vn -0.1849 -0.6859 -0.7038
vn -0.2088 -0.5343 -0.8191
vn -0.1557 -0.5818 -0.7983
vn 0.3696 -0.6567 -0.6574
vn -0.4438 -0.7206 -0.5327
vn 0.6224 -0.5816 -0.5238
vn 0.2179 -0.5227 -0.8242
vn 0.3332 -0.9353 -0.1188
vn 0.3040 -0.5693 -0.7638
vn -0.1594 -0.2169 -0.9631
vn -0.5224 -0.0510 -0.8512
vn -0.4919 -0.1350 -0.8601
vn 0.0874 -0.5141 -0.8533
vn 0.9614 -0.0340 -0.2731
vn 0.9159 -0.2997 -0.2670
vn 0.2783 0.2494 0.9275
vn 0.2223 0.3687 0.9026
vn 0.7350 -0.2958 -0.6102
vn 0.7012 -0.2197 -0.6782
vn 0.3424 -0.4654 -0.8162
vn 0.7460 -0.5057 -0.4332
vn 0.3549 0.3268 0.8759
vn 0.3684 0.3182 0.8735
vn 0.5439 -0.4863 -0.6839
vn 0.6101 -0.2845 -0.7395
vn -0.5078 0.1575 0.8469
vn -0.4255 0.5132 0.7454
vn -0.0332 -0.6768 -0.7354
vn -0.0802 -0.6782 -0.7305
vn 0.2263 -0.5869 -0.7773
vn 0.0114 -0.6490 -0.7607
vn 0.3187 -0.8683 -0.3800
vn -0.1489 -0.7237 -0.6738
vn 0.4685 -0.5961 -0.6521
vn -0.0571 -0.5111 -0.8576
vn 0.2425 -0.5924 -0.7683
vn -0.1221 -0.4294 -0.8948
vn -0.1997 -0.6875 -0.6982
vn 0.3699 -0.6521 -0.6618
vn -0.2763 -0.5758 -0.7695
vn 0.3104 -0.3291 -0.8918
vn 0.2944 -0.4523 -0.8419
vn -0.3646 -0.5298 -0.7657
vn -0.4058 -0.2048 -0.8907
vn 0.8042 -0.5700 -0.1686
vn 0.2689 -0.7232 -0.6362
vn 0.3071 -0.5008 -0.8093
vn 0.5254 -0.4293 -0.7346
vn 0.5355 -0.4686 -0.7026
vn -0.6679 -0.4778 -0.5707
vn -0.3614 0.4339 0.8253
vn -0.4589 0.1800 0.8701
vn 0.4677 0.4500 0.7608
vn 0.3332 0.7670 0.5483
vn 0.0347 0.9992 0.0194
vn -0.4862 -0.4706 -0.7363
vn -0.2159 -0.6820 -0.6988
vn -0.3028 -0.7176 -0.6272
vn 0.3797 -0.6087 -0.6966
vn -0.3309 -0.7967 -0.5057
vn -0.0710 -0.7232 -0.6870
vn 0.2157 -0.6483 -0.7302
vn -0.0331 -0.6067 -0.7942
vn -0.2204 -0.6209 -0.7523
vn 0.2802 -0.5288 -0.8012
vn -0.0837 -0.4358 -0.8961
vn -0.0095 -0.5002 -0.8658
vn -0.2191 -0.5800 -0.7846
vn 0.2886 -0.5265 -0.7997
vn 0.3334 -0.6165 -0.7133
vn 0.1498 0.6397 0.7539
vn 0.3089 -0.5278 -0.7912
vn 0.3440 -0.5379 -0.7696
vn 0.3244 0.4582 0.8275
vn 0.5837 -0.2899 -0.7584
vn -0.4127 0.3543 0.8391
vn 0.6470 0.0265 -0.7621
vn 0.4211 0.2978 0.8567
vn 0.5560 -0.2667 -0.7873
vn -0.5127 0.1799 0.8395
vn 0.5271 0.2735 0.8046
vn -0.5097 0.1232 0.8515
vn -0.4794 0.4890 0.7288
vn -0.0774 -0.6811 -0.7281
vn -0.1688 -0.6660 -0.7266
vn -0.3062 -0.7130 -0.6308
vn 0.3019 -0.8334 -0.4630
vn 0.1702 -0.6047 -0.7780
vn -0.0746 -0.5124 -0.8555
vn -0.2223 -0.6181 -0.7540
vn 0.2116 -0.5514 -0.8070
vn 0.1014 -0.5503 -0.8288
vn 0.4804 -0.1165 -0.8693
vn 0.2832 -0.5736 -0.7687
vn -0.4423 -0.2276 -0.8675
vn 0.7911 -0.5528 -0.2618
vn 0.8027 -0.5408 -0.2514
vn -0.5393 -0.5171 -0.6647
vn 0.1159 0.6124 0.7820
vn 0.1341 -0.6501 -0.7479
vn -0.2078 -0.6397 -0.7400
vn 0.7122 -0.1569 -0.6843
vn 0.6035 -0.4323 -0.6700
vn 0.2327 0.6778 0.6975
vn 0.3482 -0.5421 -0.7648
vn -0.3300 0.2759 0.9028
vn 0.5767 -0.4562 -0.6777
vn 0.7060 -0.3511 -0.6150
vn 0.3235 0.4500 0.8324
vn -0.5316 -0.4523 -0.7161
vn 0.7073 -0.1848 -0.6823
vn 0.4231 -0.3335 -0.8424
vn 0.5845 -0.4044 -0.7035
vn -0.5996 -0.2437 -0.7623
vn 0.6109 -0.2932 -0.7354
vn -0.6366 -0.1661 -0.7531
vn 0.1261 -0.8136 -0.5676
vn -0.0618 -0.7008 -0.7107
vn 0.4469 -0.3853 -0.8074
vn 0.2220 -0.7424 -0.6321
vn 0.1633 -0.5184 -0.8394
vn 0.4442 -0.7259 -0.5251
vn -0.4610 -0.3525 -0.8143
vn 0.2836 -0.5591 -0.7791
vn -0.0793 -0.4417 -0.8937
vn 0.0397 -0.8990 -0.4362
vn -0.1241 -0.5676 -0.8139
vn -0.2749 -0.1992 -0.9406
vn -0.4471 -0.4978 -0.7431
vn 0.2892 -0.6878 -0.6658
vn 0.1572 -0.7304 -0.6647
vn -0.4448 -0.2235 -0.8673
vn 0.4966 -0.5772 -0.6482
vn -0.2601 -0.2508 -0.9324
vn 0.2263 -0.5682 -0.7912
vn 0.1143 -0.8600 -0.4974
vn -0.1516 0.5769 0.8026
vn -0.6749 -0.4023 -0.6186
vn 0.3569 -0.5435 -0.7598
vn -0.7109 -0.4433 -0.5460
vn 0.4195 -0.5198 -0.7442
vn 0.3900 0.2573 0.8841
vn 0.6393 -0.2222 -0.7361
vn 0.4302 -0.5182 -0.7392
vn -0.4191 0.4044 0.8129
vn -0.3918 0.4601 0.7967
vn 0.4038 0.3206 0.8568
vn 0.6082 -0.2295 -0.7599
vn 0.4762 0.2676 0.8377
vn 0.5360 -0.0074 0.8442
vn 0.5267 0.2342 0.8171
vn 0.6534 0.1675 -0.7382
vn -0.2309 0.9356 -0.2672
vn -0.0476 -0.7199 -0.6925
vn -0.2626 -0.7007 -0.6633
vn 0.0614 -0.7093 -0.7023
vn -0.2554 -0.7193 -0.6461
vn 0.3370 -0.4987 -0.7986
vn -0.0057 -0.5262 -0.8504
vn 0.2924 -0.7740 -0.5616
vn -0.1833 -0.5598 -0.8081
vn 0.1124 -0.3245 -0.9392
vn -0.3046 -0.4781 -0.8238
vn 0.0486 -0.5123 -0.8574
vn 0.4058 -0.5190 -0.7523
vn 0.3503 -0.6544 -0.6701
vn -0.2777 -0.5883 -0.7595
vn -0.0463 -0.4983 -0.8658
vn 0.3651 -0.6413 -0.6749
vn 0.0056 -0.6900 -0.7238
vn -0.2064 -0.8093 -0.5500
vn 0.3938 -0.3692 -0.8418
vn 0.4329 -0.0285 -0.9010
vn 0.1286 -0.2145 -0.9682
vn -0.1419 -0.1117 -0.9836
vn 0.2312 -0.5286 -0.8168
vn -0.4472 -0.5447 -0.7095
vn -0.3028 -0.5331 -0.7900
vn -0.0448 0.5816 0.8122
vn -0.1261 0.6113 0.7813
vn 0.1603 -0.9169 -0.3655
vn 0.7223 -0.4217 -0.5481
vn -0.6291 -0.4420 -0.6394
vn 0.8244 0.0148 -0.5659
vn -0.4487 -0.4870 -0.7493
vn 0.4917 -0.4813 -0.7257
vn -0.2995 0.4872 0.8203
vn -0.5316 -0.4521 -0.7163
vn -0.3391 0.5321 0.7758
vn -0.5564 -0.5351 -0.6357
vn 0.6487 -0.2067 -0.7324
vn 0.4214 -0.7456 -0.5162
vn 0.0523 -0.5741 -0.8171
vn -0.1065 -0.5058 -0.8560
vn -0.2509 -0.5869 -0.7698
vn 0.2696 -0.2979 -0.9157
vn 0.3980 -0.6435 -0.6539
vn -0.2107 -0.6042 -0.7685
vn -0.2060 -0.6045 -0.7695
vn -0.2944 -0.5388 -0.7893
vn 0.3123 -0.6149 -0.7242
vn 0.0894 -0.5020 -0.8602
vn 0.8172 -0.3760 -0.4368
vn 0.0033 0.6055 0.7958
vn -0.1002 0.6160 0.7813
vn 0.3411 -0.8922 -0.2961
vn -0.2323 0.5937 0.7704
vn 0.6768 -0.3823 -0.6291
vn -0.6091 -0.3763 -0.6982
vn -0.4600 0.3151 0.8301
vn -0.5121 0.3114 0.8005
vn -0.6227 0.0240 -0.7821
vn 0.0773 -0.6512 -0.7550
vn -0.3174 -0.7022 -0.6374
vn 0.2910 -0.5081 -0.8106
vn -0.1148 -0.8238 -0.5551
vn 0.1578 -0.5427 -0.8250
vn 0.1278 -0.8213 -0.5561
vn -0.2813 -0.4628 -0.8407
vn -0.2913 -0.5086 -0.8102
vn -0.5240 -0.3517 -0.7757
vn -0.2691 -0.8238 -0.4990
vn -0.2688 -0.8262 -0.4952
vn -0.0354 -0.9806 -0.1928
vn -0.2348 -0.3526 -0.9058
vn -0.1085 -0.3568 -0.9279
vn 0.3490 -0.5054 -0.7892
vn 0.1524 -0.7085 -0.6891
vn 0.4160 -0.6884 -0.5941
vn 0.4607 -0.4888 -0.7408
vn 0.2580 -0.6002 -0.7571
vn -0.2680 -0.5105 -0.8170
vn 0.5740 -0.1776 -0.7993
vn -0.3946 -0.5212 -0.7567
vn 0.5742 -0.5376 -0.6175
vn 0.3719 -0.6571 -0.6556
vn 0.5815 -0.3593 -0.7299
vn 0.2173 -0.4267 -0.8779
vn 0.2003 -0.4233 -0.8836
vn 0.7598 -0.4250 -0.4920
vn -0.3625 -0.3210 -0.8750
vn 0.4424 0.3922 0.8065
vn 0.6052 -0.4022 -0.6870
vn -0.6399 -0.2403 -0.7299
vn 0.6452 0.3538 -0.6772
vn 0.6675 0.2528 -0.7004
vn -0.3252 0.8526 0.4090
vn -0.0544 -0.7119 -0.7002
vn -0.2631 -0.3658 -0.8928
vn 0.0271 -0.8441 -0.5355
vn -0.3934 -0.6817 -0.6169
vn 0.4520 -0.4765 -0.7541
vn -0.0160 -0.4793 -0.8775
vn 0.1829 -0.6384 -0.7476
vn -0.0965 -0.4788 -0.8726
vn -0.0134 -0.6990 -0.7150
vn 0.3744 -0.6603 -0.6510
vn 0.1782 -0.5287 -0.8299
vn 0.3951 -0.3094 -0.8650
vn 0.0159 -0.5654 -0.8246
vn -0.5276 -0.3480 -0.7749
vn 0.5675 -0.4604 -0.6826
vn 0.5032 -0.5407 -0.6741
vn 0.4917 0.0114 -0.8707
vn 0.3446 -0.7111 -0.6129
vn 0.2252 0.8335 0.5046
vn 0.2927 0.7446 0.5999
vn 0.5033 -0.3945 -0.7688
vn 0.4979 -0.4139 -0.7621
vn 0.7870 -0.4182 -0.4536
vn -0.5636 -0.4757 -0.6754
vn 0.4410 0.3990 0.8039
vn 0.2667 -0.4825 -0.8343
vn 0.8038 -0.4700 -0.3647
vn -0.7039 -0.3310 -0.6285
vn -0.5330 -0.3739 -0.7590
vn 0.4414 0.4210 0.7924
vn 0.6040 -0.1659 -0.7795
vn -0.5129 0.2936 0.8067
vn -0.4891 -0.5939 -0.6388
vn 0.0444 -0.5844 -0.8103
vn -0.7163 -0.2906 -0.6345
vn -0.2098 -0.6856 -0.6971
vn -0.0437 -0.6944 -0.7183
vn 0.5062 -0.4597 -0.7297
vn -0.0941 -0.6611 -0.7444
vn -0.2298 -0.5878 -0.7757
vn -0.5565 -0.4523 -0.6970
vn 0.0627 -0.5219 -0.8507
vn 0.1832 -0.5068 -0.8424
vn 0.3951 0.2023 -0.8961
vn 0.7050 -0.1149 -0.6998
vn 0.3408 -0.6068 -0.7181
vn -0.4400 -0.5326 -0.7230
vn 0.5029 -0.4693 -0.7259
vn 0.2196 -0.6814 -0.6982
vn 0.2571 0.1345 -0.9570
vn 0.5607 -0.6293 -0.5382
vn -0.0112 -0.5511 -0.8344
vn -0.5675 -0.4741 -0.6732
vn -0.5044 0.3961 0.7673
vn 0.6218 -0.2728 -0.7341
vn 0.6679 0.3092 -0.6770
vn 0.5403 -0.5766 -0.6129
vn 0.5642 0.2674 0.7811
vn -0.6667 -0.1500 -0.7301
vn -0.5903 0.3106 0.7450
vn -0.0484 -0.7610 -0.6469
vn 0.5331 -0.5870 -0.6093
vn 0.1019 0.2280 -0.9683
vn 0.0270 -0.6149 -0.7882
vn -0.1492 -0.7101 -0.6881
vn -0.1458 -0.4668 -0.8723
vn 0.4429 -0.5149 -0.7340
vn 0.1001 -0.6571 -0.7471
vn 0.8105 -0.2437 -0.5326
vn 0.3370 -0.6719 -0.6595
vn 0.4496 -0.7300 -0.5147
vn 0.2088 0.6312 0.7470
vn -0.2456 0.6093 0.7539
vn 0.4216 -0.1001 -0.9012
vn 0.4655 -0.4844 -0.7407
vn 0.0819 -0.3935 -0.9157
vn 0.3867 0.4467 0.8068
vn -0.5635 -0.4707 -0.6789
vn 0.6797 -0.5477 -0.4880
vn 0.4663 0.3238 0.8232
vn 0.6290 -0.4424 -0.6393
vn -0.6899 -0.4951 -0.5281
vn 0.2322 -0.5781 -0.7822
vn -0.4682 -0.3424 -0.8146
vn 0.7555 -0.3912 -0.5255
vn -0.5179 0.3022 0.8003
vn -0.6029 0.1637 0.7808
vn 0.3225 0.8559 0.4043
vn 0.1340 -0.8058 -0.5769
vn 0.0513 -0.7642 -0.6429
vn 0.2380 -0.6770 -0.6965
vn -0.0060 -0.7030 -0.7112
vn 0.0825 -0.6984 -0.7110
vn -0.0438 -0.7434 -0.6674
vn -0.0391 -0.8205 -0.5703
vn -0.1542 -0.7895 -0.5941
vn -0.4807 -0.4130 -0.7735
vn -0.0769 -0.6934 -0.7164
vn 0.5500 -0.5126 -0.6594
vn 0.0095 -0.6574 -0.7535
vn 0.1208 -0.6321 -0.7654
vn -0.1707 -0.8450 -0.5067
vn 0.0974 -0.7268 -0.6800
vn -0.2963 -0.7261 -0.6205
vn 0.7536 -0.4037 -0.5188
vn 0.3653 -0.6093 -0.7038
vn 0.5296 -0.5267 -0.6649
vn -0.4889 -0.3718 -0.7891
vn -0.4205 -0.4374 -0.7949
vn -0.3924 -0.5487 -0.7382
vn -0.0352 0.0201 -0.9992
vn -0.3083 0.6076 0.7319
vn 0.3895 0.4485 0.8045
vn -0.3850 -0.4601 -0.8001
vn 0.4144 0.3043 0.8577
vn 0.6706 -0.5192 -0.5298
vn -0.4640 0.1492 0.8732
vn 0.3342 -0.3935 -0.8565
vn 0.3809 0.4609 0.8015
vn 0.5618 -0.0888 -0.8225
vn -0.3652 0.6275 0.6876
vn -0.4652 -0.3577 -0.8097
vn -0.6951 -0.1531 -0.7024
vn -0.6537 -0.3651 -0.6628
vn 0.5675 0.2611 0.7809
vn -0.6849 0.2277 -0.6922
vn -0.5888 0.2532 0.7676
vn 0.3189 0.8605 0.3973
vn -0.2739 -0.8199 -0.5028
vn 0.3280 -0.7378 -0.5899
vn -0.2877 -0.5575 -0.7788
vn 0.0536 -0.8217 -0.5675
vn -0.3859 -0.6753 -0.6285
vn 0.5735 -0.3511 -0.7401
vn 0.3200 -0.8148 -0.4834
vn -0.1680 -0.8457 -0.5066
vn 0.5063 -0.6036 -0.6159
vn 0.5126 -0.6058 -0.6085
vn 0.8447 -0.2120 -0.4915
vn 0.7423 0.0972 -0.6630
vn -0.2324 -0.7494 -0.6200
vn 0.4599 -0.5047 -0.7306
vn -0.2410 -0.7358 -0.6329
vn -0.1083 0.5783 0.8086
vn 0.4947 -0.6977 -0.5182
vn 0.6016 -0.5132 -0.6121
vn 0.3163 0.6480 0.6929
vn -0.5202 -0.3975 -0.7559
vn 0.7412 -0.4438 -0.5036
vn 0.2686 0.8011 0.5348
vn -0.3952 -0.2778 -0.8756
vn -0.4512 0.5349 0.7144
vn 0.5443 -0.4433 -0.7122
vn -0.7138 -0.3422 -0.6111
vn 0.5322 0.3507 0.7705
vn -0.6008 -0.4183 -0.6812
vn -0.5962 0.1297 0.7923
vn 0.5456 0.4008 0.7360
vn 0.2395 0.9188 -0.3139
vn 0.0102 -0.7498 -0.6616
vn 0.3511 -0.6660 -0.6582
vn 0.0069 -0.6057 -0.7957
vn -0.0830 -0.7236 -0.6852
vn -0.8621 -0.1767 -0.4749
vn 0.0328 -0.6840 -0.7287
vn -0.2829 -0.6576 -0.6982
vn -0.2108 -0.6470 -0.7328
vn -0.4900 -0.7127 -0.5019
vn -0.4917 -0.6735 -0.5520
vn 0.5310 -0.5148 -0.6731
vn -0.0946 0.5969 0.7967
vn 0.7077 -0.2737 -0.6513
vn 0.3721 -0.6090 -0.7004
vn 0.2631 0.6170 0.7417
vn 0.3592 0.5856 0.7267
vn 0.7416 -0.4530 -0.4948
vn -0.2448 -0.2991 -0.9223
vn 0.4543 -0.0669 -0.8883
vn 0.3795 -0.3969 -0.8358
vn 0.5660 0.2705 0.7788
vn 0.6211 -0.4024 -0.6725
vn -0.5845 0.2063 0.7847
vn -0.2144 -0.8013 -0.5584
vn -0.0299 -0.6072 -0.7940
vn 0.4421 -0.6669 -0.5998
vn -0.2308 -0.6482 -0.7257
vn -0.4851 -0.7661 -0.4216
vn 0.1030 -0.7067 -0.7000
vn 0.3663 -0.7205 -0.5888
vn 0.0574 -0.5998 -0.7981
vn 0.3148 -0.6371 -0.7035
vn -0.3752 -0.6510 -0.6599
vn 0.1284 -0.6932 -0.7092
vn 0.1990 -0.5631 -0.8021
vn 0.3382 -0.5950 -0.7291
vn -0.1649 -0.9103 -0.3797
vn 0.8465 -0.2112 -0.4887
vn -0.0380 -0.8004 -0.5982
vn -0.5085 -0.5611 -0.6532
vn -0.5266 -0.5341 -0.6613
vn -0.2994 -0.5475 -0.7815
vn 0.6331 -0.5461 -0.5486
vn 0.4699 -0.6163 -0.6320
vn -0.4703 -0.4856 -0.7369
vn 0.5101 -0.4518 -0.7319
vn -0.4470 0.3513 0.8227
vn 0.3797 0.6548 0.6535
vn -0.5439 -0.3788 -0.7488
vn 0.4531 -0.1025 -0.8856
vn 0.6917 -0.1269 -0.7110
vn 0.6798 -0.2416 -0.6925
vn -0.5189 0.5514 0.6533
vn 0.3415 0.8630 0.3724
vn 0.0050 -0.5997 -0.8002
vn 0.5028 -0.4377 -0.7454
vn 0.2467 -0.7065 -0.6634
vn -0.1719 -0.7561 -0.6315
vn 0.1769 -0.6206 -0.7639
vn 0.4987 -0.6840 -0.5324
vn 0.3118 -0.7246 -0.6146
vn -0.2355 -0.8838 -0.4042
vn 0.4083 -0.8110 -0.4191
vn -0.2830 -0.5042 -0.8159
vn -0.4436 -0.5737 -0.6886
vn -0.3833 -0.4304 -0.8172
vn -0.4644 0.1507 0.8727
vn -0.8063 -0.0034 -0.5914
vn -0.6619 -0.3082 -0.6833
vn -0.5154 0.4561 0.7255
vn -0.7015 -0.0243 -0.7123
vn 0.6765 0.2566 0.6903
vn -0.5651 0.4438 0.6955
vn -0.1844 -0.9816 0.0492
vn -0.3743 -0.6477 -0.6636
vn -0.1588 -0.7117 -0.6843
vn -0.0459 -0.6547 -0.7545
vn -0.0716 -0.6896 -0.7206
vn -0.1519 -0.5516 -0.8202
vn -0.2229 -0.3455 0.9116
vn 0.0927 -0.5355 -0.8395
vn -0.7927 -0.3657 -0.4877
vn 0.3712 -0.7159 -0.5913
vn 0.3254 -0.6880 -0.6487
vn 0.3920 -0.6182 -0.6813
vn 0.4834 -0.7025 -0.5224
vn 0.4683 -0.3830 -0.7963
vn 0.2436 -0.1126 -0.9633
vn 0.4541 -0.3972 -0.7975
vn 0.1969 -0.3581 -0.9127
vn 0.2768 -0.4040 -0.8719
vn 0.6829 -0.3774 -0.6255
vn 0.3693 -0.3738 -0.8508
vn 0.4596 -0.4536 -0.7636
vn 0.3991 -0.4781 -0.7824
vn -0.2228 -0.8499 -0.4774
vn 0.5527 -0.4472 -0.7033
vn 0.6332 -0.0896 -0.7688
vn -0.4307 -0.3873 -0.8152
vn 0.6239 -0.4969 -0.6032
vn 0.5611 0.2318 0.7946
vn 0.5938 -0.4288 -0.6809
vn 0.5975 -0.4343 -0.6741
vn -0.6522 -0.3646 -0.6646
vn 0.7350 0.0034 -0.6781
vn 0.5966 -0.0395 0.8016
vn 0.5155 0.6175 0.5941
vn -0.2118 0.9391 -0.2707
vn 0.4203 0.7531 0.5061
vn 0.0191 -0.8322 -0.5542
vn 0.0230 -0.7267 -0.6866
vn -0.4866 -0.5855 -0.6484
vn -0.1160 -0.7102 -0.6944
vn -0.2261 -0.7013 -0.6761
vn 0.2605 -0.6927 -0.6726
vn 0.1914 -0.3605 -0.9129
vn -0.0641 -0.6781 -0.7322
vn 0.1092 -0.7467 -0.6562
vn -0.3902 -0.6714 -0.6300
vn 0.7230 -0.6446 -0.2485
vn -0.2395 -0.6156 -0.7508
vn -0.0869 0.6786 0.7294
vn 0.5145 -0.5636 -0.6462
vn -0.2355 0.5951 0.7684
vn -0.6151 -0.4731 -0.6307
vn 0.7164 -0.5580 -0.4188
vn -0.3282 0.6247 0.7085
vn 0.4309 0.2876 0.8553
vn -0.5614 -0.4970 -0.6617
vn 0.4729 0.3345 0.8152
vn -0.0850 -0.9846 0.1531
vn 0.5575 0.3669 0.7447
vn 0.6971 -0.4338 -0.5708
vn -0.6497 -0.3735 -0.6621
vn -0.6082 0.2979 0.7358
vn -0.6038 0.3077 0.7354
vn -0.7009 -0.2763 -0.6576
vn 0.7186 -0.2134 -0.6619
vn -0.7225 -0.1366 -0.6777
vn -0.4860 0.7029 -0.5194
vn -0.3784 0.8423 -0.3838
vn 0.2920 0.8937 -0.3408
vn 0.4201 -0.4424 -0.7923
vn -0.3868 -0.7207 -0.5753
vn -0.2318 -0.9657 -0.1168
vn -0.0386 -0.8374 -0.5453
vn 0.3729 -0.8521 -0.3672
vn -0.1741 -0.7534 -0.6341
vn 0.3130 -0.9087 -0.2762
vn -0.2946 -0.5977 -0.7457
vn -0.3731 -0.7000 -0.6089
vn -0.2814 -0.6047 -0.7451
vn -0.0584 -0.5775 -0.8143
vn 0.0139 -0.8745 -0.4848
vn 0.4394 -0.6722 -0.5959
vn -0.2047 -0.8043 -0.5578
vn 0.8553 -0.4480 -0.2602
vn 0.1355 -0.4020 -0.9055
vn -0.0073 -0.3848 -0.9230
vn 0.5812 -0.6900 -0.4314
vn 0.2982 0.8158 0.4955
vn 0.6782 -0.4605 -0.5727
vn -0.7282 -0.5576 -0.3985
vn 0.4460 0.5601 0.6981
vn 0.5611 -0.2561 -0.7872
vn 0.6619 -0.4849 -0.5716
vn 0.6794 -0.2408 -0.6931
vn -0.7295 -0.0159 -0.6838
vn -0.3406 0.8654 -0.3674
vn 0.4903 0.7295 -0.4768
vn -0.1400 0.9821 -0.1261
vn -0.0523 0.9986 0.0040
vn -0.1704 -0.8676 -0.4672
vn -0.1446 -0.8069 -0.5727
vn -0.3313 -0.8804 -0.3392
vn 0.0165 -0.7203 -0.6934
vn 0.3210 -0.8069 -0.4958
vn 0.2425 -0.8622 -0.4447
vn -0.2935 -0.6207 -0.7270
vn -0.0329 -0.5923 0.8050
vn 0.2194 -0.7791 -0.5872
vn 0.2020 -0.6848 -0.7002
vn 0.0394 -0.6579 -0.7520
vn 0.0574 -0.8890 -0.4544
vn -0.6017 -0.2832 -0.7468
vn -0.6571 -0.3968 -0.6410
vn -0.3910 -0.6350 -0.6663
vn -0.1207 -0.6314 -0.7660
vn -0.0990 -0.7005 -0.7067
vn -0.6090 -0.5110 -0.6066
vn 0.0009 -0.4553 -0.8904
vn 0.2565 -0.5254 -0.8113
vn 0.6599 -0.7198 -0.2156
vn -0.3109 -0.5526 -0.7733
vn -0.5505 -0.5635 -0.6159
vn -0.2349 0.6520 0.7209
vn 0.2932 0.6237 0.7246
vn -0.4561 -0.6021 -0.6554
vn -0.3533 0.6122 0.7074
vn -0.5869 -0.4715 -0.6582
vn 0.2677 0.8490 0.4556
vn 0.7927 -0.3907 -0.4680
vn 0.7036 -0.4556 -0.5453
vn -0.4850 -0.4991 -0.7181
vn 0.7021 -0.5051 -0.5020
vn 0.5332 0.1972 0.8227
vn 0.7591 -0.3618 -0.5412
vn -0.5806 -0.3604 -0.7301
vn 0.5477 0.3772 0.7469
vn -0.6897 -0.2695 -0.6721
vn -0.6203 -0.5261 -0.5818
vn -0.6696 0.2090 0.7127
vn -0.6757 0.2181 0.7042
vn 0.3621 -0.0028 -0.9321
vn 0.3493 -0.7150 -0.6056
vn -0.2783 -0.7141 -0.6424
vn 0.2139 -0.4370 -0.8736
vn -0.3663 -0.7320 -0.5744
vn -0.1518 -0.8179 -0.5550
vn 0.2420 -0.0009 -0.9703
vn 0.4381 -0.6926 -0.5730
vn 0.4141 -0.6253 -0.6615
vn -0.1786 -0.7074 -0.6839
vn 0.3183 -0.6845 -0.6559
vn 0.0956 0.7489 0.6557
vn 0.1783 0.7540 0.6322
vn 0.6503 -0.7560 -0.0747
vn -0.3203 0.5293 0.7856
vn 0.5777 -0.7949 -0.1853
vn 0.4805 -0.4968 -0.7227
vn -0.4555 -0.5499 -0.7001
vn 0.2698 -0.4968 -0.8249
vn 0.3951 0.5792 0.7130
vn 0.8361 -0.3786 -0.3971
vn -0.6457 0.1201 0.7541
vn -0.4898 0.5228 0.6977
vn 0.5497 -0.4407 -0.7097
vn 0.6945 -0.1973 -0.6919
vn -0.7052 -0.1771 -0.6865
vn 0.7497 -0.0578 -0.6593
vn -0.0402 -0.8542 -0.5184
vn 0.0792 -0.6940 -0.7156
vn -0.1734 -0.7126 -0.6799
vn -0.3342 -0.4946 -0.8023
vn -0.3519 -0.4022 -0.8452
vn 0.0412 -0.4478 -0.8932
vn 0.2873 -0.7731 -0.5655
vn 0.5708 -0.7412 -0.3532
vn -0.3595 -0.7282 -0.5835
vn 0.7216 -0.4614 -0.5162
vn 0.5592 -0.5142 -0.6503
vn 0.7506 -0.5716 -0.3315
vn 0.5703 -0.6433 -0.5108
vn -0.6026 -0.6704 -0.4330
vn 0.5154 -0.7033 -0.4896
vn -0.4698 -0.5973 -0.6500
vn -0.7435 -0.4156 -0.5239
vn 0.3322 -0.5157 -0.7898
vn 0.6844 -0.4739 -0.5541
vn 0.5342 -0.0394 0.8444
vn 0.3544 -0.6937 -0.6270
vn 0.7174 -0.4971 -0.4880
vn -0.6964 -0.2820 -0.6599
vn -0.6161 0.3356 0.7126
vn -0.6772 -0.2835 -0.6790
vn 0.7061 -0.1554 -0.6908
vn 0.7181 0.0120 -0.6958
vn -0.1427 -0.8799 -0.4532
vn -0.1088 -0.7426 -0.6609
vn -0.2671 -0.7799 -0.5660
vn 0.2587 -0.9234 -0.2837
vn -0.2842 -0.5794 -0.7639
vn -0.2825 -0.6887 -0.6677
vn -0.2464 -0.7823 -0.5721
vn 0.2398 -0.7445 -0.6231
vn 0.1716 -0.5079 -0.8442
vn 0.3452 -0.7604 -0.5501
vn 0.2934 -0.6907 -0.6610
vn 0.4073 -0.2697 -0.8726
vn 0.1029 -0.6010 -0.7926
vn 0.0601 -0.8738 -0.4825
vn -0.3556 -0.4009 -0.8443
vn 0.3290 -0.7954 -0.5090
vn 0.2226 0.7334 0.6423
vn 0.3746 -0.5203 -0.7674
vn 0.5080 -0.5045 -0.6981
vn -0.4042 0.4979 0.7673
vn 0.3050 -0.5703 -0.7627
vn 0.3894 -0.5374 -0.7480
vn -0.3281 0.6179 0.7145
vn -0.4539 -0.4122 -0.7900
vn -0.7870 -0.2131 -0.5789
vn 0.6297 -0.4347 -0.6438
vn 0.5188 0.4980 0.6949
vn 0.9021 -0.3306 -0.2775
vn 0.8946 -0.2133 -0.3928
vn 0.4602 -0.5611 -0.6881
vn -0.5803 0.4173 0.6994
vn 0.6538 0.3802 0.6542
vn 0.7023 -0.2575 -0.6637
vn 0.7095 -0.3814 -0.5926
vn -0.6159 0.4657 0.6355
vn 0.6553 0.3396 0.6747
vn -0.5132 0.6609 0.5476
vn -0.3558 0.8545 0.3784
vn 0.0807 -0.8360 -0.5428
vn -0.3671 -0.7997 -0.4750
vn 0.1576 -0.7587 -0.6321
vn 0.1315 -0.7459 -0.6530
vn -0.2078 -0.6931 -0.6902
vn -0.2083 -0.6911 -0.6920
vn 0.4259 -0.7793 -0.4597
vn 0.1098 -0.7890 -0.6045
vn 0.5708 -0.7412 -0.3533
vn 0.1566 -0.7282 -0.6672
vn 0.0473 -0.8148 -0.5778
vn -0.1534 0.7263 0.6700
vn -0.3512 -0.5322 -0.7704
vn 0.3048 -0.5754 -0.7589
vn 0.7534 -0.4403 -0.4883
vn 0.7803 -0.4152 -0.4677
vn 0.4059 0.5939 0.6946
vn 0.3947 0.7474 0.5345
vn 0.2528 -0.2254 -0.9409
vn 0.3889 -0.4361 -0.8116
vn -0.9041 -0.1724 -0.3910
vn -0.5572 -0.5069 -0.6577
vn -0.6018 -0.4113 -0.6846
vn 0.5415 -0.4834 -0.6878
vn 0.6395 0.3718 0.6729
vn 0.6678 -0.3346 -0.6649
vn 0.6907 -0.3888 -0.6097
vn 0.7210 0.0477 -0.6913
vn 0.0250 -0.7794 -0.6260
vn -0.0483 -0.9058 -0.4210
vn 0.6992 -0.6072 -0.3774
vn 0.0307 -0.8009 -0.5980
vn 0.1050 -0.5814 -0.8068
vn -0.3416 -0.5799 -0.7397
vn 0.3232 -0.6255 -0.7101
vn -0.1115 -0.6855 -0.7195
vn -0.1330 -0.8669 -0.4803
vn 0.2118 -0.6974 -0.6847
vn -0.4260 -0.7933 -0.4350
vn -0.2563 -0.8682 -0.4249
vn -0.8595 -0.3315 -0.3891
vn 0.2903 -0.7021 -0.6503
vn 0.4875 -0.4542 -0.7457
vn 0.2046 -0.6144 -0.7620
vn -0.0237 0.7370 0.6755
vn 0.6523 -0.5481 -0.5235
vn 0.9509 -0.0577 -0.3040
vn 0.3122 -0.6191 -0.7206
vn 0.2692 -0.5925 -0.7593
vn -0.3794 0.7684 0.5154
vn 0.5842 0.1524 0.7972
vn 0.5940 -0.4482 -0.6680
vn 0.5979 0.3638 0.7142
vn 0.6196 -0.2319 -0.7499
vn -0.7120 -0.3325 -0.6185
vn -0.7006 -0.2854 -0.6540
vn -0.6521 0.2657 0.7101
vn 0.6702 -0.4491 -0.5909
vn 0.7277 -0.2904 -0.6214
vn -0.5316 0.6214 0.5756
vn -0.0578 -0.8314 -0.5527
vn -0.0042 -0.8778 -0.4790
vn 0.3857 -0.8600 -0.3343
vn -0.4014 -0.5274 -0.7488
vn -0.1862 -0.7110 -0.6780
vn -0.3285 -0.7586 -0.5627
vn 0.2747 -0.6033 -0.7487
vn -0.2934 -0.7652 -0.5731
vn -0.5151 -0.6639 -0.5421
vn -0.5624 -0.5117 -0.6495
vn -0.2174 -0.8321 -0.5102
vn -0.3571 -0.6484 -0.6723
vn -0.3925 -0.6384 -0.6622
vn 0.2151 -0.7063 -0.6744
vn -0.4373 -0.5487 -0.7125
vn 0.6825 -0.4665 -0.5627
vn -0.5186 -0.4787 -0.7085
vn -0.5910 0.0540 0.8049
vn 0.2461 -0.3046 -0.9202
vn 0.5672 0.4680 0.6777
vn 0.6090 0.5142 0.6039
vn 0.4994 -0.2377 -0.8331
vn 0.3421 -0.3430 -0.8748
vn -0.7290 -0.2705 -0.6289
vn 0.6955 0.2144 0.6858
vn -0.0587 -0.5943 -0.8021
vn 0.0296 -0.6525 -0.7572
vn -0.1841 -0.9402 -0.2866
vn -0.3591 -0.6058 -0.7100
vn 0.4404 -0.7855 -0.4347
vn 0.3413 -0.6117 -0.7137
vn 0.2180 -0.7356 -0.6413
vn -0.4647 -0.8107 -0.3561
vn 0.4501 -0.6235 -0.6393
vn 0.3808 -0.5988 -0.7046
vn -0.5752 -0.6815 -0.4524
vn 0.6788 -0.5190 -0.5195
vn 0.7677 -0.4288 -0.4762
vn -0.7325 -0.5374 -0.4179
vn 0.8588 -0.2467 -0.4491
vn 0.8564 -0.2574 -0.4476
vn 0.5376 -0.5646 -0.6263
vn -0.5189 0.5610 0.6451
vn 0.7000 -0.3267 -0.6351
vn 0.5780 -0.5558 -0.5975
vn 0.7478 -0.0566 -0.6615
vn -0.1683 -0.6324 -0.7561
vn 0.0499 -0.9295 -0.3654
vn 0.1230 -0.8697 -0.4781
vn -0.1903 -0.7473 -0.6367
vn -0.1663 -0.7519 -0.6380
vn -0.3343 -0.6090 -0.7192
vn -0.3921 -0.6786 -0.6211
vn 0.4162 -0.7692 -0.4849
vn 0.0034 0.7412 0.6713
vn 0.6317 -0.7294 -0.2625
vn -0.2939 0.7042 0.6463
vn 0.3767 0.5974 0.7080
vn -0.3978 0.6251 0.6716
vn 0.3307 -0.5138 -0.7916
vn -0.4400 -0.5006 -0.7455
vn 0.6522 -0.5313 -0.5407
vn 0.5535 -0.6721 -0.4918
vn 0.8763 -0.3291 -0.3518
vn 0.6956 0.1975 0.6907
vn -0.6548 -0.2603 -0.7095
vn 0.7425 -0.3737 -0.5559
vn -0.6699 0.2050 0.7136
vn -0.6689 0.3320 0.6651
vn 0.5126 0.7058 0.4889
vn -0.1530 0.9713 -0.1823
vn -0.0600 0.9648 -0.2562
vn -0.0051 -0.7306 -0.6828
vn 0.0617 -0.6904 -0.7208
vn -0.0971 -0.7077 -0.6998
vn -0.1144 -0.6447 -0.7558
vn 0.1472 -0.8383 -0.5249
vn 0.4090 -0.7210 -0.5593
vn -0.3850 -0.5176 -0.7641
vn 0.4931 -0.8029 -0.3349
vn -0.1539 0.7333 0.6623
vn 0.3317 -0.6410 -0.6922
vn -0.4883 -0.5446 -0.6818
vn 0.7367 -0.4803 -0.4759
vn -0.7145 -0.4046 -0.5708
vn 0.8130 -0.4609 -0.3558
vn -0.7119 -0.5248 -0.4666
vn 0.4814 -0.7105 -0.5134
vn 0.7150 -0.4296 -0.5515
vn 0.6650 -0.6097 -0.4314
vn -0.5333 -0.4766 -0.6989
vn 0.6611 -0.5601 -0.4992
vn 0.6692 -0.5488 -0.5010
vn 0.7022 -0.2925 -0.6492
vn -0.6872 0.1753 0.7050
vn 0.7213 0.1609 0.6737
vn 0.5597 0.6278 0.5409
vn -0.6574 0.3744 0.6539
vn -0.7513 0.1316 -0.6467
vn 0.1605 -0.5775 -0.8004
vn -0.2144 -0.7116 -0.6691
vn -0.0743 -0.8992 -0.4312
vn -0.4369 -0.8709 -0.2251
vn -0.5605 -0.5396 -0.6282
vn 0.3376 -0.7651 -0.5483
vn 0.1123 -0.7706 -0.6274
vn -0.2534 -0.6514 -0.7152
vn 0.4148 -0.7560 -0.5063
vn 0.7288 -0.5837 -0.3579
vn -0.3855 -0.6548 -0.6501
vn -0.5862 0.6572 -0.4738
vn 0.2448 0.7576 0.6051
vn -0.4236 0.4986 0.7563
vn -0.4303 -0.5682 -0.7014
vn -0.3737 0.6399 0.6715
vn -0.5846 -0.5276 -0.6163
vn 0.7788 -0.3225 -0.5380
vn 0.2778 -0.4964 -0.8224
vn 0.4670 -0.5149 -0.7189
vn 0.4392 -0.2375 -0.8664
vn -0.3557 -0.4276 -0.8311
vn 0.6626 -0.3289 -0.6729
vn 0.5341 -0.3786 -0.7559
vn 0.6838 0.3400 0.6456
vn 0.6937 0.2255 0.6841
vn 0.7690 -0.0411 -0.6379
vn 0.0686 -0.8497 -0.5229
vn -0.2491 -0.6187 -0.7450
vn 0.2172 -0.7629 -0.6090
vn -0.0891 -0.5723 -0.8152
vn 0.3601 -0.7729 -0.5225
vn 0.4727 -0.7151 -0.5149
vn 0.0777 -0.5430 -0.8361
vn 0.5613 -0.6760 -0.4775
vn 0.4011 -0.6338 -0.6614
vn 0.0199 0.7521 0.6588
vn -0.0841 0.7586 0.6461
vn 0.5404 -0.4524 -0.7094
vn -0.3171 -0.6776 -0.6636
vn 0.1882 -0.7885 -0.5856
vn 0.2455 -0.6973 -0.6734
vn -0.6198 -0.5695 -0.5400
vn 0.7253 -0.4764 -0.4970
vn 0.0570 -0.6741 -0.7364
vn 0.1557 -0.5905 -0.7919
vn 0.6463 -0.4845 -0.5896
vn 0.4087 0.5858 0.6999
vn 0.4044 0.5907 0.6982
vn 0.5816 -0.2530 -0.7731
vn -0.2801 -0.7167 -0.6386
vn -0.8258 -0.3143 -0.4682
vn 0.4350 -0.3091 -0.8457
vn -0.7072 -0.4596 -0.5373
vn -0.5845 0.4997 0.6393
vn 0.6726 0.4187 0.6102
vn -0.6644 0.3120 0.6792
vn -0.7616 0.0420 -0.6467
vn -0.3434 0.8615 -0.3741
vn -0.0302 -0.8890 -0.4569
vn 0.0479 -0.9106 -0.4105
vn 0.2603 -0.9120 -0.3169
vn -0.7411 -0.6714 -0.0040
vn -0.5080 -0.6851 -0.5221
vn -0.2253 -0.7032 -0.6744
vn -0.5475 -0.5219 -0.6541
vn -0.5539 -0.5878 -0.5897
vn 0.5005 -0.5735 -0.6486
vn -0.5160 -0.5126 -0.6863
vn 0.7276 -0.4302 -0.5343
vn -0.7702 -0.3349 -0.5428
vn 0.1447 -0.3775 -0.9146
vn 0.6131 -0.5545 -0.5627
vn -0.4141 0.6931 0.5901
vn -0.6360 -0.0100 0.7716
vn -0.6901 -0.4746 -0.5464
vn -0.6397 -0.0290 0.7680
vn 0.4190 -0.3849 -0.8224
vn -0.6515 0.3376 0.6794
vn -0.7374 -0.2575 -0.6244
vn 0.7726 -0.1474 -0.6176
vn 0.0421 0.9530 -0.3001
vn -0.1135 -0.3906 -0.9135
vn 0.3892 -0.4851 -0.7831
vn 0.5301 -0.4768 -0.7012
vn -0.1523 0.7347 0.6611
vn -0.2407 0.7425 0.6251
vn 0.6758 -0.5246 -0.5177
vn 0.1921 -0.6772 -0.7103
vn -0.4260 0.6100 0.6681
vn 0.1184 -0.5471 -0.8287
vn 0.5272 -0.5011 -0.6863
vn 0.0645 -0.2620 -0.9629
vn 0.6240 -0.2182 -0.7503
vn 0.7977 -0.2948 -0.5260
vn 0.6760 0.1337 0.7247
vn 0.5341 -0.5357 -0.6540
vn 0.5641 -0.1073 -0.8187
vn -0.6039 0.4889 0.6295
vn -0.8873 0.2534 -0.3854
vn 0.6506 0.4159 0.6354
vn -0.8265 -0.1543 -0.5414
vn 0.7320 -0.2888 -0.6170
vn 0.6926 0.3049 0.6538
vn 0.7545 0.1252 -0.6442
vn 0.7839 -0.0678 -0.6172
vn 0.6859 -0.4745 -0.5516
vn 0.5001 0.7374 -0.4541
vn 0.0423 0.9978 0.0513
vn 0.0020 -0.8133 -0.5819
vn 0.0522 -0.9793 -0.1955
vn 0.2027 -0.7154 -0.6687
vn 0.2672 -0.5994 -0.7545
vn -0.5962 -0.6929 -0.4054
vn -0.5046 -0.7243 -0.4699
vn 0.6182 -0.7360 -0.2759
vn -0.3458 -0.7436 -0.5722
vn -0.3129 -0.7351 -0.6014
vn -0.3345 -0.7255 -0.6014
vn -0.3312 0.7212 0.6084
vn 0.7199 -0.5180 -0.4619
vn -0.5530 -0.4259 -0.7161
vn 0.7428 -0.3829 -0.5493
vn -0.4952 -0.6846 -0.5349
vn -0.3326 -0.4316 -0.8385
vn 0.3944 0.8109 0.4322
vn 0.1733 -0.4924 -0.8529
vn 0.4172 -0.5223 -0.7437
vn 0.7460 -0.3790 -0.5476
vn -0.6884 -0.4463 -0.5718
vn 0.6545 0.4416 0.6137
vn 0.7090 -0.3660 -0.6028
vn 0.6584 0.4739 0.5848
vn 0.7222 0.2247 0.6542
vn 0.5933 0.6221 -0.5109
vn 0.4938 0.7455 0.4477
vn 0.1250 -0.9640 -0.2345
vn 0.2461 -0.9689 -0.0268
vn 0.0159 -0.6156 -0.7879
vn 0.6507 -0.4132 -0.6371
vn 0.2961 -0.8207 -0.4887
vn -0.0132 0.8197 0.5727
vn 0.7882 -0.4187 -0.4509
vn 0.3961 -0.7553 -0.5222
vn 0.7802 -0.6200 -0.0833
vn -0.8290 -0.4117 -0.3786
vn -0.6258 0.1544 0.7646
vn -0.6351 0.1135 0.7640
vn 0.6612 0.5365 0.5244
vn 0.7428 0.3186 0.5889
vn -0.7191 -0.3237 -0.6149
vn 0.7232 0.2871 0.6281
vn -0.4290 0.8255 -0.3667
vn 0.3700 -0.8591 -0.3537
vn 0.0980 -0.5516 -0.8283
vn -0.1641 -0.7721 -0.6140
vn 0.1063 -0.7337 -0.6711
vn 0.0962 -0.6820 -0.7250
vn -0.5044 -0.6739 -0.5399
vn -0.4052 -0.7804 -0.4762
vn 0.4816 -0.6588 -0.5780
vn -0.0698 0.8065 0.5871
vn 0.7826 -0.4654 -0.4135
vn -0.6903 -0.5688 -0.4471
vn 0.5421 -0.5163 -0.6630
vn 0.7212 -0.2902 -0.6290
vn -0.6984 0.2871 0.6556
vn -0.6107 -0.5821 -0.5368
vn -0.7479 -0.2922 -0.5961
vn -0.7832 -0.0915 -0.6150
vn -0.2336 0.9450 -0.2289
vn 0.1812 -0.7907 -0.5848
vn -0.2524 -0.9126 -0.3215
vn 0.2409 -0.7577 -0.6065
vn 0.0792 -0.7986 -0.5966
vn -0.3653 -0.6838 -0.6317
vn 0.3429 -0.8130 -0.4707
vn -0.1426 -0.8695 -0.4729
vn 0.3879 -0.6686 -0.6345
vn 0.2955 -0.7887 -0.5390
vn 0.3912 -0.4682 -0.7923
vn -0.1699 -0.5361 -0.8269
vn -0.2010 -0.6385 -0.7429
vn -0.7521 -0.4656 -0.4664
vn -0.4904 -0.6153 -0.6172
vn 0.5199 -0.5516 -0.6522
vn 0.8321 -0.3570 -0.4245
vn -0.8394 -0.3480 -0.4175
vn -0.7074 -0.5369 -0.4597
vn 0.8032 -0.3465 -0.4845
vn 0.6387 -0.5486 -0.5395
vn 0.7481 -0.2950 -0.5944
vn -0.5483 -0.4520 -0.7036
vn 0.4601 -0.5135 -0.7243
vn -0.5813 0.5538 0.5962
vn 0.7795 -0.1813 -0.5997
vn 0.7124 -0.4119 -0.5682
vn -0.7649 -0.1589 -0.6243
vn -0.7406 0.1700 0.6501
vn -0.1874 0.9814 -0.0418
vn 0.5128 0.7282 0.4547
vn 0.4132 0.8496 -0.3277
vn 0.0059 0.9982 0.0597
vn 0.0576 -0.9827 -0.1761
vn 0.1556 -0.8807 -0.4474
vn -0.3299 -0.6246 -0.7079
vn -0.5688 -0.6150 -0.5461
vn 0.2684 -0.7125 -0.6483
vn -0.1649 -0.9307 -0.3265
vn 0.0633 0.7636 0.6426
vn 0.3931 -0.7971 -0.4583
vn 0.5444 -0.5544 -0.6295
vn 0.3131 0.7800 0.5418
vn -0.4000 0.5877 0.7033
vn -0.4980 0.5588 0.6632
vn 0.3662 -0.5532 -0.7483
vn 0.5601 0.5573 0.6130
vn 0.4309 0.7561 0.4926
vn 0.6765 0.3022 0.6716
vn -0.4795 0.6668 0.5705
vn 0.6469 -0.2576 0.7178
vn -0.6563 -0.4970 -0.5677
vn -0.8350 -0.3076 -0.4562
vn 0.9184 -0.2640 -0.2947
vn 0.8308 -0.4367 -0.3450
vn -0.6209 -0.2949 -0.7263
vn -0.1640 -0.5485 -0.8199
vn 0.2830 -0.5814 -0.7628
vn 0.0864 -0.8715 -0.4828
vn 0.6699 -0.5802 -0.4632
vn 0.3603 -0.8100 -0.4627
vn -0.1897 -0.9202 -0.3424
vn 0.7457 -0.5139 -0.4241
vn -0.2702 -0.3661 -0.8905
vn 0.4588 -0.7014 -0.5454
vn -0.6786 -0.5309 -0.5076
vn 0.2760 0.7364 0.6177
vn 0.1756 -0.5984 -0.7817
vn 0.4473 -0.6660 -0.5970
vn -0.0956 -0.7080 -0.6997
vn 0.6548 -0.4731 -0.5895
vn -0.4435 -0.5862 -0.6780
vn 0.7018 0.3272 0.6328
vn -0.7114 0.2860 0.6419
vn 0.7514 0.2565 0.6079
vn 0.9005 -0.1508 -0.4078
vn -0.6346 0.5638 0.5287
vn 0.2469 0.9644 -0.0950
vn -0.0202 -0.7905 -0.6121
vn -0.1348 -0.9412 -0.3097
vn 0.4677 -0.3536 0.8101
vn 0.1679 -0.8629 -0.4767
vn 0.6226 -0.5642 -0.5422
vn -0.4034 -0.7049 -0.5834
vn -0.4118 -0.7279 -0.5483
vn 0.2605 -0.3096 -0.9145
vn 0.2952 -0.8206 -0.4893
vn -0.3324 0.7441 0.5796
vn 0.8494 -0.4526 -0.2714
vn -0.7188 -0.5022 -0.4808
vn 0.2022 -0.6984 -0.6866
vn -0.6633 -0.5017 -0.5552
vn 0.2900 0.7868 0.5448
vn 0.4215 0.6256 0.6565
vn 0.6445 -0.5103 -0.5695
vn 0.5228 -0.5182 -0.6769
vn -0.6549 -0.4574 -0.6015
vn 0.6498 -0.4443 -0.6167
vn 0.6061 0.5712 0.5536
vn 0.6396 -0.3694 -0.6741
vn 0.7921 -0.1067 -0.6010
vn 0.6494 -0.5989 -0.4685
vn 0.7025 0.3814 0.6008
vn 0.3023 -0.4472 -0.8418
vn 0.4012 0.8734 -0.2759
vn -0.1901 -0.9617 -0.1977
vn 0.0766 -0.8624 -0.5005
vn -0.1474 -0.8525 -0.5016
vn -0.4577 -0.6792 -0.5737
vn 0.1598 -0.6077 -0.7779
vn -0.2784 -0.7871 -0.5504
vn 0.0695 0.8137 0.5771
vn 0.0616 0.8032 0.5926
vn -0.1623 -0.9297 -0.3305
vn -0.4005 -0.7386 -0.5422
vn 0.6660 -0.6578 -0.3517
vn -0.7788 -0.4073 -0.4771
vn 0.5870 -0.6950 -0.4152
vn 0.9453 -0.3261 -0.0101
vn 0.5760 -0.6708 -0.4672
vn -0.6402 -0.6999 -0.3167
vn 0.5520 -0.6020 -0.5770
vn 0.8347 -0.3455 -0.4290
vn -0.4639 0.6032 0.6487
vn -0.6313 -0.4581 -0.6259
vn -0.5148 -0.3827 -0.7672
vn -0.5101 0.6150 0.6013
vn -0.5163 -0.3986 -0.7580
vn -0.9099 -0.2941 -0.2927
vn 0.8839 -0.2880 -0.3684
vn 0.7939 -0.1945 -0.5761
vn 0.7403 0.2073 0.6395
vn -0.8277 -0.0660 -0.5573
vn 0.5607 0.7087 0.4283
vn -0.4163 0.8186 0.3958
vn -0.0828 -0.7997 -0.5947
vn 0.1942 -0.6127 -0.7661
vn 0.3581 -0.6768 -0.6432
vn -0.4416 -0.8164 -0.3722
vn -0.0030 0.8387 0.5446
vn -0.1558 -0.9377 -0.3105
vn 0.7445 -0.6456 -0.1703
vn -0.4417 -0.7498 -0.4926
vn -0.0523 -0.6614 -0.7482
vn -0.3742 -0.6225 -0.6874
vn -0.4860 -0.6159 -0.6200
vn -0.3672 -0.4491 -0.8146
vn -0.4636 -0.4258 -0.7770
vn -0.6986 0.0015 0.7156
vn 0.8516 -0.5237 -0.0205
vn 0.6684 -0.4636 -0.5817
vn 0.6752 0.4226 0.6046
vn -0.7230 0.2706 0.6357
vn -0.7575 -0.2940 -0.5829
vn 0.8117 -0.0728 -0.5795
vn -0.7772 0.0883 -0.6230
vn -0.1676 0.9691 -0.1810
vn 0.1329 -0.7809 -0.6104
vn 0.7414 -0.2149 -0.6357
vn 0.5842 -0.3329 -0.7402
vn -0.1141 0.8598 0.4977
vn -0.4264 -0.7752 -0.4661
vn -0.1560 0.8637 0.4793
vn -0.4823 -0.7825 -0.3937
vn 0.5351 -0.5306 -0.6574
vn 0.2051 0.7822 0.5883
vn 0.2813 -0.8915 -0.3551
vn -0.2677 0.7856 0.5578
vn -0.4885 -0.6181 -0.6159
vn -0.7783 -0.4470 -0.4410
vn 0.9893 -0.1443 -0.0221
vn 0.6819 -0.5549 -0.4765
vn -0.8557 -0.4411 -0.2707
vn 0.8403 -0.3950 -0.3714
vn 0.5152 -0.5044 -0.6929
vn -0.8152 -0.2723 -0.5112
vn -0.6586 -0.5158 -0.5479
vn -0.5157 -0.4275 -0.7425
vn -0.6015 0.4889 0.6318
vn -0.6118 -0.3795 -0.6941
vn 0.1182 -0.7974 -0.5917
vn -0.2609 -0.7668 -0.5865
vn -0.2027 -0.7898 -0.5789
vn 0.2127 -0.8731 -0.4388
vn 0.3262 -0.8270 -0.4579
vn -0.5154 -0.6033 -0.6087
vn 0.3989 -0.2882 -0.8705
vn 0.2797 -0.9585 0.0551
vn 0.5689 -0.8136 -0.1199
vn -0.2223 -0.9640 -0.1460
vn -0.3828 0.7487 0.5412
vn 0.5829 -0.4495 -0.6769
vn 0.3161 -0.6173 -0.7205
vn 0.2106 -0.6370 -0.7415
vn 0.3285 0.7937 0.5119
vn 0.5514 0.5466 0.6302
vn -0.6634 -0.4838 -0.5708
vn 0.5795 0.7066 0.4061
vn 0.7761 -0.4655 -0.4255
vn 0.7595 -0.0708 -0.6466
vn -0.7297 -0.3714 -0.5742
vn -0.7561 0.1906 0.6260
vn 0.7656 0.3276 -0.5537
vn 0.0540 -0.8104 -0.5834
vn 0.5855 -0.7078 -0.3952
vn -0.2315 -0.7360 -0.6361
vn -0.4427 -0.7122 -0.5448
vn 0.5335 -0.7224 -0.4400
vn 0.7103 -0.6979 -0.0916
vn -0.6622 -0.7147 -0.2252
vn -0.5738 -0.7017 -0.4223
vn 0.2700 -0.7245 -0.6342
vn 0.4236 -0.8304 -0.3620
vn -0.6271 -0.5078 -0.5907
vn 0.8993 -0.4067 -0.1609
vn -0.7823 -0.4928 -0.3811
vn 0.7372 -0.5551 -0.3851
vn -0.8015 -0.4005 -0.4441
vn 0.7745 -0.4671 -0.4267
vn -0.6985 0.3501 0.6241
vn -0.7383 -0.2606 -0.6221
vn 0.7492 0.2575 0.6103
vn 0.8132 -0.0888 -0.5752
vn 0.1335 -0.7809 -0.6103
vn -0.3124 -0.7446 -0.5899
vn -0.4277 -0.7161 -0.5516
vn 0.1936 -0.9197 -0.3416
vn -0.5230 -0.5504 -0.6507
vn -0.1859 -0.8992 -0.3960
vn 0.5531 -0.7276 -0.4058
vn 0.0984 -0.9611 -0.2582
vn -0.2869 -0.8792 -0.3804
vn 0.7228 -0.6909 -0.0152
vn 0.3159 0.7655 0.5605
vn 0.3817 -0.7977 -0.4670
vn 0.5697 -0.7705 -0.2859
vn -0.6113 -0.4988 -0.6144
vn 0.4962 -0.6411 -0.5855
vn -0.4895 -0.5786 -0.6524
vn 0.6565 -0.4932 -0.5708
vn 0.3181 -0.6595 -0.6811
vn -0.7091 -0.6330 -0.3107
vn 0.7811 -0.3937 -0.4847
vn -0.5058 0.6676 0.5463
vn -0.4005 -0.3646 -0.8407
vn 0.4321 -0.4729 -0.7679
vn 0.5391 -0.3216 -0.7784
vn 0.7096 0.2956 0.6395
vn 0.5650 -0.3799 -0.7324
vn 0.6075 0.5614 0.5619
vn 0.4129 -0.1771 -0.8934
vn -0.7342 -0.2394 -0.6353
vn -0.7080 0.2990 0.6397
vn -0.1808 -0.8037 -0.5668
vn 0.0865 0.8591 0.5044
vn 0.3958 -0.5074 -0.7654
vn -0.0638 -0.9472 -0.3142
vn -0.2949 -0.5647 -0.7708
vn -0.5292 -0.6370 -0.5606
vn -0.0193 -0.6478 -0.7616
vn -0.0750 -0.8505 -0.5206
vn 0.2370 -0.8587 -0.4545
vn -0.4908 -0.6764 -0.5492
vn 0.5976 -0.7447 -0.2973
vn -0.4758 -0.6496 -0.5929
vn -0.7711 -0.4756 -0.4233
vn -0.4657 0.5537 0.6903
vn -0.5938 -0.3049 -0.7446
vn -0.6046 -0.3995 -0.6891
vn -0.5381 -0.4507 -0.7122
vn -0.6784 0.3692 0.6351
vn 0.5785 -0.3750 -0.7243
vn -0.7348 -0.4713 -0.4878
vn 0.7170 -0.3275 -0.6153
vn -0.7462 -0.2196 -0.6285
vn 0.7709 0.2145 0.5997
vn -0.7559 0.1774 0.6302
vn -0.6351 0.5285 0.5634
vn -0.1231 -0.8110 -0.5719
vn 0.1984 -0.8863 -0.4184
vn 0.2786 -0.8154 -0.5075
vn -0.4225 -0.7119 -0.5610
vn -0.1716 -0.9166 -0.3610
vn 0.4859 -0.8074 -0.3348
vn -0.4559 -0.7595 -0.4641
vn 0.5749 -0.7353 -0.3588
vn 0.2671 -0.5824 -0.7678
vn 0.7822 -0.6183 -0.0771
vn 0.4239 -0.6393 -0.6415
vn 0.1811 -0.7676 -0.6148
vn 0.6251 -0.6118 -0.4848
vn -0.9057 -0.3930 -0.1589
vn -0.6323 -0.6208 -0.4635
vn 0.3531 0.8237 0.4436
vn -0.5447 0.3928 0.7409
vn 0.8169 -0.4410 -0.3718
vn -0.5859 0.5066 0.6325
vn 0.6751 0.3388 0.6553
vn -0.5891 0.5769 0.5658
vn 0.7585 -0.4818 -0.4388
vn 0.6482 -0.0185 -0.7612
vn -0.6629 0.4428 0.6038
vn 0.7037 0.3932 0.5918
vn 0.8386 -0.4241 -0.3419
vn 0.7274 0.4788 0.4915
vn 0.7991 0.1389 0.5850
vn 0.0363 0.9979 0.0530
vn 0.2251 -0.7914 -0.5684
vn 0.1509 -0.9389 -0.3095
vn 0.4136 -0.8034 -0.4285
vn 0.6016 -0.6378 -0.4808
vn -0.5457 -0.5313 -0.6480
vn -0.0141 0.8637 0.5038
vn 0.2735 -0.5938 -0.7567
vn 0.4641 -0.6032 -0.6486
vn -0.4440 -0.8640 -0.2376
vn 0.2373 -0.8590 -0.4537
vn 0.9757 -0.1446 -0.1646
vn -0.7924 -0.4177 -0.4446
vn -0.4721 -0.7240 -0.5029
vn 0.6165 -0.5564 -0.5572
vn 0.6365 -0.5512 -0.5395
vn 0.6039 -0.4929 -0.6263
vn -0.7145 -0.5121 -0.4767
vn -0.7661 -0.5511 -0.3307
vn 0.5854 0.5750 0.5716
vn -0.7140 -0.0561 0.6979
vn 0.7540 -0.5785 -0.3110
vn 0.7751 -0.4718 -0.4203
vn 0.8061 -0.5171 -0.2877
vn 0.8618 -0.2698 -0.4295
vn -0.7750 0.1285 0.6188
vn 0.8148 -0.3264 -0.4792
vn 0.8068 -0.0757 -0.5860
vn 0.7880 0.1830 0.5879
vn 0.3005 0.9424 0.1470
vn -0.0833 -0.8704 -0.4852
vn -0.3266 -0.5011 -0.8014
vn 0.1954 -0.6094 -0.7684
vn 0.2812 -0.5992 -0.7496
vn -0.0290 0.8692 0.4935
vn -0.4627 -0.7567 -0.4619
vn 0.6773 -0.6446 -0.3546
vn 0.7432 -0.6030 -0.2899
vn 0.6483 -0.6488 -0.3984
vn 0.7244 -0.6211 -0.2992
vn -0.4930 -0.8700 -0.0073
vn -0.2559 -0.9292 -0.2665
vn -0.6697 -0.6229 -0.4044
vn 0.7217 -0.5657 -0.3990
vn 0.1818 -0.7401 -0.6474
vn 0.8464 -0.5051 -0.1686
vn -0.7682 -0.4536 -0.4518
vn 0.6760 -0.5624 -0.4762
vn -0.3543 -0.7036 -0.6160
vn -0.3844 -0.6869 -0.6167
vn 0.6072 0.5653 0.5584
vn -0.9115 -0.2377 -0.3357
vn -0.4067 -0.7547 -0.5147
vn 0.4678 -0.5932 -0.6552
vn 0.7650 -0.4822 -0.4269
vn 0.7878 -0.2675 -0.5549
vn 0.7789 -0.2296 -0.5836
vn -0.7482 0.2549 0.6126
vn -0.8409 -0.2392 -0.4855
vn -0.7887 0.2714 0.5516
vn -0.8055 0.3247 -0.4957
vn -0.0323 -0.8803 -0.4733
vn 0.1350 -0.8520 -0.5059
vn -0.1893 -0.7597 -0.6221
vn -0.3179 -0.7388 -0.5942
vn 0.2022 -0.9415 -0.2695
vn 0.1967 -0.5718 -0.7964
vn -0.2332 -0.6912 -0.6840
vn -0.7053 -0.5815 -0.4055
vn -0.2906 0.7959 0.5312
vn -0.2418 0.8300 0.5027
vn 0.3380 0.7580 0.5579
vn -0.5246 -0.8198 -0.2296
vn 0.5665 -0.5405 -0.6220
vn 0.2857 -0.6850 -0.6701
vn 0.5855 0.5742 0.5722
vn 0.8962 -0.4172 -0.1511
vn -0.7678 -0.5510 -0.3270
vn -0.8222 -0.3837 -0.4204
vn -0.7113 -0.0183 0.7026
vn 0.9020 -0.3921 -0.1806
vn -0.8118 -0.2715 -0.5169
vn -0.8560 -0.1775 -0.4856
vn -0.2468 -0.9508 -0.1871
vn 0.3558 -0.8660 -0.3514
vn 0.4763 -0.8079 -0.3471
vn -0.4144 -0.5742 -0.7061
vn 0.4420 -0.8278 -0.3454
vn -0.1266 0.8536 0.5053
vn -0.4968 -0.7068 -0.5036
vn -0.8418 -0.5186 -0.1497
vn -0.3904 0.7569 0.5241
vn -0.8515 -0.3646 -0.3769
vn -0.3847 -0.7695 -0.5098
vn 0.4725 -0.4483 -0.7588
vn -0.4160 -0.6035 -0.6802
vn 0.8107 0.1042 0.5761
vn -0.7071 0.0741 0.7032
vn 0.8293 -0.3738 -0.4154
vn 0.5569 -0.8295 0.0413
vn 0.6557 0.6341 0.4099
vn -0.4216 0.8375 -0.3477
vn -0.4591 0.7985 0.3894
vn -0.0938 -0.8225 -0.5609
vn 0.0573 -0.8584 -0.5098
vn 0.5691 -0.3679 -0.7354
vn -0.2523 -0.9484 -0.1919
vn -0.4249 -0.7751 -0.4676
vn 0.4339 -0.8285 -0.3540
vn -0.3678 -0.7289 -0.5774
vn 0.3750 -0.6057 -0.7018
vn -0.1056 -0.7611 -0.6399
vn -0.6071 -0.5861 -0.5366
vn 0.5570 -0.6484 -0.5190
vn 0.6498 -0.6019 -0.4642
vn 0.8776 -0.4089 -0.2502
vn -0.6000 -0.6002 -0.5290
vn 0.7223 -0.5474 -0.4227
vn 0.4124 -0.5212 -0.7472
vn -0.6569 -0.5427 -0.5234
vn 0.8856 -0.3163 -0.3400
vn -0.4788 -0.5182 -0.7087
vn 0.7341 -0.4616 -0.4980
vn 0.6532 -0.0909 -0.7517
vn 0.8575 -0.5004 -0.1193
vn 0.7346 0.4101 0.5406
vn 0.8874 -0.0377 -0.4595
vn -0.8104 -0.2730 -0.5183
vn 0.2368 -0.8018 -0.5487
vn 0.3503 -0.7473 -0.5646
vn -0.4225 -0.7107 -0.5625
vn 0.3366 -0.8693 -0.3620
vn 0.5090 -0.7144 -0.4803
vn 0.2246 -0.6196 -0.7521
vn 0.2112 0.8391 0.5014
vn 0.2516 0.8309 0.4964
vn 0.5950 -0.6012 -0.5334
vn 0.1349 -0.7395 -0.6595
vn -0.4537 -0.6277 -0.6326
vn 0.4979 -0.7298 -0.4685
vn -0.6024 -0.5983 -0.5283
vn 0.5976 -0.5797 -0.5540
vn 0.7166 -0.5983 -0.3585
vn 0.4245 0.8030 0.4183
vn -0.5687 0.5943 0.5687
vn -0.5620 0.6586 0.5004
vn 0.6523 -0.5156 -0.5556
vn 0.8380 -0.3530 -0.4162
vn -0.1634 0.9697 -0.1814
vn -0.3045 0.9426 0.1369
vn 0.2320 -0.8028 -0.5493
vn -0.3882 -0.7525 -0.5319
vn -0.1942 -0.8116 -0.5510
vn 0.2234 -0.8102 -0.5419
vn -0.3789 -0.6482 -0.6605
vn -0.7098 -0.5953 -0.3766
vn 0.4513 -0.6144 -0.6471
vn 0.6204 -0.5441 -0.5649
vn 0.9499 -0.1787 -0.2563
vn -0.7328 -0.4701 -0.4920
vn 0.8582 -0.2988 -0.4174
vn -0.9852 -0.1620 -0.0558
vn 0.7415 -0.4885 -0.4599
vn -0.6767 0.6630 -0.3202
vn -0.6561 0.4399 0.6132
vn -0.8138 -0.2661 -0.5166
vn 0.7126 -0.4515 -0.5371
vn 0.7101 -0.5106 -0.4848
vn 0.7850 0.3315 0.5234
vn -0.7697 0.2808 0.5734
vn 0.8114 -0.2452 -0.5306
vn -0.8422 -0.1191 -0.5259
vn 0.7567 0.4163 -0.5042
vn -0.7841 0.3060 0.5399
vn -0.6491 0.6110 0.4531
vn 0.0358 -0.8786 -0.4762
vn -0.4592 -0.6837 -0.5672
vn -0.6614 -0.7470 0.0673
vn 0.2835 -0.4954 -0.8211
vn 0.7540 -0.5655 -0.3342
vn -0.7291 -0.6372 -0.2500
vn 0.7250 -0.6362 -0.2638
vn 0.7901 -0.5606 -0.2478
vn 0.5013 -0.8060 -0.3147
vn 0.7010 -0.6303 -0.3337
vn 0.3420 -0.6936 -0.6340
vn -0.4819 -0.7731 -0.4124
vn 0.7235 -0.5420 -0.4276
vn 0.4348 -0.6765 -0.5944
vn -0.1228 -0.6494 -0.7504
vn -0.5803 0.6410 0.5023
vn -0.7905 -0.4526 -0.4127
vn 0.6079 -0.5298 -0.5915
vn 0.9022 -0.1549 -0.4026
vn -0.4485 -0.5217 -0.7257
vn 0.7365 0.4138 0.5352
vn 0.6556 0.5857 0.4767
vn -0.6705 0.5191 0.5300
vn 0.9754 0.2185 -0.0275
vn 0.8120 0.1044 -0.5742
vn 0.7538 -0.4354 -0.4922
vn -0.7856 -0.4694 -0.4031
vn 0.1468 -0.8662 -0.4776
vn 0.3257 -0.6959 -0.6401
vn -0.5588 -0.8191 -0.1299
vn 0.3898 0.7799 0.4897
vn 0.6396 -0.7076 -0.3002
vn 0.5924 -0.5933 -0.5451
vn -0.7852 -0.5571 -0.2703
vn 0.7056 -0.4671 -0.5329
vn -0.6169 0.5634 0.5495
vn 0.9675 -0.1770 -0.1808
vn 0.8330 -0.4194 -0.3610
vn 0.7688 0.1108 0.6298
vn 0.7540 0.1656 0.6356
vn 0.7084 -0.5557 -0.4351
vn 0.8371 -0.3527 -0.4182
vn -0.6926 0.4697 0.5474
vn 0.6544 -0.4311 -0.6212
vn -0.7338 -0.4715 -0.4891
vn -0.7892 -0.4208 -0.4472
vn 0.7008 -0.5440 -0.4614
vn 0.7072 0.4368 0.5559
vn -0.7663 0.3436 0.5428
vn 0.6865 -0.5924 -0.4217
vn -0.7777 0.3032 0.5508
vn 0.8153 0.2794 0.5072
vn 0.8242 0.1891 0.5338
vn 0.7431 0.4237 -0.5179
vn 0.3603 0.8764 -0.3195
vn 0.4273 0.8109 -0.3998
vn 0.3709 -0.7593 -0.5347
vn 0.0587 0.8734 0.4835
vn -0.3609 -0.7206 -0.5921
vn 0.6018 -0.6663 -0.4403
vn 0.0682 -0.6975 -0.7133
vn 0.3045 -0.7686 -0.5626
vn 0.0521 -0.8520 -0.5209
vn 0.7068 -0.3765 -0.5989
vn 0.6497 -0.6624 -0.3731
vn 0.7124 -0.6243 -0.3206
vn 0.4506 -0.6354 -0.6271
vn -0.7569 -0.5408 -0.3669
vn 0.9461 0.1101 -0.3045
vn -0.7629 0.3492 0.5441
vn 0.7938 0.3252 0.5138
vn 0.8476 0.0301 -0.5298
vn 0.1622 0.9868 -0.0008
vn 0.3825 -0.7742 -0.5043
vn -0.5231 -0.7177 -0.4597
vn 0.6709 -0.4319 -0.6028
vn 0.5759 -0.5151 -0.6348
vn -0.3993 0.8077 0.4338
vn -0.5956 -0.4031 -0.6949
vn -0.5870 -0.4220 -0.6909
vn -0.5875 -0.4258 -0.6881
vn 0.3461 -0.6267 -0.6982
vn 0.5976 -0.5814 -0.5522
vn -0.6254 0.4666 0.6254
vn -0.9635 -0.2486 -0.0995
vn 0.9245 -0.3570 -0.1335
vn 0.9521 -0.2385 -0.1912
vn 0.7910 0.2691 0.5494
vn -0.8440 -0.3420 -0.4132
vn 0.6629 0.6191 0.4211
vn -0.3133 0.8848 -0.3448
vn 0.4139 -0.7518 -0.5133
vn 0.3999 0.4057 -0.8219
vn -0.4131 -0.7507 -0.5156
vn 0.6536 -0.7460 -0.1278
vn -0.7255 -0.6431 -0.2452
vn 0.4446 -0.8139 -0.3740
vn -0.5832 -0.6606 -0.4728
vn -0.3902 0.7562 0.5252
vn -0.5788 -0.6877 -0.4382
vn 0.3993 -0.5416 -0.7397
vn -0.6237 -0.5476 -0.5578
vn 0.3993 -0.7238 -0.5627
vn -0.5764 -0.4878 -0.6556
vn -0.6844 0.0327 0.7284
vn 0.6996 -0.5442 -0.4631
vn 0.8069 -0.2412 -0.5393
vn 0.8172 0.1643 0.5525
vn 0.8144 -0.4257 -0.3944
vn 0.8275 -0.2144 -0.5189
vn 0.8449 0.1343 0.5177
vn 0.8425 0.1871 -0.5052
vn 0.0747 0.9844 -0.1590
vn 0.3461 0.9222 0.1725
vn -0.3888 -0.7389 -0.5504
vn 0.3030 -0.8834 -0.3573
vn 0.5210 -0.5584 -0.6456
vn -0.4007 -0.7574 -0.5156
vn -0.1422 -0.9711 -0.1919
vn 0.5490 -0.6312 -0.5479
vn -0.3225 0.8077 0.4935
vn 0.5249 -0.7205 -0.4531
vn -0.4744 -0.5806 -0.6617
vn -0.5603 -0.5399 -0.6281
vn 0.7566 -0.5120 -0.4067
vn -0.8816 -0.3968 -0.2556
vn 0.7038 -0.4814 -0.5223
vn 0.9470 -0.1462 -0.2862
vn -0.7517 -0.4407 -0.4907
vn -0.6058 -0.6943 -0.3885
vn 0.6024 -0.5220 -0.6039
vn -0.8246 -0.4277 -0.3703
vn 0.6435 0.6013 0.4737
vn -0.8762 0.0469 -0.4797
vn -0.7906 0.3569 0.4975
vn -0.8807 -0.1048 -0.4619
vn -0.1664 -0.8596 -0.4832
vn 0.4127 -0.7533 -0.5121
vn 0.1644 0.8583 0.4861
vn 0.5442 -0.6741 -0.4995
vn 0.2442 -0.9297 -0.2759
vn 0.3858 -0.9023 -0.1922
vn 0.6124 -0.4817 -0.6268
vn 0.6888 -0.1862 -0.7006
vn 0.3455 -0.7278 -0.5924
vn 0.7802 -0.4702 -0.4127
vn -0.4384 -0.6208 -0.6499
vn -0.5785 -0.6363 -0.5104
vn 0.6340 -0.5017 -0.5885
vn -0.6327 -0.5360 -0.5589
vn 0.9320 -0.1217 -0.3413
vn 0.8439 -0.3774 -0.3813
vn -0.5787 -0.5229 -0.6259
vn 0.9045 -0.3067 -0.2963
vn 0.8093 0.3879 0.4410
vn 0.7886 0.2810 0.5470
vn -0.8212 0.2733 0.5009
vn 0.8600 -0.3372 -0.3829
vn 0.8572 -0.1209 -0.5006
vn -0.8395 0.2513 -0.4818
vn -0.0012 -0.9133 -0.4073
vn 0.0374 -0.8919 -0.4507
vn 0.2763 -0.9012 -0.3340
vn -0.6607 -0.6623 -0.3532
vn 0.6997 -0.5370 -0.4713
vn 0.4718 -0.6719 -0.5709
vn -0.6665 -0.4771 -0.5729
vn -0.7349 -0.2791 -0.6181
vn -0.8481 -0.4013 -0.3460
vn 0.6188 -0.4822 -0.6201
vn -0.8766 -0.1863 -0.4436
vn -0.7232 -0.3845 -0.5737
vn -0.8771 -0.2820 -0.3889
vn 0.8563 0.1155 -0.5034
vn -0.8459 -0.0284 0.5325
vn 0.0104 -0.3052 -0.9522
vn 0.0150 -0.4449 -0.8955
vn -0.0558 -0.9078 -0.4156
vn -0.1350 -0.8822 -0.4511
vn -0.2652 -0.8443 -0.4657
vn -0.2816 -0.8407 -0.4625
vn -0.0372 0.8864 0.4614
vn -0.2950 -0.7453 -0.5979
vn -0.6405 -0.7198 -0.2677
vn 0.5958 -0.6070 -0.5259
vn 0.5232 -0.7103 -0.4708
vn 0.6005 -0.6509 -0.4645
vn 0.9072 -0.4204 -0.0170
vn -0.6558 -0.0373 0.7540
vn -0.5851 0.6359 0.5033
vn -0.6800 -0.4964 -0.5396
vn 0.8063 0.3949 0.4404
vn -0.8184 0.0391 0.5733
vn -0.6668 -0.6198 -0.4137
vn -0.7785 0.3803 0.4993
vn -0.7238 0.4803 0.4953
vn 0.9498 -0.2978 -0.0958
vn 0.8873 0.2146 -0.4081
vn 0.0598 -0.3991 -0.9149
vn 0.1722 -0.1964 -0.9653
vn 0.1749 0.1781 -0.9683
vn -0.0840 0.3292 -0.9405
vn -0.0836 -0.9291 -0.3603
vn 0.1439 -0.8799 -0.4528
vn -0.3948 -0.7769 -0.4904
vn 0.6999 -0.4863 -0.5232
vn -0.5756 -0.7629 -0.2944
vn 0.3026 -0.8484 -0.4343
vn 0.9174 -0.3980 -0.0041
vn -0.7939 -0.5803 -0.1816
vn 0.7709 -0.4920 -0.4045
vn -0.7939 -0.1040 -0.5991
vn -0.7918 -0.2092 -0.5739
vn -0.8226 -0.4838 -0.2988
vn 0.7148 -0.4908 -0.4981
vn -0.8770 -0.2815 -0.3893
vn -0.8420 0.1903 0.5048
vn 0.9678 -0.2167 -0.1283
vn 0.9614 -0.2281 -0.1539
vn 0.1990 0.9797 0.0233
vn -0.0634 -0.7372 -0.6727
vn -0.1353 -0.6543 -0.7440
vn -0.1763 0.1218 -0.9768
vn 0.0729 0.4034 -0.9121
vn -0.0555 0.6364 -0.7694
vn 0.0382 0.7047 -0.7085
vn 0.1710 -0.8598 -0.4812
vn 0.3683 -0.7749 -0.5136
vn -0.4877 -0.6849 -0.5414
vn -0.5849 -0.6866 -0.4319
vn 0.2658 -0.8617 -0.4322
vn 0.4248 -0.6061 -0.6724
vn 0.8745 -0.4231 -0.2373
vn 0.8547 -0.4525 -0.2546
vn 0.9521 -0.2888 -0.1009
vn 0.6584 -0.5118 -0.5518
vn 0.7178 -0.4738 -0.5102
vn 0.8499 -0.3929 -0.3511
vn -0.9648 -0.1816 -0.1901
vn 0.8640 -0.3329 -0.3778
vn 0.8038 0.3453 0.4845
vn -0.8254 0.3403 0.4505
vn 0.8569 -0.2740 -0.4365
vn 0.8230 -0.4156 -0.3873
vn 0.8274 -0.2266 -0.5138
vn -0.7123 0.6069 0.3527
vn -0.1300 -0.6399 -0.7574
vn 0.2428 -0.3194 -0.9160
vn 0.2214 0.3415 -0.9135
vn -0.2116 -0.8721 -0.4412
vn 0.4539 -0.6834 -0.5718
vn 0.2355 -0.9303 -0.2812
vn -0.5928 -0.7035 -0.3920
vn 0.4230 -0.6011 -0.6781
vn -0.4913 -0.6959 -0.5237
vn -0.6287 -0.5926 -0.5036
vn 0.6986 -0.6566 -0.2845
vn -0.7409 -0.5667 -0.3605
vn 0.4952 -0.4630 -0.7351
vn 0.5242 -0.6100 -0.5942
vn -0.7452 -0.4883 -0.4540
vn -0.8757 -0.2933 -0.3837
vn -0.8990 -0.1353 -0.4165
vn -0.8413 0.2243 0.4918
vn -0.8519 0.0954 0.5149
vn -0.8170 0.3256 0.4758
vn 0.8653 0.1085 -0.4894
vn 0.2469 0.9690 0.0096
vn -0.3155 0.9386 0.1396
vn 0.1351 0.9674 -0.2140
vn 0.0785 -0.8914 -0.4464
vn 0.1917 -0.6602 -0.7262
vn -0.0485 0.6143 -0.7876
vn -0.0205 0.4150 -0.9096
vn 0.0742 -0.9065 -0.4157
vn 0.5465 -0.7004 -0.4591
vn -0.5882 -0.7366 -0.3339
vn 0.8302 -0.4222 -0.3639
vn 0.8558 -0.3769 -0.3544
vn -0.3934 0.8130 0.4293
vn -0.7867 -0.5741 -0.2271
vn -0.7025 0.4663 0.5376
vn 0.7214 -0.5602 -0.4072
vn 0.5770 -0.4774 -0.6627
vn -0.8740 -0.2221 -0.4321
vn -0.7308 -0.5836 -0.3541
vn -0.7121 -0.3833 -0.5882
vn -0.6273 0.6532 0.4241
vn 0.6696 -0.5141 -0.5361
vn -0.5343 -0.5002 -0.6814
vn -0.8411 -0.4502 -0.2998
vn -0.9219 -0.2314 -0.3107
vn -0.6712 0.5735 0.4697
vn 0.6510 -0.4344 -0.6225
vn 0.9053 -0.2285 -0.3581
vn 0.8962 -0.0364 -0.4421
vn 0.8872 -0.1485 -0.4369
vn 0.8823 -0.1500 -0.4461
vn 0.8925 -0.0292 -0.4502
vn 0.8233 0.3100 0.4755
vn 0.0091 -0.9975 -0.0707
vn 0.0123 -0.9967 -0.0802
vn 0.3187 -0.1230 -0.9398
vn -0.2228 0.4302 -0.8748
vn 0.0563 0.5710 -0.8190
vn 0.1853 -0.9002 -0.3941
vn 0.4923 -0.7384 -0.4609
vn 0.7206 -0.1837 -0.6686
vn 0.6465 -0.4126 -0.6417
vn 0.1521 0.8878 0.4344
vn -0.0446 -0.9242 -0.3792
vn -0.0742 -0.9328 -0.3526
vn -0.2359 0.8669 0.4391
vn -0.4481 0.7729 0.4492
vn 0.8036 -0.3799 -0.4581
vn 0.6138 -0.6953 -0.3738
vn -0.8910 -0.3886 -0.2349
vn -0.6490 0.5697 0.5043
vn 0.5343 -0.5722 -0.6222
vn 0.4865 0.8186 0.3054
vn 0.8539 -0.3503 -0.3849
vn 0.2782 -0.5476 -0.7892
vn 0.4683 -0.3718 -0.8015
vn 0.8336 0.1598 0.5287
vn 0.7422 -0.1049 -0.6619
vn 0.4114 -0.5062 -0.7580
vn 0.8934 -0.3785 -0.2418
vn 0.7938 -0.4461 -0.4135
vn 0.8690 -0.2882 -0.4022
vn 0.8656 -0.2940 -0.4053
vn 0.8626 -0.3473 -0.3679
vn -0.8690 0.2369 -0.4344
vn -0.8186 0.3214 0.4761
vn -0.0997 -0.9531 -0.2857
vn 0.3134 -0.1207 -0.9419
vn 0.1836 0.6166 -0.7656
vn 0.0013 -0.6964 -0.7177
vn 0.1333 -0.5377 -0.8325
vn -0.1986 -0.6528 -0.7310
vn 0.2309 -0.8738 -0.4280
vn -0.0604 0.8946 0.4427
vn 0.5305 -0.7171 -0.4520
vn -0.5551 -0.5865 -0.5898
vn -0.5433 -0.7590 -0.3588
vn -0.6247 -0.7005 -0.3449
vn 0.3072 -0.7965 -0.5207
vn -0.4701 0.7659 0.4386
vn -0.5766 -0.6112 -0.5422
vn 0.4836 -0.6338 -0.6038
vn -0.7467 -0.5817 -0.3227
vn -0.4065 -0.7356 -0.5419
vn -0.7490 -0.5075 -0.4260
vn -0.2445 0.7778 -0.5791
vn 0.6018 -0.3758 -0.7047
vn -0.8990 -0.4311 -0.0771
vn 0.7756 0.4342 0.4583
vn 0.7944 0.4169 0.4417
vn 0.3203 -0.6346 -0.7034
vn -0.3526 0.2340 -0.9061
vn 0.2185 0.5427 -0.8110
vn -0.1294 0.4544 -0.8813
vn -0.1387 0.2974 -0.9446
vn -0.0019 0.3007 -0.9537
vn 0.0669 0.2048 -0.9765
vn -0.0122 -0.6596 -0.7515
vn -0.1328 -0.9120 -0.3882
vn 0.3041 -0.8555 -0.4191
vn 0.1024 0.8999 0.4240
vn -0.5695 -0.7338 -0.3705
vn 0.3307 -0.9146 -0.2326
vn 0.0908 -0.9816 -0.1681
vn 0.6881 -0.5548 -0.4677
vn 0.7315 -0.4659 -0.4978
vn 0.7735 -0.5903 -0.2307
vn 0.8518 -0.4793 -0.2116
vn 0.4868 -0.5505 -0.6782
vn -0.6609 0.6045 0.4448
vn 0.6608 0.6122 0.4343
vn 0.8281 -0.3448 -0.4420
vn 0.4475 -0.5761 -0.6840
vn 0.8449 -0.4387 -0.3060
vn -0.9867 -0.0541 0.1534
vn 0.7350 -0.1035 -0.6701
vn 0.5450 -0.6691 -0.5053
vn 0.7890 -0.4839 -0.3786
vn 0.7922 -0.4758 -0.3821
vn 0.7853 0.4396 0.4359
vn -0.6169 0.7252 0.3058
vn 0.3152 -0.5449 -0.7770
vn -0.3065 -0.5086 -0.8046
vn 0.3819 0.1336 -0.9145
vn -0.1752 0.7016 -0.6907
vn 0.1279 0.2767 -0.9524
vn -0.0776 0.1146 -0.9904
vn 0.1067 -0.0135 -0.9942
vn -0.0410 0.2179 -0.9751
vn 0.0592 0.0012 -0.9982
vn 0.0119 -0.3372 -0.9414
vn 0.1524 -0.6164 -0.7726
vn 0.0580 0.8792 0.4729
vn 0.0142 0.8973 0.4412
vn 0.6459 -0.6524 -0.3965
vn -0.5220 -0.6458 -0.5572
vn 0.5425 -0.6970 -0.4690
vn -0.6081 -0.6892 -0.3940
vn 0.5522 -0.7582 -0.3466
vn -0.5563 -0.5950 -0.5801
vn 0.8275 -0.5422 -0.1459
vn -0.7575 -0.4952 -0.4254
vn 0.5551 -0.4061 -0.7259
vn 0.6617 0.6380 0.3939
vn -0.9774 -0.1676 -0.1289
vn -0.8311 0.3217 0.4536
vn 0.8649 0.0627 0.4981
vn -0.9050 -0.1000 -0.4136
vn -0.9184 0.1068 -0.3809
vn 0.5255 0.8063 0.2715
vn -0.0827 0.9890 -0.1223
vn -0.2940 -0.7065 -0.6437
vn -0.3712 0.3996 -0.8382
vn 0.3239 0.5477 -0.7714
vn -0.2249 0.6096 -0.7601
vn -0.1637 0.3247 -0.9315
vn 0.1399 0.2710 -0.9524
vn -0.1221 0.1399 -0.9826
vn 0.1314 0.0494 -0.9901
vn -0.1716 -0.3797 -0.9090
vn -0.1402 -0.9142 -0.3801
vn -0.4547 -0.7512 -0.4785
vn 0.3076 -0.9057 -0.2918
vn -0.1342 0.8868 0.4422
vn 0.0255 -0.8954 -0.4446
vn 0.5648 -0.7279 -0.3888
vn 0.2990 0.8422 0.4487
vn -0.3422 0.8383 0.4244
vn -0.5293 -0.7280 -0.4358
vn -0.6956 -0.4582 -0.5534
vn 0.4867 -0.6659 -0.5654
vn 0.7523 -0.5713 -0.3281
vn -0.3172 -0.7393 -0.5940
vn 0.5278 -0.6521 -0.5443
vn -0.8152 -0.3664 -0.4486
vn 0.6968 0.5815 0.4198
vn -0.6939 0.5505 0.4641
vn 0.8307 -0.5388 -0.1401
vn -0.2196 -0.8533 -0.4729
vn 0.7805 -0.4915 -0.3865
vn 0.7421 -0.5247 -0.4172
vn 0.6690 -0.6327 -0.3901
vn 0.8870 -0.4335 -0.1592
vn 0.8700 -0.4776 -0.1228
vn 0.7097 -0.5073 -0.4889
vn -0.7546 -0.4907 -0.4356
vn 0.8496 -0.3761 -0.3697
vn -0.8243 0.3597 0.4373
vn -0.8796 -0.2896 -0.3775
vn -0.8736 -0.3354 -0.3525
vn 0.8692 -0.3327 -0.3658
vn -0.8921 0.1810 0.4141
vn -0.3224 0.6745 -0.6641
vn 0.1775 0.6175 -0.7662
vn 0.2748 0.3905 -0.8786
vn 0.2081 -0.0212 -0.9779
vn -0.8016 -0.4221 -0.4234
vn 0.5534 -0.7036 -0.4457
vn 0.3043 -0.9523 0.0245
vn 0.8292 -0.3993 -0.3911
vn -0.6904 -0.5910 -0.4173
vn 0.5279 -0.6035 -0.5976
vn -0.8585 -0.3359 -0.3875
vn -0.8147 -0.3697 -0.4468
vn -0.7248 -0.4144 0.5504
vn -0.8217 -0.4226 -0.3823
vn -0.7008 -0.6484 -0.2974
vn 0.8147 0.3149 0.4869
vn 0.8898 -0.3547 -0.2869
vn 0.8329 0.3007 0.4646
vn 0.8893 -0.1698 -0.4246
vn 0.8739 0.1212 0.4708
vn 0.0538 0.9906 -0.1259
vn 0.1780 0.9840 0.0052
vn -0.0165 -0.9992 -0.0363
vn 0.0525 -0.9892 -0.1369
vn 0.4484 0.0386 -0.8930
vn 0.4887 0.3572 -0.7960
vn -0.2843 0.0683 -0.9563
vn -0.2826 0.0649 -0.9570
vn 0.3159 0.0519 -0.9474
vn -0.2897 -0.0274 -0.9567
vn -0.1991 -0.6240 -0.7556
vn 0.2355 -0.6696 -0.7044
vn 0.2306 -0.6734 -0.7024
vn 0.1867 -0.9034 -0.3859
vn -0.4360 -0.7591 -0.4835
vn -0.1472 0.8913 0.4289
vn 0.8362 -0.2479 -0.4892
vn -0.4991 -0.7585 -0.4190
vn -0.5795 -0.7109 -0.3985
vn 0.7146 -0.4716 -0.5166
vn 0.2061 -0.8547 -0.4764
vn 0.8173 -0.3081 -0.4870
vn 0.8157 -0.5438 -0.1972
vn 0.7688 -0.5850 -0.2582
vn 0.5510 -0.6237 -0.5545
vn -0.7651 -0.4469 -0.4636
vn -0.5917 0.7264 0.3496
vn 0.8811 -0.3763 -0.2865
vn 0.7878 -0.5619 -0.2522
vn -0.8327 -0.4556 -0.3146
vn 0.7922 0.4257 0.4373
vn 0.0500 -0.9954 0.0821
vn -0.4176 0.4017 -0.8150
vn -0.3559 -0.5936 -0.7218
vn -0.1959 -0.9091 -0.3677
vn 0.5198 -0.6850 -0.5105
vn 0.4243 -0.8297 -0.3628
vn -0.5343 -0.7172 -0.4474
vn -0.0786 -0.9969 -0.0019
vn -0.2634 0.8828 0.3890
vn 0.3260 0.8371 0.4394
vn 0.6868 -0.6236 -0.3735
vn 0.3800 0.8088 0.4488
vn 0.3865 -0.7635 -0.5174
vn 0.5884 -0.7087 -0.3893
vn 0.7128 -0.6600 -0.2373
vn -0.5037 0.7927 0.3433
vn 0.5444 -0.6263 -0.5580
vn 0.8598 -0.4034 -0.3131
vn -0.7664 -0.4652 -0.4429
vn -0.5733 -0.4619 -0.6767
vn 0.6686 -0.4801 -0.5679
vn 0.7942 -0.5571 -0.2427
vn 0.7518 -0.1367 -0.6450
vn -0.8835 -0.3089 -0.3522
vn 0.8716 0.2445 0.4250
vn 0.8952 0.1098 -0.4320
vn 0.8591 0.1974 0.4722
vn 0.5814 0.7004 -0.4141
vn 0.1866 0.9270 -0.3253
vn 0.0997 -0.7243 0.6822
vn -0.0478 -0.9359 0.3490
vn -0.0009 -0.9857 0.1688
vn 0.3676 -0.5912 -0.7179
vn 0.4831 0.1998 -0.8525
vn 0.3478 0.2845 -0.8934
vn 0.4101 -0.0061 -0.9120
vn -0.1946 -0.9088 -0.3692
vn 0.7000 -0.4305 -0.5698
vn -0.2978 0.8777 0.3753
vn -0.4587 -0.7444 -0.4852
vn 0.6208 -0.7793 0.0858
vn 0.7095 -0.6568 -0.2554
vn -0.4712 -0.8451 -0.2527
vn 0.8128 0.0905 0.5754
vn 0.7025 -0.4451 -0.5553
vn -0.6470 -0.5517 -0.5264
vn 0.7279 -0.5616 -0.3935
vn -0.7274 0.5266 0.4399
vn -0.8111 -0.4452 -0.3793
vn 0.8757 -0.4072 -0.2593
vn -0.8104 -0.2025 0.5498
vn 0.8714 -0.3520 -0.3418
vn -0.6511 -0.1349 -0.7469
vn -0.6568 -0.1593 -0.7370
vn -0.7426 0.5019 0.4434
vn 0.6333 -0.3522 -0.6891
vn -0.8126 0.3884 0.4346
vn -0.8042 -0.4193 -0.4213
vn -0.8637 0.2701 0.4256
vn -0.6180 -0.7791 -0.1054
vn 0.9351 0.0165 -0.3540
vn 0.8270 0.3249 -0.4588
vn -0.6535 0.6389 -0.4058
vn -0.3173 -0.6896 -0.6510
vn -0.4522 -0.4633 -0.7621
vn -0.0541 -0.5676 0.8215
vn -0.3665 0.2790 -0.8876
vn 0.3390 -0.7440 -0.5758
vn 0.2149 -0.9154 -0.3403
vn 0.3079 -0.8862 -0.3463
vn -0.3058 -0.8682 -0.3907
vn 0.5237 -0.6725 -0.5229
vn 0.0146 0.9186 0.3949
vn 0.2053 0.8972 0.3909
vn -0.3101 -0.8894 -0.3357
vn -0.1058 -0.9382 -0.3296
vn 0.6090 -0.6654 -0.4317
vn 0.2877 -0.8670 -0.4069
vn -0.7286 -0.6719 -0.1330
vn 0.5361 0.7654 0.3561
vn -0.7779 -0.3797 -0.5007
vn 0.6300 -0.6199 -0.4679
vn 0.7362 -0.3737 -0.5642
vn -0.7894 -0.5392 -0.2936
vn -0.8711 -0.0199 0.4906
vn -0.8337 0.2928 0.4681
vn 0.6972 -0.3935 -0.5992
vn -0.7898 -0.5389 -0.2929
vn 0.8142 0.4095 0.4115
vn 0.8499 0.2971 0.4352
vn 0.1330 -0.4492 0.8835
vn -0.0149 -0.6690 0.7431
vn -0.3317 0.7376 -0.5882
vn 0.3882 0.6192 -0.6826
vn -0.3811 -0.0795 -0.9211
vn 0.3586 -0.5581 -0.7483
vn 0.6894 -0.4502 -0.5675
vn 0.5710 -0.7811 -0.2528
vn 0.4087 0.8118 0.4171
vn -0.4389 -0.7376 -0.5131
vn -0.6025 -0.7936 -0.0850
vn 0.7489 -0.6548 -0.1019
vn -0.7152 -0.6319 -0.2986
vn -0.7643 -0.5964 -0.2455
vn -0.9164 -0.3639 -0.1667
vn 0.8750 -0.4083 -0.2602
vn -0.6103 -0.1711 -0.7734
vn -0.6020 0.7186 0.3481
vn 0.6664 -0.4247 -0.6128
vn -0.7643 -0.4999 -0.4073
vn 0.7457 -0.1366 -0.6522
vn 0.6110 -0.7172 -0.3351
vn 0.8556 -0.3316 -0.3975
vn 0.9165 0.0232 -0.3994
vn -0.9252 -0.2029 -0.3206
vn 0.8277 0.4558 0.3273
vn -0.1829 0.9644 -0.1911
vn 0.1346 -0.4529 0.8814
vn -0.5455 0.1463 -0.8252
vn -0.3851 0.6802 -0.6237
vn -0.4914 -0.0157 -0.8708
vn 0.4739 0.2053 -0.8563
vn -0.3133 -0.8569 -0.4094
vn 0.4128 -0.8120 -0.4127
vn -0.5088 -0.7687 -0.3876
vn -0.7572 -0.5331 -0.3774
vn 0.6663 -0.7234 -0.1809
vn -0.7994 -0.5381 -0.2672
vn 0.7472 -0.6407 -0.1769
vn -0.7863 -0.5844 -0.2003
vn 0.6836 -0.3081 -0.6616
vn -0.8673 0.1561 0.4726
vn -0.9412 -0.3124 -0.1290
vn 0.8592 -0.3574 -0.3661
vn 0.8001 0.4290 0.4193
vn -0.9220 -0.0070 -0.3872
vn -0.9128 -0.2720 -0.3047
vn 0.7656 0.5888 0.2593
vn -0.3964 0.9180 -0.0110
vn 0.0957 -0.9921 0.0813
vn 0.0891 -0.9833 -0.1585
vn -0.0662 -0.9854 0.1571
vn 0.3611 -0.6590 -0.6598
vn 0.2575 -0.5059 0.8233
vn -0.0271 -0.9847 0.1721
vn 0.5490 -0.0000 -0.8358
vn 0.3882 0.6198 -0.6820
vn -0.4971 0.3317 -0.8018
vn -0.3567 -0.6072 -0.7100
vn -0.5914 -0.6191 -0.5167
vn -0.4211 0.8014 0.4247
vn 0.7128 -0.6797 -0.1730
vn 0.4679 0.7914 0.3933
vn 0.6861 -0.6977 -0.2062
vn 0.6835 -0.7015 -0.2016
vn -0.7832 0.4442 0.4350
vn -0.8143 -0.4553 -0.3601
vn -0.8900 -0.0739 -0.4500
vn -0.9267 -0.3060 -0.2180
vn 0.8595 -0.3272 -0.3928
vn -0.8362 0.4224 0.3499
vn 0.2674 -0.5430 0.7960
vn -0.1394 -0.8210 0.5536
vn -0.4283 0.5439 -0.7216
vn 0.4311 0.0014 -0.9023
vn -0.4443 -0.6586 -0.6073
vn -0.6711 -0.6866 -0.2797
vn -0.4770 -0.3824 -0.7913
vn -0.7108 -0.6633 -0.2342
vn 0.5510 -0.6566 -0.5150
vn 0.8133 -0.5708 -0.1129
vn -0.2210 -0.9724 0.0748
vn -0.7049 -0.6639 -0.2496
vn 0.3533 -0.3665 -0.8607
vn -0.5868 -0.6526 -0.4793
vn 0.5263 -0.5742 -0.6272
vn 0.6446 -0.5195 -0.5609
vn 0.9393 -0.3347 0.0754
vn 0.8444 -0.5356 0.0133
vn 0.8258 0.3057 0.4740
vn 0.8593 0.3006 0.4139
vn 0.8662 -0.3353 -0.3706
vn 0.9543 -0.1078 -0.2788
vn -0.2418 -0.8738 -0.4218
vn 0.0618 -0.9897 0.1293
vn 0.2580 -0.6499 0.7149
vn 0.4560 0.2791 -0.8451
vn -0.5132 0.0336 -0.8576
vn -0.5158 0.0464 -0.8555
vn -0.2481 -0.9018 -0.3540
vn 0.3133 -0.8863 -0.3410
vn 0.4407 -0.8233 -0.3576
vn -0.6490 -0.5056 -0.5685
vn 0.6408 -0.7514 -0.1574
vn -0.6083 -0.6415 -0.4674
vn 0.4367 -0.8488 -0.2983
vn 0.7343 -0.5768 -0.3579
vn 0.4451 0.8072 0.3878
vn 0.3691 -0.6122 -0.6992
vn 0.4561 -0.6677 -0.5884
vn 0.4568 -0.6672 -0.5884
vn 0.6683 -0.5829 -0.4622
vn -0.6020 -0.6304 -0.4902
vn 0.9291 -0.3647 0.0613
vn 0.5741 -0.6779 -0.4593
vn 0.1627 -0.7188 -0.6759
vn 0.4268 -0.6265 -0.6522
vn 0.6664 -0.5013 -0.5519
vn 0.8145 -0.2950 -0.4996
vn 0.7644 -0.6266 -0.1516
vn 0.7459 -0.6516 -0.1383
vn 0.6507 0.6602 0.3751
vn 0.8887 -0.4564 -0.0431
vn -0.8832 -0.4196 -0.2094
vn 0.8913 -0.1133 -0.4391
vn 0.8693 0.2717 0.4128
vn 0.8784 0.1761 0.4444
vn -0.8792 0.3145 0.3579
vn 0.7309 0.6363 0.2469
vn -0.8242 0.5039 0.2585
vn -0.4512 -0.5486 -0.7039
vn -0.1742 -0.8032 0.5696
vn 0.4904 -0.4465 -0.7485
vn 0.2832 -0.5770 0.7660
vn -0.5604 -0.3264 -0.7612
vn 0.4304 -0.7640 -0.4808
vn -0.0448 -0.7074 0.7054
vn -0.5808 -0.7134 -0.3921
vn -0.4801 -0.4515 -0.7521
vn -0.5597 -0.5909 -0.5810
vn -0.5543 -0.4398 -0.7066
vn -0.3647 -0.3604 -0.8586
vn -0.6209 0.7262 0.2951
vn -0.6722 -0.0592 -0.7380
vn -0.7942 -0.4924 -0.3561
vn 0.9303 -0.3583 -0.0782
vn -0.8023 -0.5364 -0.2619
vn 0.8263 0.3660 0.4281
vn -0.7579 0.5439 0.3603
vn -0.9169 -0.1863 -0.3530
vn 0.8269 -0.2360 -0.5105
vn -0.8939 -0.3042 -0.3294
vn 0.7941 -0.5620 -0.2314
vn 0.8620 0.3253 0.3887
vn 0.9075 -0.3890 -0.1584
vn 0.9163 0.1058 -0.3863
vn -0.8873 -0.1707 0.4284
vn -0.8683 0.1603 0.4695
vn 0.8253 0.4606 0.3267
vn 0.8938 0.1693 0.4152
vn 0.9359 0.0140 -0.3521
vn -0.8282 0.4116 0.3805
vn -0.5436 0.8295 0.1280
vn 0.6190 0.6446 -0.4487
vn -0.6352 0.1488 -0.7579
vn -0.0020 -0.9989 -0.0468
vn -0.4828 0.3562 -0.8000
vn 0.2104 -0.9374 -0.2774
vn 0.0601 0.9217 0.3831
vn -0.5053 -0.7604 -0.4079
vn 0.4357 -0.8458 -0.3080
vn -0.4974 -0.4271 -0.7551
vn 0.8184 -0.5553 -0.1480
vn -0.4473 -0.6089 -0.6551
vn 0.7533 -0.2805 -0.5948
vn -0.6681 -0.4155 -0.6173
vn 0.8907 -0.3787 -0.2513
vn 0.9262 -0.3583 -0.1176
vn 0.8658 -0.4843 -0.1262
vn 0.9522 -0.2981 -0.0674
vn -0.9025 -0.3121 -0.2969
vn 0.8626 -0.3566 -0.3588
vn 0.8830 -0.3860 -0.2669
vn 0.9018 -0.2070 -0.3793
vn -0.9303 0.0947 -0.3543
vn -0.4295 -0.6306 -0.6465
vn 0.2759 -0.5753 0.7700
vn -0.5984 0.3297 -0.7302
vn 0.5861 0.1673 -0.7928
vn 0.5149 0.5627 -0.6467
vn 0.5013 0.3765 -0.7791
vn 0.5033 -0.0973 -0.8586
vn 0.3996 -0.6693 -0.6264
vn 0.5603 -0.6938 -0.4525
vn -0.1609 0.9088 0.3849
vn 0.5522 -0.7956 -0.2494
vn 0.1813 -0.7120 -0.6783
vn 0.8726 -0.4702 0.1322
vn 0.8872 -0.4387 0.1429
vn 0.3187 -0.6257 -0.7120
vn 0.6341 -0.7582 -0.1518
vn -0.7602 -0.5661 -0.3189
vn -0.7107 0.5563 0.4306
vn -0.7188 -0.4616 -0.5199
vn 0.7255 -0.6642 -0.1799
vn -0.8836 -0.3770 -0.2777
vn 0.8791 -0.4686 -0.0875
vn 0.8924 0.0068 0.4513
vn -0.7867 0.5095 0.3486
vn -0.8911 -0.2964 -0.3435
vn -0.8698 0.3344 0.3628
vn -0.8488 -0.3979 -0.3482
vn -0.8672 0.2694 0.4187
vn 0.8276 0.4445 0.3428
vn -0.6049 0.6820 -0.4111
vn 0.0853 -0.9887 0.1232
vn -0.0624 -0.9855 0.1576
vn 0.5624 -0.5349 -0.6305
vn 0.3549 -0.5426 0.7614
vn 0.2403 -0.8982 0.3682
vn 0.1723 -0.9393 0.2968
vn 0.0588 -0.9913 0.1174
vn -0.5142 -0.7345 -0.4428
vn 0.3944 -0.8809 -0.2616
vn 0.2078 0.9041 0.3734
vn 0.7733 -0.4268 -0.4689
vn -0.5607 -0.6985 -0.4446
vn -0.4765 -0.7567 -0.4476
vn -0.7006 -0.7128 -0.0324
vn -0.7017 -0.7120 -0.0246
vn 0.7437 -0.6425 -0.1844
vn 0.7998 -0.1544 -0.5800
vn 0.8078 -0.5646 -0.1695
vn -0.8088 -0.5197 -0.2752
vn 0.7156 -0.5287 -0.4565
vn 0.9345 -0.1361 -0.3289
vn 0.8363 -0.4436 -0.3223
vn 0.9219 0.0691 0.3813
vn -0.8834 0.2859 0.3712
vn -0.9255 0.0279 -0.3777
vn 0.9258 -0.0979 -0.3652
vn 0.9019 0.1620 -0.4005
vn -0.0494 -0.9928 -0.1091
vn 0.2637 -0.8210 0.5065
vn 0.4340 -0.4259 0.7939
vn 0.4844 0.4178 -0.7686
vn 0.5422 -0.0150 -0.8401
vn 0.5041 -0.7832 -0.3640
vn 0.0852 0.9170 0.3897
vn 0.5718 -0.7243 -0.3853
vn 0.5757 -0.7992 -0.1729
vn 0.8288 -0.5061 -0.2387
vn -0.5074 0.8179 0.2714
vn -0.8087 -0.5866 0.0432
vn -0.7998 -0.5938 0.0880
vn -0.8021 0.5080 0.3140
vn 0.7687 0.5377 0.3463
vn -0.7712 -0.2788 -0.5723
vn -0.7973 0.4883 0.3548
vn 0.7858 -0.5284 -0.3215
vn 0.8988 0.2693 0.3460
vn 0.9074 0.0329 0.4189
vn 0.8678 0.2613 0.4226
vn 0.8763 0.2450 0.4149
vn 0.0626 -0.9935 -0.0955
vn -0.1944 -0.8872 0.4184
vn 0.2010 -0.8945 0.3993
vn 0.6268 -0.6476 -0.4332
vn -0.2076 0.9064 0.3680
vn -0.4984 -0.7646 -0.4086
vn 0.4750 -0.8220 -0.3141
vn -0.6197 -0.7362 -0.2720
vn 0.6202 -0.6894 -0.3742
vn -0.4377 -0.8208 -0.3671
vn -0.7041 -0.6956 -0.1429
vn 0.6797 -0.6861 -0.2593
vn -0.5449 0.7626 0.3485
vn 0.6744 -0.6766 -0.2955
vn 0.8274 -0.3601 -0.4310
vn -0.8915 -0.4501 -0.0507
vn 0.7674 -0.5485 -0.3322
vn 0.6753 -0.6528 -0.3432
vn -0.7795 -0.6103 -0.1409
vn -0.7267 -0.1114 -0.6778
vn -0.7077 -0.2454 -0.6625
vn 0.8216 -0.4167 -0.3890
vn -0.8936 -0.1434 0.4253
vn 0.9538 -0.0575 -0.2950
vn 0.7513 -0.4623 -0.4710
vn -0.7687 -0.3616 -0.5276
vn 0.8113 -0.5239 -0.2595
vn -0.9309 -0.1871 -0.3138
vn 0.6896 0.6030 -0.4010
vn -0.0106 -0.9979 -0.0633
vn 0.5292 -0.6404 -0.5566
vn 0.4329 -0.4979 0.7515
vn 0.1904 -0.9021 0.3872
vn -0.2869 -0.9240 -0.2527
vn 0.3138 -0.8887 -0.3343
vn 0.5682 -0.7316 -0.3768
vn -0.5448 -0.8275 -0.1356
vn -0.4109 0.8548 0.3168
vn 0.8586 -0.4903 0.1495
vn 0.3021 -0.7552 -0.5817
vn -0.6709 -0.6197 -0.4073
vn 0.4548 -0.8838 -0.1096
vn 0.6734 -0.6809 -0.2879
vn 0.7640 0.4634 0.4489
vn -0.6358 -0.4550 -0.6235
vn 0.8669 -0.1630 -0.4711
vn 0.6879 0.6213 0.3752
vn -0.7391 0.5749 0.3510
vn -0.7933 -0.3006 -0.5294
vn -0.6962 0.6629 0.2756
vn 0.8245 -0.3942 -0.4059
vn 0.8633 0.1965 0.4648
vn -0.9089 0.1726 0.3796
vn 0.7020 -0.5230 -0.4834
vn -0.8559 -0.3733 -0.3579
vn 0.8024 -0.4416 -0.4015
vn -0.8780 0.3214 0.3547
vn -0.9248 -0.0301 -0.3793
vn 0.8891 -0.3781 -0.2578
vn -0.8493 0.4750 0.2302
vn 0.0293 -0.9996 0.0037
vn -0.5015 -0.6874 -0.5253
vn -0.3896 -0.7082 0.5888
vn 0.6654 -0.0539 -0.7446
vn -0.6023 0.3105 -0.7354
vn 0.6411 0.3074 -0.7032
vn 0.4611 -0.8089 -0.3648
vn -0.1688 0.9102 0.3782
vn -0.3164 0.8856 0.3400
vn -0.6978 -0.6737 -0.2432
vn 0.6197 -0.5814 -0.5271
vn -0.6495 -0.7328 -0.2028
vn -0.7205 -0.6457 -0.2530
vn 0.7689 -0.5984 -0.2253
vn -0.7456 -0.5733 -0.3396
vn 0.9602 -0.2415 -0.1402
vn 0.7524 -0.5625 -0.3428
vn 0.7945 -0.4592 -0.3974
vn 0.7198 -0.2692 -0.6398
vn 0.6429 -0.5760 -0.5049
vn -0.9447 -0.1425 0.2953
vn -0.9224 -0.3827 0.0526
vn 0.8307 0.4113 0.3752
vn -0.8774 0.3642 0.3122
vn 0.9415 -0.0958 -0.3231
vn 0.8936 -0.2571 -0.3679
vn 0.8434 0.4142 0.3422
vn 0.9091 0.1515 0.3879
vn 0.0190 0.9600 -0.2792
vn 0.1372 0.9476 -0.2885
vn -0.0385 -0.1401 -0.9894
vn -0.0567 -0.0293 -0.9980
vn 0.0117 0.4916 -0.8707
vn 0.1578 -0.9674 0.1982
vn -0.5449 0.6558 -0.5225
vn 0.5411 0.6176 -0.5708
vn 0.5970 -0.4188 -0.6843
vn -0.3630 -0.8927 -0.2671
vn -0.4072 -0.8613 -0.3039
vn 0.0400 0.9130 0.4059
vn -0.0100 0.9419 0.3358
vn 0.2550 -0.8059 -0.5343
vn 0.5057 -0.6433 -0.5749
vn 0.5920 -0.6180 -0.5173
vn 0.7167 -0.6142 -0.3303
vn 0.6982 -0.6328 -0.3348
vn -0.5821 -0.6874 -0.4343
vn -0.3619 -0.7612 -0.5381
vn 0.5995 -0.7238 -0.3417
vn 0.9571 -0.2655 0.1162
vn 0.5618 0.7564 0.3351
vn -0.8263 -0.4799 -0.2948
vn -0.6425 -0.6280 -0.4391
vn 0.7282 -0.5629 0.3909
vn 0.7521 -0.3757 -0.5414
vn 0.9016 -0.2954 -0.3161
vn -0.8810 0.3135 0.3544
vn 0.9013 0.1747 -0.3964
vn 0.9362 0.0150 -0.3512
vn -0.0499 -0.5661 -0.8228
vn -0.2198 0.1352 -0.9661
vn 0.1525 0.3776 -0.9133
vn -0.0369 0.8021 -0.5961
vn -0.1335 -0.9666 0.2190
vn 0.6828 0.2326 -0.6926
vn -0.4256 0.7772 -0.4635
vn 0.4236 -0.8513 -0.3095
vn -0.3855 -0.8724 -0.3005
vn -0.1228 0.8968 0.4250
vn 0.3024 0.8936 0.3317
vn 0.6503 -0.6676 -0.3627
vn -0.6413 -0.6893 -0.3370
vn -0.5231 0.7738 0.3572
vn -0.6640 -0.6730 -0.3258
vn -0.5351 0.7691 0.3494
vn 0.3339 -0.8874 -0.3179
vn 0.5183 -0.7623 -0.3876
vn -0.6441 -0.6305 -0.4331
vn -0.7721 -0.4656 -0.4326
vn 0.8875 -0.0435 0.4588
vn -0.8250 -0.4264 -0.3708
vn 0.9069 0.2876 0.3078
vn -0.8804 0.3566 0.3127
vn 0.9003 0.1423 -0.4114
vn -0.9106 -0.3122 -0.2710
vn -0.8974 0.2373 0.3720
vn -0.1977 -0.3827 -0.9025
vn -0.0611 -0.6738 -0.7364
vn 0.1277 -0.4740 -0.8712
vn 0.1776 -0.0797 -0.9809
vn -0.2180 0.1361 -0.9664
vn -0.2125 0.1270 -0.9689
vn 0.1825 -0.1174 -0.9762
vn -0.0326 0.8837 -0.4669
vn 0.5701 -0.4590 0.6814
vn 0.3313 -0.8678 0.3704
vn 0.1653 -0.9599 0.2265
vn 0.6356 0.3219 -0.7017
vn -0.6078 0.3243 -0.7248
vn -0.6573 0.0901 -0.7482
vn -0.6346 -0.3986 -0.6621
vn 0.4300 -0.7064 -0.5622
vn -0.4586 -0.6968 -0.5515
vn 0.6500 -0.6769 -0.3455
vn 0.6562 -0.5865 -0.4748
vn 0.8021 -0.3923 -0.4502
vn -0.7735 -0.5872 -0.2387
vn -0.5334 -0.7178 -0.4475
vn 0.5588 -0.8085 -0.1846
vn 0.7837 0.0481 -0.6193
vn 0.7022 -0.4721 -0.5329
vn 0.8251 -0.5392 -0.1689
vn -0.8810 -0.4373 -0.1804
vn -0.8470 -0.4565 -0.2725
vn 0.8862 -0.3334 -0.3218
vn -0.9712 -0.2228 -0.0842
vn 0.9247 -0.1758 -0.3378
vn -0.9081 0.2598 0.3283
vn -0.0149 -0.9734 -0.2288
vn 0.1620 -0.3030 -0.9391
vn -0.3987 0.0045 -0.9171
vn 0.1522 0.4538 -0.8780
vn -0.6433 -0.5151 -0.5664
vn -0.7030 -0.3070 -0.6415
vn 0.5067 0.6564 -0.5590
vn -0.5929 -0.4928 -0.6369
vn 0.5463 -0.7758 -0.3157
vn 0.6268 -0.6853 -0.3708
vn -0.4299 0.8359 0.3412
vn 0.4429 -0.8962 0.0246
vn -0.5685 -0.7484 -0.3416
vn -0.7303 -0.5413 -0.4167
vn -0.7514 -0.5149 -0.4126
vn 0.4365 -0.8945 -0.0967
vn 0.6983 -0.6874 -0.1997
vn 0.9240 -0.2487 -0.2905
vn -0.9056 -0.4059 -0.1231
vn 0.8769 -0.3487 -0.3309
vn 0.9085 -0.3617 -0.2093
vn -0.9309 -0.3640 -0.0296
vn 0.8942 -0.4227 0.1474
vn 0.9062 -0.3960 -0.1484
vn 0.8813 0.3534 0.3137
vn 0.9164 -0.3636 -0.1671
vn 0.8881 -0.3555 -0.2913
vn 0.8726 0.3199 0.3690
vn 0.9674 -0.1015 -0.2319
vn 0.8664 0.2252 -0.4458
vn -0.0232 -0.9975 0.0668
vn 0.1431 -0.8952 -0.4220
vn -0.2173 0.7055 -0.6746
vn -0.3330 -0.8763 -0.3480
vn 0.2417 -0.8173 0.5230
vn 0.4059 -0.6570 0.6353
vn 0.6404 0.0605 -0.7656
vn 0.6580 0.0233 -0.7527
vn 0.5924 -0.7430 -0.3115
vn -0.2398 -0.9573 -0.1613
vn 0.6357 -0.7689 -0.0685
vn 0.5765 -0.7414 -0.3434
vn -0.7654 -0.6133 -0.1948
vn 0.6630 -0.6453 -0.3795
vn -0.7976 -0.5316 -0.2850
vn 0.7661 -0.5819 -0.2727
vn 0.8052 -0.5727 -0.1540
vn 0.9400 -0.2685 -0.2105
vn -0.7857 -0.4796 -0.3908
vn 0.8358 -0.5458 -0.0593
vn 0.8309 -0.5560 -0.0235
vn -0.7714 -0.3343 -0.5415
vn 0.9389 -0.2919 -0.1826
vn 0.7153 -0.6434 0.2728
vn -0.7935 -0.3905 -0.4668
vn 0.7259 -0.2840 -0.6264
vn -0.9355 -0.2893 -0.2028
vn 0.8691 0.2765 0.4101
vn 0.8996 -0.3398 -0.2744
vn 0.9542 -0.1233 -0.2727
vn 0.9314 0.0838 -0.3541
vn 0.0702 0.9712 -0.2278
vn -0.3364 -0.6235 -0.7057
vn 0.0110 -0.9983 -0.0580
vn 0.3338 -0.0753 -0.9396
vn 0.0267 -0.9984 0.0498
vn -0.2815 -0.9309 -0.2327
vn -0.1908 0.9357 0.2967
vn 0.2913 0.8870 0.3583
vn 0.7672 -0.4666 -0.4400
vn 0.8522 -0.4438 -0.2770
vn 0.9118 -0.4052 -0.0666
vn 0.8982 -0.3785 -0.2237
vn 0.8148 -0.4757 -0.3315
vn -0.7896 -0.5056 -0.3478
vn -0.9112 -0.1389 -0.3877
vn -0.8739 -0.4236 -0.2384
vn 0.8988 -0.3782 -0.2216
vn 0.9471 -0.2153 -0.2379
vn 0.5627 -0.7642 -0.3151
vn 0.7810 -0.6061 -0.1509
vn -0.8017 -0.3310 -0.4977
vn 0.6399 -0.4224 -0.6420
vn -0.8959 -0.2741 -0.3497
vn -0.8850 -0.1220 -0.4493
vn 0.8858 -0.3871 -0.2561
vn -0.8841 0.3580 0.3004
vn 0.9329 -0.2476 -0.2616
vn -0.9142 0.2584 0.3123
vn 0.9039 0.1166 -0.4115
vn -0.8950 -0.3895 -0.2173
vn -0.3665 -0.6138 -0.6992
vn -0.2234 -0.8356 -0.5018
vn -0.4772 0.2272 -0.8489
vn -0.2497 0.7957 -0.5519
vn 0.2660 0.6826 -0.6806
vn 0.1591 -0.9666 0.2008
vn -0.1518 -0.9846 0.0863
vn 0.5395 -0.6405 -0.5465
vn 0.7461 0.1707 -0.6435
vn -0.6473 0.0227 -0.7619
vn -0.5895 -0.7377 -0.3290
vn -0.5540 -0.7696 -0.3176
vn -0.4907 -0.8523 -0.1810
vn 0.7327 -0.6614 -0.1606
vn 0.4862 -0.8729 -0.0409
vn 0.5100 -0.8383 -0.1930
vn -0.0480 -0.9247 -0.3776
vn 0.7182 -0.2925 -0.6313
vn 0.6349 -0.7039 -0.3185
vn -0.7311 -0.5599 -0.3898
vn 0.8686 0.2843 0.4057
vn -0.8872 -0.4613 -0.0106
vn 0.7555 -0.4523 -0.4739
vn -0.7362 -0.5203 -0.4328
vn 0.8292 -0.3032 -0.4695
vn 0.8881 0.3104 0.3390
vn 0.8190 -0.5554 -0.1440
vn 0.9365 0.1404 0.3213
vn 0.7400 0.6636 0.1096
vn 0.0395 0.9478 -0.3164
vn 0.4057 0.2073 -0.8902
vn 0.7207 -0.3038 -0.6231
vn 0.2289 -0.9087 0.3490
vn -0.5867 0.6283 -0.5109
vn 0.2878 -0.9224 -0.2575
vn 0.2799 -0.9257 -0.2546
vn -0.5167 -0.8130 -0.2684
vn 0.5831 -0.8021 0.1286
vn 0.6306 -0.4369 -0.6415
vn -0.7358 -0.6729 -0.0760
vn 0.5143 -0.3077 -0.8005
vn 0.4822 -0.6228 -0.6161
vn -0.9012 -0.4084 -0.1450
vn -0.7587 -0.6052 -0.2411
vn 0.6603 -0.5779 -0.4797
vn 0.4478 -0.3782 -0.8102
vn 0.7052 -0.5397 -0.4598
vn 0.8907 0.3427 0.2988
vn 0.8832 0.3583 0.3026
vn 0.8739 0.3830 0.2995
vn -0.9191 -0.2070 -0.3352
vn 0.8488 0.3872 0.3600
vn -0.6065 0.6803 -0.4115
vn 0.7061 0.7022 0.0912
vn 0.2961 -0.6245 -0.7227
vn -0.5611 0.1632 -0.8115
vn -0.0113 0.9517 -0.3068
vn -0.7377 -0.3548 -0.5744
vn 0.1915 0.9170 0.3499
vn 0.3973 -0.8863 -0.2380
vn -0.3128 0.8998 0.3041
vn 0.6697 -0.6802 -0.2980
vn -0.6114 -0.7103 -0.3488
vn 0.4702 -0.8825 0.0084
vn 0.6575 -0.4258 -0.6216
vn 0.6018 -0.7169 -0.3519
vn -0.5120 -0.7018 -0.4952
vn 0.5897 -0.5447 -0.5963
vn 0.6725 -0.6445 -0.3639
vn -0.8211 -0.5640 -0.0884
vn 0.7981 -0.4093 -0.4421
vn -0.8924 -0.4341 -0.1230
vn 0.9006 -0.3237 -0.2901
vn -0.6800 0.6880 0.2534
vn 0.9335 -0.2792 -0.2249
vn 0.8640 -0.3836 -0.3261
vn -0.9191 -0.2062 -0.3359
vn 0.8727 0.4005 0.2794
vn -0.6229 0.7745 0.1100
vn 0.1242 0.9472 -0.2957
vn 0.6016 -0.4420 0.6654
vn -0.3995 -0.8380 0.3717
vn 0.1512 0.8578 0.4913
vn -0.2582 0.9224 0.2872
vn 0.6818 -0.6437 -0.3475
vn -0.3400 0.8989 0.2763
vn 0.4289 -0.7806 -0.4546
vn 0.6286 -0.6516 -0.4246
vn 0.6288 -0.6514 -0.4247
vn 0.6363 -0.6485 -0.4179
vn -0.6421 -0.6991 0.3145
vn 0.6797 -0.5738 -0.4569
vn 0.6172 -0.7051 -0.3492
vn -0.8080 -0.5872 0.0484
vn -0.7442 0.6116 0.2686
vn 0.9175 -0.3345 -0.2152
vn 0.7479 -0.6490 -0.1394
vn -0.7609 0.5705 0.3090
vn -0.9539 -0.1743 -0.2443
vn 0.7703 -0.5427 -0.3348
vn -0.8919 -0.4145 -0.1808
vn -0.9340 -0.3569 0.0176
vn 0.8909 -0.4448 0.0919
vn -0.9513 -0.3077 -0.0178
vn -0.7979 -0.4757 -0.3703
vn 0.8928 -0.2355 -0.3839
vn 0.8495 0.4269 0.3100
vn -0.9288 0.0616 -0.3653
vn 0.9168 0.2188 0.3341
vn 0.9258 0.1843 0.3300
vn 0.8339 0.4164 -0.3623
vn 0.9357 0.0711 -0.3456
vn 0.4376 -0.4106 -0.8000
vn 0.3957 0.2133 -0.8933
vn 0.0434 0.9614 -0.2717
vn -0.0776 0.9730 -0.2172
vn 0.0354 -0.9991 0.0230
vn -0.2712 -0.9561 0.1113
vn 0.2460 -0.9303 0.2722
vn -0.0208 -0.9996 0.0206
vn 0.7436 0.2613 -0.6154
vn 0.6448 0.5448 -0.5361
vn 0.3804 0.8650 0.3272
vn -0.9382 -0.3344 0.0888
vn 0.3621 -0.8297 -0.4249
vn 0.4608 -0.8353 0.2999
vn 0.7658 -0.6197 -0.1717
vn -0.7204 -0.6796 -0.1386
vn 0.7485 -0.4508 -0.4864
vn 0.8714 -0.3056 -0.3838
vn -0.8421 -0.4966 -0.2103
vn 0.7540 -0.5433 -0.3691
vn 0.7199 -0.5973 -0.3534
vn 0.7493 -0.5005 -0.4337
vn -0.9760 0.0134 -0.2175
vn -0.9052 0.3100 0.2907
vn 0.8639 -0.1954 -0.4641
vn -0.9025 -0.3328 -0.2734
vn -0.8942 0.3348 0.2972
vn 0.8876 -0.3475 -0.3024
vn -0.4589 0.8866 -0.0580
vn 0.7749 0.4638 -0.4295
vn 0.6191 0.6730 -0.4046
vn 0.3339 0.8695 -0.3639
vn 0.0365 0.9111 0.4105
vn 0.5726 -0.7790 -0.2554
vn -0.6247 -0.6048 -0.4940
vn 0.8597 -0.5005 0.1021
vn -0.5426 -0.8228 -0.1693
vn 0.6675 -0.7365 -0.1098
vn -0.6738 -0.6229 -0.3975
vn -0.7372 -0.5891 -0.3309
vn -0.4807 -0.7471 -0.4591
vn 0.1884 -0.2438 -0.9514
vn -0.7732 -0.6049 -0.1905
vn -0.5874 0.7586 0.2821
vn -0.8494 -0.4760 -0.2277
vn -0.7323 -0.6053 -0.3120
vn 0.7402 -0.6666 -0.0878
vn -0.9106 -0.2889 -0.2956
vn 0.8502 -0.4018 -0.3402
vn 0.8995 -0.3432 -0.2704
vn -0.8779 0.3830 0.2875
vn 0.9197 0.2690 0.2861
vn -0.9318 0.1622 0.3246
vn -0.8535 0.4928 0.1693
vn 0.1100 0.9447 -0.3088
vn 0.4766 -0.0248 -0.8788
vn 0.4653 0.5258 -0.7121
vn 0.0364 0.9624 -0.2694
vn 0.7458 -0.4016 -0.5315
vn 0.2528 0.9218 0.2939
vn -0.5482 -0.7888 -0.2779
vn 0.3439 0.8856 0.3123
vn 0.4708 0.8381 0.2754
vn -0.5291 0.8079 0.2596
vn 0.8183 -0.5378 -0.2030
vn 0.8413 -0.4969 -0.2129
vn 0.7068 -0.6921 -0.1462
vn 0.8083 -0.5802 -0.1003
vn 0.8453 -0.4860 -0.2221
vn 0.7522 -0.6417 -0.1500
vn 0.8535 -0.4147 -0.3156
vn -0.8765 -0.4475 -0.1771
vn 0.9671 -0.2447 -0.0698
vn 0.9755 -0.2135 -0.0527
vn -0.7682 -0.3603 -0.5292
vn 0.8475 -0.4503 -0.2811
vn 0.9538 -0.2236 -0.2005
vn 0.8663 -0.4552 -0.2059
vn -0.9326 -0.2608 -0.2493
vn -0.8297 -0.4534 -0.3255
vn 0.9123 0.1431 -0.3837
vn 0.9143 0.2388 0.3271
vn -0.9256 0.2444 0.2892
vn 0.8706 -0.4365 -0.2270
vn 0.9240 0.1926 0.3302
vn -0.8839 0.1086 -0.4549
vn 0.9227 0.2493 -0.2940
vn 0.3310 -0.9078 -0.2575
vn 0.5793 -0.5779 0.5748
vn 0.3339 -0.8835 0.3284
vn 0.0033 -0.9997 -0.0226
vn -0.0147 -0.9998 -0.0141
vn -0.5778 0.6691 -0.4673
vn 0.6426 0.5632 -0.5195
vn 0.6779 0.5065 -0.5329
vn 0.7910 0.0262 -0.6112
vn 0.6086 -0.6054 -0.5129
vn -0.4780 -0.8440 -0.2432
vn -0.5140 -0.8157 -0.2652
vn -0.6652 -0.6887 -0.2885
vn 0.6887 -0.7245 -0.0278
vn -0.6489 -0.5959 -0.4732
vn -0.8956 -0.4424 -0.0477
vn 0.8749 -0.3152 -0.3678
vn 0.7810 0.5543 0.2876
vn 0.7982 0.5330 0.2806
vn 0.9329 -0.0947 -0.3474
vn 0.5530 0.4586 -0.6956
vn -0.1471 0.9635 -0.2235
vn 0.1875 0.9373 -0.2938
vn -0.6750 0.5806 -0.4553
vn 0.1081 0.9455 0.3071
vn 0.6871 -0.6737 -0.2720
vn -0.2112 -0.9070 -0.3643
vn -0.1358 -0.8386 -0.5275
vn 0.8866 -0.4480 -0.1150
vn 0.4816 -0.8183 0.3140
vn -0.5292 -0.7793 -0.3356
vn 0.5716 0.7675 0.2903
vn 0.4506 -0.8165 -0.3608
vn 0.9244 -0.3374 -0.1778
vn 0.8967 0.1789 0.4050
vn 0.7012 0.6393 0.3156
vn -0.8835 -0.4637 -0.0664
vn -0.7394 0.6209 0.2604
vn -0.8628 -0.3158 -0.3947
vn 0.7614 -0.3415 -0.5511
vn 0.9436 0.1930 -0.2690
vn -0.8855 -0.3458 -0.3102
vn 0.9172 -0.2247 -0.3290
vn -0.8167 -0.5396 -0.2047
vn -0.9167 0.2650 0.2990
vn -0.7666 0.6341 0.1013
vn -0.6430 0.7629 -0.0673
vn -0.0134 0.9578 -0.2871
vn 0.6210 0.0501 -0.7822
vn -0.7923 -0.1799 -0.5830
vn -0.7895 -0.1902 -0.5836
vn 0.2123 0.9264 0.3109
vn -0.2687 0.8846 0.3811
vn 0.5469 -0.8022 -0.2396
vn -0.2528 0.9229 0.2902
vn -0.4239 0.8624 0.2767
vn 0.5424 -0.8249 0.1592
vn 0.6618 -0.7486 0.0406
vn -0.7797 -0.5226 -0.3451
vn -0.7932 -0.4445 -0.4162
vn -0.8156 0.4533 0.3596
vn 0.8072 -0.4856 -0.3357
vn 0.7553 -0.5787 -0.3077
vn -0.8328 -0.4798 -0.2760
vn 0.7836 -0.4889 -0.3833
vn 0.9627 -0.2678 -0.0372
vn -0.8573 -0.3750 -0.3526
vn -0.8930 -0.3544 -0.2773
vn 0.9516 -0.1896 -0.2420
vn 0.9391 -0.1709 -0.2981
vn 0.4717 -0.5938 -0.6519
vn -0.5678 -0.3351 -0.7518
vn -0.5442 0.4413 -0.7135
vn -0.3007 -0.9279 -0.2203
vn 0.8367 -0.1029 -0.5380
vn 0.2459 -0.9500 0.1924
vn 0.0382 0.9567 0.2887
vn -0.4132 -0.8553 -0.3126
vn 0.6107 -0.7320 -0.3020
vn -0.6660 -0.3162 0.6756
vn 0.7681 -0.5865 -0.2569
vn 0.6342 -0.7654 -0.1093
vn -0.7445 -0.6533 -0.1378
vn 0.6971 -0.7051 -0.1296
vn 0.8557 -0.4834 0.1843
vn -0.9636 0.0510 0.2626
vn -0.9222 -0.3693 -0.1146
vn 0.9047 -0.2217 -0.3637
vn 0.8702 -0.4090 -0.2747
vn -0.8940 -0.2906 -0.3410
vn 0.9202 -0.3255 -0.2176
vn 0.9364 0.2753 0.2179
vn 0.0624 0.9731 -0.2216
vn 0.4355 -0.8458 -0.3082
vn -0.8230 -0.1190 -0.5554
vn 0.0007 -1.0000 -0.0081
vn -0.7506 0.3357 -0.5691
vn 0.7194 0.2161 -0.6601
vn -0.5980 -0.6286 -0.4972
vn 0.5342 -0.7412 -0.4064
vn -0.1375 0.9173 0.3738
vn 0.6489 -0.7155 -0.2588
vn -0.7018 -0.6045 -0.3770
vn -0.3290 -0.8749 -0.3553
vn 0.4956 -0.8259 -0.2688
vn 0.8681 -0.4852 -0.1047
vn -0.6139 -0.7459 -0.2584
vn 0.4886 0.8102 0.3237
vn 0.6773 -0.6373 -0.3676
vn -0.6388 -0.7689 -0.0266
vn 0.5226 -0.5795 -0.6254
vn 0.5212 -0.6081 -0.5988
vn 0.6759 0.6606 0.3267
vn 0.8718 0.2308 0.4320
vn 0.9046 0.0861 0.4174
vn -0.7671 -0.4727 -0.4337
vn 0.6272 -0.7525 -0.2010
vn 0.9475 -0.2030 -0.2469
vn -0.9001 -0.2255 -0.3728
vn -0.8443 -0.4827 -0.2329
vn 0.8512 -0.3975 -0.3428
vn 0.8277 -0.4599 -0.3216
vn -0.7991 -0.2608 -0.5417
vn 0.9409 -0.1753 -0.2898
vn -0.8945 -0.3977 -0.2040
vn 0.9442 -0.1955 -0.2649
vn -0.9069 0.3908 0.1572
vn -0.2030 0.9462 -0.2519
vn 0.0954 0.9660 -0.2402
vn 0.3383 -0.9145 0.2220
vn 0.2949 -0.9342 0.2007
vn 0.0242 -0.9987 -0.0448
vn 0.7921 0.0319 -0.6096
vn -0.6866 -0.5597 -0.4640
vn 0.3534 -0.9152 -0.1937
vn 0.0437 0.9495 0.3108
vn -0.0148 0.9639 0.2660
vn 0.4183 -0.8814 -0.2192
vn 0.1632 0.9577 0.2372
vn 0.3341 0.9028 0.2709
vn 0.3255 -0.9256 -0.1932
vn 0.4476 0.8466 0.2880
vn -0.7676 -0.6312 -0.1112
vn 0.7377 -0.6375 -0.2223
vn -0.3542 -0.8743 0.3318
vn -0.7578 -0.5995 -0.2575
vn -0.9159 -0.2552 -0.3099
vn 0.6278 -0.5586 -0.5421
vn 0.7369 -0.5289 -0.4210
vn -0.7733 -0.6329 -0.0368
vn 0.9051 -0.3187 -0.2816
vn -0.7539 0.6005 0.2666
vn -0.8095 -0.5375 -0.2365
vn 0.8469 -0.4114 -0.3368
vn -0.8625 -0.2802 -0.4214
vn 0.7985 -0.5791 -0.1640
vn -0.9109 -0.3828 -0.1540
vn -0.9142 -0.3760 -0.1512
vn 0.9487 0.1142 -0.2947
vn 0.9271 -0.2167 -0.3057
vn -0.9075 0.2919 0.3020
vn 0.8184 0.4005 -0.4120
vn -0.5639 -0.4632 -0.6836
vn -0.2007 0.9407 -0.2735
vn -0.2157 -0.9603 -0.1772
vn -0.4257 -0.8508 -0.3080
vn 0.8272 0.1323 -0.5461
vn 0.6055 -0.7625 -0.2281
vn 0.2960 0.9235 0.2442
vn 0.5604 -0.6889 -0.4597
vn -0.6628 -0.7485 0.0207
vn -0.5104 -0.8597 0.0182
vn -0.5866 0.7671 0.2598
vn 0.6048 -0.5814 -0.5442
vn 0.8350 -0.4503 -0.3162
vn 0.8807 -0.3816 -0.2807
vn -0.7864 -0.5666 -0.2462
vn 0.8886 -0.4398 -0.1302
vn 0.9585 -0.1980 -0.2051
vn -0.9416 -0.1317 -0.3099
vn 0.9247 0.2247 -0.3072
vn 0.8014 0.5982 0.0045
vn 0.0057 -1.0000 -0.0061
vn 0.0794 -0.9960 0.0405
vn 0.6735 -0.5521 0.4916
vn -0.0831 -0.9939 0.0725
vn 0.7298 0.5482 -0.4085
vn -0.7472 0.2774 -0.6039
vn 0.4928 -0.8468 -0.2001
vn -0.4381 0.8759 0.2021
vn -0.7724 -0.6279 -0.0951
vn 0.4803 -0.7339 -0.4803
vn 0.6995 -0.6843 0.2059
vn -0.8091 0.5766 0.1135
vn 0.9509 -0.3075 0.0337
vn 0.9070 0.2917 0.3038
vn 0.9545 -0.2368 -0.1815
vn 0.8845 0.3641 0.2918
vn 0.7666 -0.4605 -0.4476
vn 0.9040 -0.2177 -0.3679
vn -0.9434 -0.1252 -0.3072
vn 0.9423 0.2615 0.2091
vn 0.7097 0.7030 -0.0459
vn 0.5766 -0.3796 -0.7235
vn -0.6021 0.4258 -0.6754
vn 0.2202 0.9472 -0.2331
vn -0.0324 0.9937 -0.1071
vn -0.1616 0.9231 0.3489
vn -0.4311 0.8621 0.2661
vn -0.6320 -0.7082 -0.3146
vn 0.6107 -0.7764 -0.1557
vn -0.6410 -0.7286 -0.2413
vn 0.7882 -0.5972 0.1484
vn 0.5235 -0.8475 -0.0874
vn 0.8278 -0.5439 -0.1376
vn 0.5822 0.7342 0.3494
vn 0.8210 -0.5689 -0.0480
vn 0.6003 -0.7921 -0.1104
vn -0.7987 -0.5648 -0.2076
vn -0.8447 -0.5140 -0.1494
vn 0.7146 -0.6234 -0.3174
vn 0.7688 -0.5440 -0.3361
vn 0.9124 0.2770 0.3014
vn 0.9019 0.3340 0.2738
vn -0.9206 0.0837 -0.3813
vn -0.9289 0.2629 0.2609
vn -0.6758 -0.3403 -0.6538
vn 0.6263 0.0123 -0.7795
vn 0.4458 0.7679 -0.4601
vn 0.8511 0.2361 -0.4689
vn 0.8305 -0.1476 -0.5371
vn 0.3518 -0.9210 -0.1672
vn 0.5824 -0.7786 -0.2337
vn 0.6802 -0.6824 -0.2678
vn -0.6309 -0.2960 0.7172
vn 0.5321 0.8057 0.2603
vn 0.6994 -0.6849 0.2045
vn -0.6126 -0.7758 0.1512
vn 0.9252 0.1954 0.3253
vn 0.5961 -0.6560 -0.4630
vn 0.9208 -0.3498 -0.1725
vn 0.9675 -0.2459 -0.0583
vn 0.8288 -0.5303 -0.1784
vn 0.8446 -0.1297 -0.5194
vn -0.9324 0.0364 -0.3596
vn 0.9097 0.3636 0.2004
vn 0.9803 -0.0151 -0.1971
vn 0.7806 0.5072 -0.3652
vn 0.0437 0.9316 -0.3609
vn 0.0066 -1.0000 -0.0039
vn -0.7370 0.0739 -0.6719
vn 0.0662 0.9899 -0.1251
vn -0.0292 -0.9994 0.0165
vn -0.8426 -0.1586 -0.5147
vn -0.5425 -0.7117 0.4462
vn 0.0026 -1.0000 -0.0095
vn -0.8251 -0.0898 -0.5578
vn -0.6869 -0.5593 -0.4640
vn -0.3603 -0.9200 -0.1544
vn -0.5744 -0.7789 -0.2516
vn -0.7078 -0.6433 -0.2918
vn 0.6368 -0.7263 -0.2589
vn 0.3360 -0.9401 0.0574
vn -0.6212 -0.7190 -0.3116
vn 0.4368 0.8772 0.1995
vn 0.8161 -0.5059 -0.2793
vn -0.7675 -0.6232 -0.1500
vn -0.8224 0.5002 0.2711
vn 0.9010 -0.3138 -0.2996
vn -0.8009 -0.5260 -0.2861
vn 0.9975 -0.0698 -0.0112
vn 0.5559 -0.6969 -0.4532
vn 0.8461 -0.5215 -0.1104
vn -0.8399 -0.4379 -0.3205
vn -0.7640 -0.5593 -0.3218
vn 0.9272 -0.2719 -0.2577
vn 0.9045 -0.3864 -0.1807
vn 0.9448 0.2249 0.2381
vn -0.9537 0.2680 0.1368
vn 0.7766 0.0777 -0.6252
vn -0.6770 -0.6294 -0.3815
vn 0.6439 -0.5816 0.4970
vn -0.3222 -0.9328 -0.1616
vn -0.4281 -0.8878 -0.1691
vn -0.0157 0.9931 0.1161
vn -0.1049 0.9840 0.1441
vn 0.1553 0.9653 0.2101
vn -0.3442 0.9103 0.2298
vn 0.4031 0.8939 0.1961
vn 0.3803 -0.9231 0.0570
vn 0.6803 -0.6731 -0.2900
vn -0.5651 -0.7471 -0.3499
vn -0.7558 -0.4403 -0.4847
vn -0.8365 -0.4689 -0.2837
vn 0.9421 -0.2615 -0.2097
vn 0.8340 -0.5252 -0.1691
vn 0.7847 -0.5998 -0.1566
vn 0.9099 -0.3807 -0.1645
vn 0.9483 0.1643 0.2715
vn -0.9528 -0.1334 -0.2728
vn 0.0010 -1.0000 -0.0004
vn 0.5395 -0.6683 -0.5121
vn 0.7386 0.1786 -0.6500
vn -0.4546 0.8031 -0.3852
vn -0.2710 0.9320 -0.2407
vn 0.7332 0.5208 -0.4372
vn -0.4371 -0.8831 -0.1707
vn 0.2966 0.9271 0.2291
vn -0.7263 -0.6238 -0.2887
vn 0.7890 -0.5977 0.1425
vn 0.5910 -0.7779 -0.2134
vn 0.6314 -0.7416 -0.2265
vn -0.9096 -0.2875 -0.3001
vn 0.6942 -0.5577 -0.4550
vn -0.9621 0.1271 0.2413
vn -0.8890 -0.3575 -0.2862
vn 0.9146 -0.2285 -0.3337
vn -0.8267 -0.3478 -0.4423
vn -0.8157 -0.3793 -0.4368
vn -0.8684 0.4381 0.2325
vn -0.9160 0.3413 0.2108
vn 0.9407 -0.2563 -0.2224
vn -0.9621 0.2107 0.1729
vn 0.9371 0.2069 -0.2811
vn -0.9231 0.2007 -0.3279
vn -0.5735 0.8067 -0.1427
vn -0.0818 -0.9912 -0.1044
vn 0.4969 0.7241 -0.4782
vn -0.5063 -0.7899 0.3459
vn 0.4188 -0.8612 0.2881
vn 0.0004 -1.0000 -0.0072
vn 0.7441 0.5136 -0.4272
vn 0.0515 0.9864 0.1561
vn -0.5680 -0.8007 -0.1905
vn -0.8789 -0.4612 -0.1221
vn 0.6610 -0.6624 -0.3526
vn 0.5172 -0.7545 -0.4040
vn 0.8795 -0.4133 0.2361
vn -0.8284 -0.5572 0.0570
vn 0.7583 -0.6021 -0.2498
vn -0.5059 -0.8527 0.1298
vn 0.6772 -0.6877 -0.2617
vn -0.7866 -0.4725 -0.3976
vn -0.7365 0.6422 0.2125
vn -0.6969 -0.5413 -0.4704
vn -0.8364 -0.4689 -0.2837
vn -0.6795 -0.4322 -0.5929
vn -0.8960 -0.3494 -0.2739
vn 0.9480 -0.0608 0.3125
vn 0.9082 0.3029 0.2889
vn -0.9701 -0.2041 0.1316
vn 0.9376 -0.3332 -0.0997
vn -0.7520 -0.5655 -0.3385
vn 0.9725 -0.1768 -0.1515
vn -0.9019 -0.1508 -0.4048
vn -0.8568 -0.4980 -0.1337
vn 0.8766 0.3810 0.2939
vn 0.9731 -0.0323 -0.2281
vn 0.9571 -0.0978 -0.2727
vn 0.9554 0.1988 0.2185
vn 0.9736 -0.1425 -0.1786
vn 0.7611 0.5357 -0.3657
vn -0.6159 0.6686 -0.4167
vn 0.6404 -0.5380 -0.5481
vn -0.7527 0.3363 -0.5660
vn -0.6832 0.5303 -0.5020
vn -0.0311 0.9963 -0.0802
vn 0.6130 -0.6479 0.4523
vn 0.5662 0.8166 0.1116
vn -0.6909 0.6134 -0.3827
vn 0.6780 -0.6378 -0.3653
vn -0.2791 0.9177 0.2826
vn -0.2752 0.9348 0.2244
vn 0.5261 0.8210 0.2218
vn -0.5329 -0.7331 -0.4227
vn 0.5608 -0.7521 -0.3461
vn 0.7812 -0.5443 -0.3057
vn 0.7286 -0.6471 -0.2246
vn 0.6609 -0.6928 -0.2884
vn -0.6171 0.7576 0.2126
vn 0.6992 -0.6816 -0.2156
vn 0.8786 0.3874 0.2792
vn -0.7113 -0.6697 -0.2137
vn -0.8910 -0.3703 -0.2627
vn 0.9238 -0.3387 -0.1784
vn 0.9512 -0.2039 -0.2315
vn 0.9924 -0.1003 0.0716
vn -0.8209 -0.3674 -0.4371
vn 0.8023 -0.5950 -0.0479
vn -0.8300 -0.0874 -0.5509
vn -0.9650 0.1022 0.2414
vn -0.8668 -0.4217 -0.2661
vn 0.9347 0.2899 0.2058
vn -0.9866 -0.0284 -0.1609
vn -0.9305 0.2992 0.2114
vn -0.8927 -0.3582 -0.2733
vn 0.2254 0.9207 -0.3187
vn 0.0156 -0.9998 -0.0111
vn -0.6428 -0.5728 -0.5087
vn -0.0383 0.9972 -0.0649
vn -0.0391 0.9947 -0.0948
vn -0.8715 0.0140 -0.4902
vn 0.8377 0.2676 -0.4760
vn -0.8564 -0.2449 -0.4545
vn -0.4095 -0.8995 -0.1522
vn 0.1345 0.9726 0.1894
vn -0.5098 -0.8483 -0.1435
vn -0.3066 0.9319 0.1938
vn 0.5241 -0.8342 -0.1717
vn -0.9714 -0.2270 -0.0692
vn 0.4275 -0.9035 -0.0291
vn -0.8834 -0.4651 -0.0566
vn -0.5985 -0.6870 -0.4122
vn 0.8465 -0.4020 -0.3491
vn 0.6074 0.7559 0.2442
vn 0.4014 -0.4352 -0.8059
vn 0.5828 0.7992 0.1471
vn 0.8145 0.5169 0.2632
vn -0.8223 0.5003 0.2710
vn -0.3103 -0.8851 -0.3468
vn 0.8602 -0.3875 -0.3314
vn 0.5504 -0.7287 -0.4076
vn 0.9627 -0.2621 0.0670
vn -0.7419 -0.5429 -0.3934
vn 0.7198 -0.4353 -0.5408
vn -0.9611 0.0792 0.2647
vn -0.9136 -0.4046 -0.0414
vn 0.7895 -0.5869 -0.1799
vn -0.9213 -0.2705 0.2792
vn 0.9350 -0.3543 -0.0169
vn -0.9065 -0.4147 -0.0798
vn 0.8409 -0.4989 -0.2099
vn -0.9349 0.2876 0.2078
vn 0.8918 -0.4432 -0.0907
vn -0.8586 0.4456 0.2536
vn -0.9493 -0.1424 -0.2802
vn 0.9315 0.2761 0.2370
vn 0.9582 0.2584 0.1223
vn -0.7856 0.6180 0.0306
vn 0.0329 0.9377 -0.3460
vn -0.6510 0.6944 -0.3067
vn -0.7905 0.4332 -0.4329
vn -0.8579 0.2527 -0.4474
vn -0.7025 -0.6063 -0.3727
vn 0.7809 -0.5415 -0.3115
vn -0.3953 0.9003 0.1823
vn 0.4430 0.8710 0.2125
vn 0.6620 -0.6435 -0.3843
vn 0.5945 -0.7091 -0.3791
vn -0.7738 -0.5488 -0.3165
vn 0.3865 -0.3051 -0.8704
vn -0.7565 -0.6110 -0.2331
vn -0.2532 -0.1663 0.9530
vn 0.7165 -0.4387 -0.5424
vn 0.8724 -0.3706 -0.3187
vn -0.9083 0.3600 0.2131
vn 0.8880 -0.2520 -0.3846
vn 0.9388 -0.3350 -0.0797
vn -0.8130 0.5415 0.2141
vn 0.8698 -0.2458 -0.4279
vn -0.9297 0.3018 0.2111
vn -0.9479 0.0917 -0.3050
vn -0.9117 -0.3671 -0.1845
vn 0.8930 0.1136 -0.4356
vn 0.5590 0.8142 -0.1567
vn 0.8575 0.0560 -0.5115
vn 0.5064 -0.8153 -0.2807
vn -0.5745 -0.7645 0.2924
vn 0.0047 -0.9996 0.0277
vn -0.8755 0.2188 -0.4309
vn 0.4430 -0.8951 -0.0506
vn -0.6344 -0.7044 -0.3184
vn 0.6437 -0.6614 -0.3850
vn 0.6728 -0.6492 -0.3547
vn -0.5403 0.8063 0.2408
vn 0.7974 -0.5811 0.1630
vn -0.7856 -0.5266 -0.3249
vn -0.7842 -0.6169 -0.0667
vn 0.5638 -0.7063 -0.4280
vn 0.7600 0.5935 0.2649
vn -0.7764 0.6170 0.1283
vn -0.8202 -0.5720 -0.0044
vn 0.8606 -0.3869 -0.3312
vn -0.8537 -0.0397 -0.5192
vn 0.8934 -0.2349 -0.3830
vn -0.9679 0.1227 0.2193
vn -0.9360 0.3340 0.1109
vn -0.9524 0.2749 0.1321
vn 0.1990 0.8956 -0.3979
vn 0.0055 -1.0000 -0.0059
vn 0.1941 0.9627 -0.1885
vn 0.1802 0.9669 -0.1809
vn 0.8651 -0.2837 -0.4136
vn 0.6287 -0.6520 0.4238
vn -0.6044 -0.7396 0.2961
vn 0.0222 0.9959 0.0875
vn -0.4984 -0.8518 -0.1613
vn -0.6230 -0.7551 -0.2041
vn -0.5540 -0.8207 -0.1398
vn 0.6784 -0.6899 -0.2527
vn -0.7368 0.5672 0.3681
vn 0.7652 -0.6145 -0.1922
vn 0.7629 -0.5760 -0.2937
vn 0.8077 -0.4057 -0.4279
vn 0.9055 -0.4217 0.0479
vn 0.9600 -0.2799 0.0012
vn -0.9071 -0.4179 0.0497
vn 0.8313 -0.4354 -0.3456
vn 0.8889 -0.3377 -0.3096
vn 0.7939 -0.4737 -0.3812
vn 0.9788 0.1087 0.1733
vn 0.9544 0.2828 0.0956
vn -0.6543 -0.6769 -0.3372
vn 0.3487 -0.9234 0.1606
vn 0.0019 -1.0000 -0.0068
vn 0.8339 0.3779 -0.4022
vn -0.8668 -0.0605 -0.4950
vn 0.4284 -0.8666 0.2557
vn -0.8226 -0.5680 -0.0272
vn -0.5354 -0.7975 -0.2781
vn 0.6506 -0.6661 -0.3647
vn 0.6342 -0.6991 -0.3303
vn -0.7811 -0.4863 -0.3917
vn 0.7833 -0.5065 -0.3603
vn 0.6166 -0.5968 -0.5134
vn -0.9807 0.0268 0.1939
vn -0.8352 0.5058 0.2157
vn -0.8018 0.5754 0.1616
vn 0.9136 -0.3887 -0.1192
vn -0.9337 -0.2860 -0.2154
vn -0.7929 -0.6039 -0.0811
vn 0.9297 0.3067 0.2039
vn 0.9245 -0.3766 -0.0582
vn -0.9388 -0.2921 -0.1824
vn -0.9778 0.1233 0.1692
vn 0.9775 0.0946 -0.1886
vn -0.9083 0.4145 0.0570
vn 0.7773 0.5475 -0.3099
vn 0.3957 0.8010 -0.4492
vn 0.8131 -0.3835 -0.4379
vn -0.2865 -0.9504 -0.1211
vn -0.1791 -0.9803 -0.0837
vn 0.3197 -0.9371 0.1399
vn -0.3297 0.8998 0.2858
vn 0.5048 -0.8555 -0.1154
vn -0.6660 -0.7318 -0.1449
vn -0.4672 0.8677 0.1696
vn -0.4525 -0.8812 -0.1365
vn -0.9992 0.0333 0.0243
vn 0.5285 -0.8287 0.1842
vn 0.5829 0.7960 0.1628
vn -0.7772 -0.6283 0.0345
vn 0.6154 -0.7198 -0.3211
vn 0.7953 -0.4420 -0.4149
vn 0.9516 -0.3058 0.0319
vn -0.9089 -0.3814 -0.1685
vn 0.9774 0.0136 0.2109
vn -0.8390 0.4917 0.2329
vn -0.8822 -0.4018 -0.2454
vn 0.9339 0.3120 0.1745
vn -0.9192 -0.3210 -0.2280
vn 0.9760 -0.1448 -0.1625
vn 0.7186 0.6857 -0.1159
vn -0.6602 0.7314 -0.1707
vn 0.1138 0.9880 -0.1046
vn 0.8602 -0.2959 -0.4154
vn 0.9191 0.0227 -0.3933
vn 0.0073 0.9971 0.0759
vn 0.2125 0.9615 0.1743
vn -0.2263 0.9506 0.2123
vn -0.8254 -0.5487 -0.1327
vn -0.9607 -0.2768 -0.0206
vn -0.7254 -0.6612 -0.1911
vn 0.7666 -0.6420 -0.0155
vn -0.7197 -0.6830 -0.1246
vn 0.7609 -0.6199 0.1915
vn -0.5970 -0.7974 -0.0882
vn 0.2770 -0.8936 -0.3533
vn 0.2694 -0.8977 -0.3487
vn -0.6799 -0.5555 -0.4787
vn 0.8139 -0.5527 0.1791
vn -0.6352 -0.6471 -0.4217
vn -0.7934 -0.5329 -0.2941
vn 0.7932 -0.6070 0.0490
vn 0.7530 -0.6520 0.0887
vn 0.7849 -0.6179 0.0468
vn -0.8831 0.4053 0.2363
vn -0.8203 -0.5215 -0.2350
vn 0.9251 -0.3675 -0.0951
vn 0.6717 -0.6234 -0.4002
vn 0.9301 -0.3328 -0.1555
vn 0.8469 -0.5264 -0.0751
vn 0.8512 0.5117 0.1168
vn 0.8756 -0.4557 -0.1605
vn 0.9292 -0.3540 -0.1064
vn -0.8958 -0.3779 -0.2340
vn -0.9100 0.3388 0.2390
vn -0.9653 -0.1689 -0.1992
vn -0.9381 0.2983 0.1761
vn 0.9759 -0.0391 -0.2148
vn 0.6669 0.6537 -0.3576
vn -0.1049 0.9840 0.1442
vn 0.3945 0.9017 0.1770
vn 0.5281 -0.8296 0.1812
vn -0.5057 0.8494 0.1513
vn -0.6328 -0.6366 -0.4409
vn 0.9220 -0.3845 -0.0468
vn 0.9065 -0.2252 -0.3572
vn -0.8804 -0.0427 -0.4723
vn 0.6746 -0.6610 -0.3286
vn 0.8961 -0.4219 -0.1380
vn 0.8209 0.5573 -0.1243
vn -0.9752 -0.0417 -0.2174
vn 0.9776 -0.0413 -0.2066
vn 0.9521 -0.3001 -0.0586
vn -0.9490 -0.2825 -0.1402
vn 0.9747 0.0568 -0.2160
vn -0.7565 0.5197 -0.3969
vn -0.1487 0.8520 -0.5019
vn -0.0389 0.8336 -0.5511
vn -0.1319 0.8757 -0.4644
vn 0.8645 -0.1883 -0.4660
vn -0.0266 -0.9996 0.0064
vn 0.7825 -0.4842 0.3914
vn -0.2631 -0.9568 0.1237
vn -0.9341 0.0179 -0.3566
vn 0.3544 0.9222 0.1546
vn -0.3112 0.9354 0.1680
vn 0.5466 -0.8215 -0.1624
vn -0.6545 -0.6367 -0.4078
vn -0.4643 -0.8815 0.0854
vn -0.7899 -0.5599 -0.2501
vn 0.7817 -0.5714 -0.2499
vn 0.8227 -0.5571 0.1131
vn -0.6712 -0.6730 -0.3109
vn 0.7742 -0.4669 -0.4274
vn 0.7802 -0.3750 -0.5006
vn -0.8758 -0.4007 -0.2689
vn -0.5678 -0.6919 -0.4458
vn -0.9259 -0.3771 0.0209
vn 0.5098 -0.7764 -0.3706
vn -0.8886 -0.1162 -0.4438
vn -0.8647 -0.3972 -0.3075
vn -0.9342 -0.2837 -0.2165
vn 0.9402 -0.2898 -0.1791
vn -0.9762 -0.0630 -0.2074
vn -0.9431 -0.3163 -0.1029
vn 0.9920 -0.0092 -0.1257
vn -0.9822 0.0504 -0.1810
vn -0.9728 0.0489 -0.2263
vn -0.9699 0.2027 0.1348
vn -0.9189 0.3046 -0.2506
vn 0.6848 0.6186 -0.3852
vn -0.7459 0.5287 -0.4052
vn -0.3502 0.7809 -0.5172
vn -0.0926 0.9921 -0.0841
vn -0.1947 -0.9756 0.1018
vn 0.6329 0.7429 -0.2179
vn -0.7927 -0.5230 -0.3133
vn 0.6875 -0.5544 -0.4691
vn 0.6176 -0.7596 -0.2042
vn 0.5173 -0.7584 -0.3965
vn 0.6712 -0.4835 -0.5618
vn 0.8004 -0.5913 0.0991
vn 0.8763 -0.4322 0.2130
vn -0.8432 -0.4986 -0.2012
vn 0.7739 0.6079 0.1774
vn -0.7608 -0.6091 -0.2240
vn 0.7706 -0.6183 -0.1545
vn -0.8621 -0.5068 -0.0010
vn 0.9435 -0.2400 -0.2284
vn 0.9483 0.2316 0.2169
vn 0.9090 -0.3967 -0.1279
vn 0.8824 -0.4570 -0.1121
vn 0.9640 -0.1676 -0.2064
vn 0.9534 -0.2932 -0.0717
vn -0.9752 -0.0747 -0.2083
vn 0.9409 0.1407 -0.3080
vn 0.9024 0.3565 -0.2422
vn 0.6514 -0.6913 -0.3127
vn -0.7348 -0.4300 -0.5246
vn -0.8268 -0.0357 -0.5614
vn -0.2732 0.9415 -0.1973
vn -0.0690 0.9950 -0.0726
vn 0.0681 0.9938 -0.0880
vn 0.0602 -0.9942 0.0886
vn 0.8253 0.4635 -0.3225
vn 0.9129 0.2539 -0.3195
vn 0.9381 -0.1097 -0.3285
vn -0.7559 -0.5348 -0.3778
vn 0.5292 -0.6454 -0.5509
vn 0.5491 -0.8048 -0.2253
vn 0.7864 -0.5594 -0.2619
vn 0.6044 0.7795 0.1645
vn 0.4516 -0.8789 -0.1537
vn 0.6831 -0.6844 -0.2549
vn 0.8716 -0.4875 0.0506
vn 0.8538 -0.5193 0.0374
vn 0.5579 -0.7791 -0.2859
vn -0.8318 -0.5257 -0.1781
vn 0.9358 -0.3482 -0.0551
vn 0.9355 -0.2968 -0.1915
vn 0.9738 -0.0352 -0.2248
vn 0.9473 0.3151 -0.0583
vn -0.6301 0.6613 -0.4070
vn 0.0232 0.9990 0.0376
vn 0.8730 -0.3701 -0.3176
vn -0.9016 0.3105 -0.3011
vn 0.7559 0.6117 -0.2333
vn 0.6810 -0.7061 -0.1942
vn 0.3209 -0.9022 -0.2883
vn 0.8076 -0.2485 -0.5349
vn -0.5608 -0.8020 -0.2058
vn -0.4595 -0.8609 -0.2184
vn -0.6369 0.7602 0.1283
vn 0.5096 -0.7435 -0.4331
vn -0.8589 -0.5084 0.0626
vn -0.7039 0.6935 0.1539
vn 0.9178 -0.0737 -0.3902
vn 0.7855 -0.5959 0.1668
vn -0.8468 -0.3693 -0.3827
vn -0.7772 0.6093 0.1572
vn 0.8664 -0.4440 -0.2284
vn -0.9564 -0.2181 -0.1940
vn 0.9625 0.0185 -0.2706
vn 0.9332 -0.2493 -0.2587
vn 0.7914 0.0969 0.6036
vn 0.8955 -0.4381 0.0784
vn -0.9432 -0.1031 0.3159
vn -0.9196 -0.3173 -0.2317
vn -0.9822 -0.1135 -0.1494
vn -0.9764 0.0920 -0.1954
vn 0.3507 0.8035 -0.4810
vn 0.2460 0.9605 -0.1302
vn 0.5987 -0.7596 -0.2540
vn 0.0943 0.9905 0.0998
vn 0.5551 -0.8225 -0.1241
vn -0.6966 -0.7114 -0.0930
vn -0.7127 -0.6955 -0.0908
vn 0.7910 -0.5412 -0.2854
vn 0.4805 -0.7895 -0.3818
vn 0.5214 -0.6759 -0.5208
vn -0.8369 -0.5425 -0.0730
vn -0.9055 -0.4215 0.0493
vn -0.5854 -0.7875 -0.1927
vn 0.5882 -0.7033 -0.3992
vn 0.7978 -0.5097 -0.3221
vn 0.8197 -0.0795 -0.5672
vn 0.6253 -0.7674 0.1420
vn 0.7746 -0.5883 -0.2320
vn 0.7502 -0.6414 -0.1605
vn 0.9836 -0.1278 0.1270
vn -0.7670 0.6192 0.1683
vn 0.7743 -0.6328 0.0086
vn 0.8203 -0.3851 -0.4228
vn -0.8214 -0.4396 -0.3634
vn -0.9210 -0.3895 -0.0096
vn 0.9017 -0.3912 -0.1842
vn -0.9619 0.2732 -0.0044
vn -0.0917 0.8743 -0.4766
vn -0.8872 0.1015 -0.4501
vn -0.0137 0.9988 0.0467
vn -0.7504 0.6116 -0.2506
vn 0.8631 0.3943 -0.3156
vn 0.0639 0.9949 0.0776
vn 0.7067 -0.6884 -0.1637
vn 0.4221 -0.8967 -0.1336
vn 0.7929 -0.5307 -0.2994
vn -0.6834 -0.5941 -0.4242
vn -0.6944 -0.6583 -0.2906
vn -0.6437 0.7503 0.1505
vn 0.7606 -0.6460 0.0652
vn -0.8303 -0.5566 0.0296
vn 0.8131 -0.0918 -0.5749
vn 0.7271 -0.6860 -0.0277
vn 0.8845 -0.4542 -0.1067
vn -0.9516 -0.2821 -0.1219
vn -0.7851 -0.6108 -0.1023
vn 0.7024 -0.6097 -0.3673
vn -0.9077 -0.4018 0.1206
vn -0.9180 -0.3942 0.0431
vn -0.9561 -0.2909 -0.0357
vn 0.9908 0.0852 0.1049
vn 0.2808 0.8556 -0.4349
vn 0.0206 0.9991 0.0361
vn -0.8175 -0.5280 -0.2299
vn 0.1524 -0.9867 -0.0559
vn -0.3925 0.9104 0.1305
vn -0.4392 0.8931 0.0971
vn 0.5951 -0.7996 -0.0808
vn -0.7281 -0.6746 -0.1218
vn 0.7298 -0.6716 -0.1283
vn 0.8673 -0.4703 0.1630
vn 0.7612 0.6313 0.1486
vn 0.9766 -0.1652 -0.1377
vn -0.9688 -0.1153 -0.2195
vn -0.9797 -0.1934 -0.0532
vn -0.8683 -0.3824 -0.3161
vn -0.8896 0.4378 0.1301
vn 0.9230 0.3462 0.1682
vn 0.8772 -0.2755 -0.3932
vn 0.9280 -0.3658 0.0703
vn 0.9800 0.1956 0.0352
vn -0.9629 0.2687 -0.0247
vn -0.9111 0.3652 -0.1910
vn -0.3177 0.9279 -0.1952
vn 0.8837 -0.3210 -0.3405
vn -0.9143 0.2715 -0.3006
vn -0.3579 0.9251 0.1272
vn 0.6293 -0.7624 -0.1510
vn 0.7407 -0.6473 0.1797
vn 0.8690 -0.4917 0.0558
vn -0.8714 -0.4860 0.0669
vn 0.8648 -0.4674 0.1835
vn -0.7188 -0.6716 -0.1795
vn -0.8615 -0.4738 -0.1825
vn 0.5607 -0.6655 -0.4927
vn 0.7909 -0.5323 -0.3020
vn 0.8102 -0.5065 -0.2951
vn 0.7796 0.6019 0.1734
vn -0.8160 -0.5698 -0.0971
vn 0.7577 0.6365 0.1443
vn 0.9968 -0.0218 0.0769
vn 0.8846 0.3999 0.2401
vn 0.7148 -0.4789 -0.5095
vn 0.8868 -0.3480 -0.3041
vn -0.9433 -0.3281 -0.0505
vn -0.9814 -0.1919 -0.0012
vn -0.9759 -0.1695 -0.1371
vn -0.9814 -0.1366 -0.1347
vn 0.9962 -0.0732 -0.0462
vn 0.9994 0.0255 -0.0212
vn 0.1529 0.8599 -0.4870
vn -0.7488 -0.5432 -0.3798
vn -0.6854 -0.6249 -0.3737
vn 0.5429 0.8087 -0.2262
vn 0.2869 -0.9570 0.0420
vn -0.5970 -0.7698 0.2259
vn 0.7520 -0.5875 0.2988
vn 0.3910 -0.9126 -0.1193
vn 0.4663 -0.8802 -0.0881
vn 0.5451 -0.8282 -0.1301
vn -0.5908 -0.7983 -0.1169
vn 0.4762 0.8725 0.1099
vn 0.4587 -0.8870 0.0540
vn -0.1054 -0.8788 0.4655
vn 0.5973 -0.7977 -0.0826
vn -0.5199 0.8377 0.1672
vn 0.7268 -0.6838 0.0639
vn 0.7261 -0.6846 0.0644
vn -0.7850 -0.5950 0.1728
vn 0.0064 -0.2130 -0.9770
vn -0.8851 0.4337 0.1685
vn 0.9479 0.2659 0.1754
vn 0.9591 0.0238 -0.2821
vn -0.7759 -0.6229 -0.1000
vn 0.9017 -0.3901 0.1866
vn -0.9816 0.0921 0.1671
vn 0.7336 -0.6714 -0.1045
vn -0.7647 -0.6085 -0.2120
vn 0.9828 -0.1807 -0.0369
vn -0.9578 -0.2876 0.0016
vn 0.9212 -0.2079 -0.3288
vn 0.9191 -0.0918 -0.3832
vn 0.9294 -0.3647 -0.0564
vn 0.9645 -0.2602 -0.0451
vn 0.1547 0.8536 0.4975
vn -0.4184 0.7158 -0.5590
vn 0.0223 -0.9996 0.0153
vn -0.8788 0.2389 -0.4131
vn 0.9232 0.0152 -0.3841
vn -0.8416 0.3677 -0.3955
vn 0.4892 0.8514 -0.1892
vn -0.0454 0.9943 0.0969
vn 0.1688 -0.9836 -0.0642
vn 0.7025 -0.6691 -0.2426
vn -0.0601 0.9966 0.0564
vn -0.5669 -0.8066 0.1675
vn 0.8207 -0.5694 0.0471
vn 0.7552 -0.6549 -0.0279
vn 0.9203 0.3475 0.1798
vn 0.5669 -0.6624 -0.4898
vn 0.7496 -0.6523 -0.1121
vn 0.3158 -0.6407 -0.6998
vn 0.6856 -0.5414 -0.4866
vn -0.8548 -0.4522 -0.2545
vn -0.8201 -0.4980 -0.2818
vn -0.9433 0.2615 0.2046
vn 0.9852 -0.0860 -0.1482
vn -0.9993 -0.0354 -0.0132
vn 0.9808 0.1841 -0.0645
vn -0.7064 -0.6694 -0.2301
vn -0.7837 -0.5665 -0.2548
vn -0.7700 -0.6232 -0.1370
vn 0.6847 -0.6360 -0.3559
vn -0.6437 -0.7133 -0.2773
vn 0.6408 0.7649 0.0649
vn 0.8603 -0.4057 -0.3087
vn -0.1625 -0.8005 0.5769
vn -0.8950 -0.4259 -0.1324
vn -0.8586 -0.4934 -0.1391
vn 0.7863 -0.5778 -0.2189
vn -0.6477 -0.6539 -0.3911
vn 0.8695 -0.4303 -0.2427
vn 0.9798 0.1996 0.0085
vn -0.8906 0.4357 0.1303
vn 0.9467 0.2665 0.1807
vn 0.9316 -0.3623 0.0277
vn -0.9145 -0.0099 -0.4045
vn 0.9224 -0.3853 0.0268
vn 0.9661 0.1522 -0.2083
vn -0.9822 -0.1872 0.0161
vn -0.9931 0.0852 0.0810
vn 0.9408 0.2665 -0.2095
vn 0.2255 0.8326 -0.5060
vn -0.1239 0.9886 -0.0850
vn 0.1553 0.9842 -0.0851
vn 0.0293 -0.9996 -0.0005
vn -0.8697 0.4317 -0.2392
vn 0.1844 0.9772 0.1053
vn -0.3740 0.9075 0.1915
vn 0.7121 -0.6868 -0.1455
vn -0.6899 -0.7160 -0.1063
vn 0.4979 0.8611 0.1026
vn 0.4625 -0.7205 -0.5166
vn 0.7294 -0.4894 -0.4779
vn 0.6441 -0.7628 0.0575
vn -0.7617 -0.6295 -0.1532
vn 0.6484 -0.7602 -0.0403
vn 0.6232 -0.7659 -0.1582
vn 0.9885 -0.1359 -0.0667
vn 0.6640 -0.7242 -0.1862
vn 0.5220 -0.8402 -0.1468
vn -0.7453 -0.6470 0.1610
vn -0.9659 -0.1632 -0.2010
vn 0.9487 -0.3119 -0.0513
vn -0.8564 -0.5159 0.0194
vn -0.9680 -0.2466 -0.0462
vn 0.9286 -0.3667 -0.0571
vn 0.9173 0.3653 0.1583
vn -0.9520 0.2693 0.1457
vn 0.9817 0.1624 0.0997
vn 0.9303 0.3498 0.1102
vn 0.9849 -0.0925 -0.1466
vn 0.9818 -0.1115 -0.1535
vn -0.9780 0.1765 0.1112
vn 0.9969 0.0220 0.0750
vn -0.9968 -0.0566 -0.0558
vn -0.9631 0.2681 -0.0241
vn -0.3225 0.8142 -0.4828
vn 0.3132 0.9422 -0.1186
vn -0.9426 0.1912 -0.2739
vn 0.9077 0.2693 -0.3218
vn -0.3493 0.9173 0.1912
vn 0.1866 -0.9477 -0.2590
vn 0.8895 -0.4294 -0.1562
vn -0.6087 -0.7381 0.2910
vn -0.5727 -0.7220 -0.3882
vn 0.8911 -0.3936 -0.2257
vn -0.7821 -0.6232 -0.0007
vn 0.6645 -0.7403 -0.1020
vn -0.9048 0.3996 0.1473
vn -0.8521 -0.5031 -0.1442
vn 0.9093 -0.4087 -0.0779
vn -0.8114 0.5608 0.1650
vn 0.8823 -0.4052 -0.2394
vn 0.9811 -0.1218 0.1501
vn -0.8701 0.4818 0.1041
vn -0.9420 -0.2877 0.1731
vn -0.8547 -0.4525 -0.2544
vn -0.9338 -0.3572 -0.0217
vn 0.9979 0.0430 -0.0474
vn 0.9263 -0.3748 -0.0400
vn -0.9899 0.1192 0.0764
vn 0.9957 -0.0813 -0.0436
vn -0.9976 0.0441 0.0542
vn 0.9976 0.0690 0.0062
vn -0.7517 0.5827 -0.3089
vn -0.9643 0.0190 -0.2641
vn 0.0008 -0.9999 -0.0126
vn -0.1191 -0.9924 0.0307
vn -0.7566 0.6018 -0.2558
vn -0.9461 -0.1240 -0.2992
vn -0.7524 -0.6167 -0.2315
vn -0.2494 0.9396 0.2345
vn -0.4445 -0.8914 -0.0891
vn 0.6940 -0.6915 -0.2004
vn 0.6974 -0.6913 -0.1890
vn -0.5125 0.8510 0.1146
vn -0.7496 -0.6159 -0.2424
vn 0.5373 -0.7522 0.3813
vn -0.6926 -0.6457 -0.3215
vn 0.7268 -0.6831 0.0713
vn 0.5756 -0.8074 -0.1294
vn 0.5332 -0.8339 0.1423
vn -0.6434 0.7629 0.0627
vn 0.7889 -0.6127 -0.0481
vn 0.8517 0.5185 0.0758
vn -0.6782 -0.7311 -0.0750
vn 0.8653 -0.4058 -0.2943
vn -0.8875 -0.2220 -0.4039
vn -0.8416 -0.5229 -0.1353
vn 0.8778 -0.4786 -0.0188
vn -0.8259 0.5528 0.1109
vn 0.9420 0.3224 0.0937
vn 0.9665 0.2445 0.0777
vn 0.9111 -0.4109 -0.0337
vn 0.9476 0.2983 0.1141
vn -0.9480 0.2841 0.1434
vn 0.9833 -0.1425 -0.1131
vn -0.9406 -0.3364 0.0452
vn -0.5707 0.6517 -0.4996
vn 0.8332 -0.4837 -0.2681
vn 0.9449 -0.1191 -0.3050
vn -0.9524 -0.0827 -0.2935
vn -0.3157 -0.9463 -0.0699
vn 0.4184 0.9070 0.0485
vn -0.7632 -0.6209 -0.1789
vn 0.3072 -0.9503 -0.0499
vn 0.6288 -0.7546 -0.1874
vn 0.5515 -0.8270 -0.1090
vn 0.8208 -0.2812 -0.4972
vn 0.6374 -0.7040 -0.3131
vn 0.9714 -0.2366 -0.0177
vn -0.7698 0.6217 0.1444
vn 0.9600 -0.0365 0.2776
vn 0.7792 -0.6151 -0.1201
vn 0.8154 0.5668 0.1176
vn 0.8451 -0.4958 0.2000
vn 0.9861 -0.0815 0.1446
vn 0.8860 -0.4276 0.1791
vn 0.9289 0.1811 0.3231
vn 0.8075 -0.5376 -0.2427
vn 0.8053 -0.5393 -0.2463
vn -0.8214 -0.4476 -0.3534
vn 0.9524 -0.3029 0.0356
vn 0.9395 -0.3369 0.0620
vn -0.7245 -0.6871 0.0547
vn -0.9481 -0.2594 -0.1841
vn -0.9775 0.0784 -0.1957
vn 0.9834 -0.1707 0.0623
vn -0.9988 0.0498 -0.0028
vn -0.0157 -0.9999 -0.0031
vn -0.0000 -1.0000 -0.0012
vn -0.6946 -0.7019 0.1576
vn 0.0015 -1.0000 -0.0011
vn 0.0039 -1.0000 -0.0022
vn 0.7038 -0.6845 -0.1900
vn 0.1912 0.9780 0.0829
vn -0.2961 0.9415 0.1611
vn -0.4460 0.8912 0.0829
vn -0.5415 -0.7491 -0.3816
vn 0.5772 -0.8103 0.1007
vn -0.8957 -0.4447 -0.0012
vn 0.6933 -0.6884 -0.2134
vn 0.8009 -0.3321 -0.4983
vn 0.7590 -0.6245 -0.1840
vn 0.6224 0.7781 0.0846
vn -0.4832 -0.5707 -0.6640
vn -0.9086 -0.3557 -0.2190
vn 0.7979 0.6004 0.0547
vn 0.8814 -0.4322 0.1905
vn 0.8445 -0.5037 0.1820
vn -0.9605 0.2481 0.1263
vn 0.8813 -0.3537 0.3133
vn -0.9440 -0.2994 -0.1385
vn -0.9864 -0.1221 -0.1098
vn -0.7321 0.6019 -0.3189
vn 0.9768 0.0377 -0.2106
vn 0.3347 0.9237 -0.1863
vn -0.3336 0.9284 -0.1638
vn -0.7320 -0.6287 -0.2626
vn 0.4655 -0.8792 -0.1011
vn 0.0896 -0.9956 0.0259
vn -0.8194 0.5439 -0.1810
vn 0.9476 0.2501 -0.1986
vn -0.7072 -0.6984 -0.1095
vn 0.5384 -0.8176 0.2040
vn 0.7800 -0.4791 -0.4025
vn -0.7900 -0.6116 -0.0425
vn -0.7477 -0.6420 0.1696
vn -0.7676 -0.6219 0.1551
vn -0.9910 0.0501 0.1245
vn -0.9643 -0.2642 0.0176
vn 0.8574 -0.4109 0.3098
vn 0.9475 -0.2391 -0.2123
vn -0.9775 0.0799 -0.1950
vn -0.9119 -0.3386 -0.2321
vn 0.9593 0.2668 0.0925
vn 0.9709 0.1168 -0.2091
vn -0.9916 0.1095 -0.0689
vn 0.0766 0.8132 -0.5769
vn 0.4600 0.7481 -0.4782
vn -0.0078 -1.0000 -0.0055
vn -0.7663 -0.5655 -0.3049
vn 0.5884 -0.7975 0.1336
vn 0.9421 -0.2566 -0.2158
vn 0.8711 -0.4390 0.2202
vn -0.6683 -0.7312 0.1368
vn 0.0034 -1.0000 -0.0089
vn 0.0032 -1.0000 -0.0010
vn 0.7985 0.5869 -0.1340
vn -0.4373 -0.8955 -0.0830
vn -0.2083 0.9743 0.0861
vn -0.3526 0.9300 0.1035
vn 0.5175 -0.8513 -0.0863
vn 0.8070 -0.5816 -0.1020
vn -0.6239 -0.7814 0.0080
vn -0.7908 -0.5962 -0.1384
vn 0.6337 -0.7287 0.2597
vn 0.8881 -0.4245 -0.1763
vn -0.9915 0.0503 0.1199
vn -0.6283 0.7743 0.0751
vn -0.8142 -0.5009 -0.2936
vn -0.9894 0.0655 0.1295
vn -0.8954 -0.3276 -0.3014
vn -0.8445 0.5219 0.1197
vn 0.8683 -0.0239 -0.4955
vn 0.9463 -0.2438 -0.2123
vn -0.9359 0.3350 0.1087
vn -0.9987 -0.0103 -0.0496
vn -0.9972 0.0441 0.0601
vn -0.9964 0.0698 -0.0483
vn -0.9762 0.1976 -0.0892
vn -0.5107 0.6858 -0.5184
vn 0.7690 0.5301 -0.3573
vn 0.1146 0.8736 -0.4729
vn -0.1099 0.8209 -0.5603
vn -0.9478 -0.0874 -0.3067
vn 0.0045 -1.0000 -0.0000
vn 0.6673 -0.7393 -0.0899
vn 0.5282 -0.7853 0.3228
vn -0.9550 -0.2966 0.0051
vn 0.6067 -0.7866 0.1148
vn -0.9374 -0.3312 -0.1079
vn 0.8499 -0.5270 -0.0056
vn 0.7302 -0.6800 0.0656
vn -0.5045 0.8597 0.0798
vn -0.8860 0.4536 0.0962
vn 0.7089 -0.5145 -0.4825
vn -0.8172 0.5535 0.1607
vn 0.6687 -0.5252 -0.5263
vn 0.8674 -0.4727 -0.1552
vn -0.8549 -0.2694 -0.4433
vn 0.7952 -0.1650 -0.5834
vn -0.9292 0.3414 0.1412
vn -0.8378 -0.4092 -0.3615
vn 0.8602 0.4878 0.1485
vn 0.6942 0.7165 0.0683
vn 0.8304 -0.5317 0.1664
vn 0.8034 -0.5737 0.1597
vn -0.9294 0.3558 0.0977
vn 0.8017 -0.4850 -0.3495
vn 0.9481 0.3053 0.0890
vn -0.9980 -0.0439 -0.0452
vn 0.8978 0.3298 -0.2920
vn -0.9353 -0.0975 -0.3403
vn -0.1715 0.9841 -0.0471
vn 0.1534 0.9865 -0.0576
vn -0.4098 -0.9073 -0.0941
vn 0.9116 -0.3561 0.2052
vn -0.9706 0.1122 -0.2130
vn 0.9334 -0.2841 -0.2193
vn 0.7513 0.6359 -0.1766
vn -0.4249 0.8961 0.1282
vn -0.4998 -0.8609 -0.0949
vn 0.4479 -0.8923 -0.0571
vn -0.6025 -0.7790 -0.1736
vn 0.7672 -0.6401 -0.0416
vn 0.4429 -0.8125 0.3789
vn -0.8579 -0.5132 -0.0246
vn -0.8825 -0.4245 -0.2025
vn -0.8965 -0.2077 0.3914
vn 0.8724 -0.0213 -0.4883
vn -0.9087 -0.0867 0.4083
vn 0.9701 -0.1789 -0.1641
vn -0.7807 0.5023 0.3716
vn -0.9484 -0.2690 0.1679
vn 0.9986 0.0315 -0.0430
vn -0.9768 0.1949 -0.0891
vn -0.9741 0.1436 -0.1748
vn 0.9798 0.1876 -0.0688
vn -0.0109 0.9999 0.0062
vn 0.8966 -0.4081 0.1719
vn 0.9355 0.3462 -0.0708
vn 0.8716 -0.4759 -0.1175
vn -0.8079 -0.5893 -0.0033
vn 0.6343 -0.7699 0.0704
vn -0.6213 -0.7835 0.0121
vn -0.8115 -0.5397 -0.2240
vn 0.8686 -0.4821 0.1145
vn -0.6376 0.7670 0.0717
vn 0.6879 -0.6953 -0.2083
vn 0.9815 -0.1887 0.0331
vn 0.6271 -0.7611 -0.1660
vn -0.8833 -0.4595 0.0923
vn 0.8308 -0.3028 -0.4671
vn 0.8207 -0.5513 0.1500
vn -0.9961 0.0810 -0.0353
vn 0.9821 -0.1860 0.0289
vn -0.9834 -0.1794 -0.0286
vn 0.9977 0.0617 -0.0268
vn -0.9574 0.1908 -0.2169
vn 0.9959 -0.0095 -0.0898
vn -0.0320 0.7435 -0.6680
vn -0.3101 0.9466 -0.0885
vn -0.0780 0.9959 0.0468
vn -0.1132 -0.9932 0.0284
vn 0.8240 -0.5509 -0.1323
vn 0.0081 0.9970 0.0775
vn -0.6689 -0.7404 -0.0661
vn 0.7869 -0.6165 -0.0260
vn -0.7928 -0.5995 -0.1094
vn 0.7767 -0.3330 -0.5347
vn 0.7758 -0.3545 -0.5220
vn -0.4336 -0.9009 0.0190
vn -0.8997 -0.3785 -0.2175
vn 0.8493 -0.5005 0.1679
vn -0.8442 -0.5346 -0.0396
vn -0.8014 -0.5927 -0.0802
vn -0.7709 -0.6137 0.1708
vn -0.8971 -0.3811 0.2237
vn -0.8716 -0.3224 0.3692
vn 0.9592 0.0315 -0.2810
vn 0.5282 -0.0877 0.8446
vn 0.8127 -0.5807 0.0485
vn 0.8414 -0.5370 0.0610
vn 0.9491 -0.2392 -0.2051
vn 0.9664 0.2464 0.0732
vn -0.8911 -0.4403 -0.1102
vn 0.7955 -0.5342 -0.2859
vn 0.8680 -0.4180 -0.2681
vn 0.9799 0.0375 0.1961
vn 0.9790 -0.1914 -0.0703
vn -0.9886 -0.1487 0.0238
vn 0.9976 0.0633 -0.0291
vn -0.0195 0.9997 0.0118
vn 0.9840 0.0421 -0.1729
vn -0.8695 -0.4683 -0.1571
vn 0.3599 0.9248 0.1230
vn -0.7046 -0.6492 -0.2866
vn 0.6747 -0.7365 -0.0491
vn 0.5123 0.8573 0.0513
vn 0.7252 -0.6878 0.0314
vn 0.7122 -0.4859 -0.5066
vn 0.6370 -0.7709 -0.0046
vn -0.6464 -0.6533 -0.3941
vn 0.7742 -0.6186 -0.1338
vn -0.5711 -0.6816 -0.4574
vn 0.6824 -0.6793 -0.2700
vn 0.8831 -0.4668 -0.0481
vn -0.8462 -0.5263 -0.0835
vn 0.8449 -0.4995 0.1915
vn -0.9739 -0.1291 -0.1865
vn 0.9794 0.0570 -0.1940
vn 0.9143 -0.3691 -0.1668
vn 0.8885 -0.4557 -0.0545
vn -0.7704 -0.6345 -0.0624
vn 0.9957 0.0016 0.0931
vn -0.9989 -0.0379 0.0274
vn -0.9433 -0.1732 0.2832
vn -0.9578 0.2713 0.0947
vn -0.9571 -0.2896 -0.0079
vn 0.8688 -0.4855 -0.0978
vn -0.9598 0.2586 0.1092
vn -0.9911 0.1161 0.0649
vn -0.9808 -0.1331 0.1425
vn 0.9986 0.0468 -0.0259
vn 0.0446 0.7213 -0.6912
vn -0.2688 0.9619 -0.0502
vn 0.0728 0.9879 0.1366
vn -0.0580 0.9842 0.1674
vn 0.2875 0.9561 -0.0563
vn 0.0129 0.9999 -0.0057
vn -0.4709 0.8790 0.0754
vn 0.1871 -0.9757 -0.1137
vn -0.7555 -0.5478 -0.3593
vn 0.7619 -0.5020 -0.4093
vn -0.6529 -0.7109 -0.2612
vn 0.6420 0.7617 0.0876
vn 0.4432 -0.8212 0.3596
vn -0.5953 0.8021 0.0472
vn 0.4016 -0.8339 0.3785
vn 0.7963 -0.5097 -0.3258
vn 0.9126 -0.3449 -0.2195
vn 0.5496 -0.7854 -0.2848
vn -0.9279 -0.1878 0.3220
vn 0.9994 -0.0161 0.0322
vn -0.9193 -0.2738 0.2826
vn -0.8721 -0.4788 -0.1007
vn 0.7878 -0.6051 -0.1152
vn -0.9073 -0.3352 0.2539
vn 0.9444 0.0412 -0.3261
vn 0.7889 -0.5776 0.2099
vn 0.8304 -0.5124 -0.2187
vn -0.9296 0.3651 0.0512
vn -0.9846 0.0973 -0.1454
vn 0.9304 0.2249 -0.2893
vn -0.1108 0.7786 -0.6177
vn 0.7564 -0.6392 -0.1389
vn -0.7093 0.6877 -0.1547
vn -0.7287 0.6654 -0.1620
vn 0.0573 0.9984 -0.0000
vn -0.5203 -0.7624 -0.3848
vn 0.6604 -0.5600 -0.5004
vn 0.6439 -0.7574 0.1088
vn -0.7867 -0.4931 -0.3714
vn -0.6829 -0.7299 -0.0298
vn -0.8206 -0.5126 -0.2528
vn 0.8759 -0.3775 0.3007
vn 0.8769 -0.3837 0.2896
vn 0.8905 -0.4344 0.1351
vn 0.7883 0.6109 0.0736
vn 0.8396 -0.4850 0.2446
vn -0.8368 -0.5194 0.1734
vn 0.8675 -0.4786 0.1357
vn 0.7573 -0.6155 0.2183
vn -0.9642 0.2598 0.0531
vn -0.9965 -0.0605 -0.0574
vn -0.9731 0.1692 -0.1566
vn 0.8816 0.2491 -0.4008
vn -0.4385 0.7603 -0.4792
vn 0.1250 0.7366 -0.6647
vn 0.8845 0.2415 -0.3992
vn -0.1534 0.6260 -0.7646
vn -0.0213 0.9879 0.1534
vn -0.9910 0.0072 -0.1339
vn -0.9653 0.2369 -0.1096
vn -0.0381 0.9975 0.0600
vn -0.3734 0.9273 0.0269
vn -0.4816 -0.8741 -0.0631
vn -0.8980 0.0468 -0.4375
vn 0.6165 0.7854 0.0551
vn 0.8489 -0.5283 0.0163
vn -0.7776 -0.4684 0.4194
vn -0.8994 0.4318 0.0686
vn 0.9243 -0.3802 0.0333
vn -0.8910 -0.1673 0.4220
vn 0.9949 0.1009 0.0072
vn 0.9429 0.0218 -0.3323
vn 0.8572 -0.4238 0.2926
vn 0.9472 -0.0798 0.3106
vn -0.9066 -0.2239 -0.3577
vn 0.9713 0.1166 -0.2075
vn -0.9916 -0.0696 0.1086
vn -0.9866 -0.0995 0.1296
vn -0.9770 0.1504 -0.1515
vn -0.8838 0.4192 -0.2077
vn -0.6866 0.6130 -0.3909
vn -0.0049 0.5880 -0.8088
vn -0.7868 0.4053 -0.4655
vn 0.4429 0.6328 -0.6351
vn -0.5171 -0.8420 -0.1537
vn -0.8783 -0.4420 -0.1824
vn 0.9832 0.0199 -0.1812
vn -0.9000 0.4015 -0.1698
vn -0.1801 0.9716 0.1538
vn 0.1213 0.9924 -0.0225
vn 0.0252 -0.9996 0.0111
vn 0.0164 -0.9998 0.0066
vn 0.0594 0.9976 0.0354
vn -0.4250 0.9047 0.0288
vn -0.6915 -0.7009 -0.1747
vn -0.6529 -0.7427 -0.1489
vn -0.7908 -0.6120 -0.0077
vn 0.6754 -0.5888 0.4440
vn 0.7902 -0.6128 -0.0067
vn 0.7515 -0.6576 -0.0535
vn 0.9104 -0.3368 -0.2401
vn -0.7696 -0.4521 -0.4509
vn 0.9009 -0.3601 -0.2424
vn -0.8034 -0.4666 0.3699
vn -0.7416 -0.6254 -0.2428
vn -0.8130 -0.5362 -0.2270
vn -0.8269 -0.5265 0.1977
vn 0.9790 -0.2023 0.0243
vn -0.9793 -0.1018 0.1748
vn -0.9650 0.2575 0.0494
vn -0.9728 0.1809 -0.1447
vn 0.1854 0.9320 0.3114
vn -0.0283 0.9867 0.1602
vn 0.0680 0.9832 0.1691
vn 0.8014 0.5819 -0.1382
vn 0.0171 0.9965 0.0820
vn 0.1860 0.9799 0.0724
vn -0.4315 0.8991 0.0735
vn 0.4252 0.9027 0.0659
vn 0.4907 0.8713 -0.0041
vn -0.6069 -0.7937 0.0422
vn 0.6767 0.7362 -0.0090
vn 0.7443 -0.6638 -0.0741
vn 0.6444 -0.7458 0.1686
vn -0.7956 0.6049 0.0337
vn 0.9362 -0.3506 0.0237
vn 0.9613 0.2570 0.0992
vn -0.8938 -0.1998 -0.4015
vn -0.9838 -0.0329 -0.1763
vn -0.8609 -0.4946 -0.1191
vn -0.7151 -0.6971 0.0517
vn 0.4461 -0.8931 -0.0588
vn 0.2328 0.9722 -0.0248
vn -0.5469 -0.8342 -0.0712
vn -0.5510 -0.8342 -0.0242
vn -0.3053 -0.8520 -0.4254
vn -0.1781 -0.1552 0.9717
vn -0.8332 -0.5198 -0.1887
vn -0.8051 -0.5918 0.0393
vn 0.8950 -0.3614 -0.2614
vn -0.8474 -0.5304 0.0219
vn 0.7901 -0.6016 -0.1176
vn 0.5688 -0.7687 -0.2924
vn 0.8237 -0.3695 0.4301
vn -0.9141 -0.4054 -0.0055
vn -0.9154 -0.3997 -0.0473
vn -0.9375 -0.3405 -0.0715
vn -0.9678 -0.0915 0.2345
vn -0.9631 0.0270 0.2676
vn 0.9751 -0.0834 0.2055
vn -0.8953 -0.2555 -0.3649
vn 0.8899 0.2340 -0.3916
vn -0.0015 -1.0000 -0.0008
vn 0.7070 -0.6974 -0.1171
vn 0.1261 0.9915 0.0311
vn 0.8850 -0.4602 0.0701
vn 0.4245 -0.9050 0.0282
vn -0.0575 0.9983 -0.0052
vn 0.4628 -0.8838 -0.0691
vn 0.4057 0.9120 0.0604
vn 0.7655 -0.6406 -0.0606
vn 0.6728 -0.7371 0.0640
vn -0.5909 -0.7469 0.3050
vn 0.6538 -0.7392 -0.1617
vn 0.9232 -0.3768 0.0760
vn 0.9443 -0.2752 0.1807
vn 0.8884 -0.4590 -0.0097
vn 0.8726 -0.4653 -0.1488
vn -0.9270 -0.3296 -0.1788
vn 0.9019 -0.4008 -0.1607
vn -0.9836 -0.0012 0.1802
vn 0.9173 0.2817 -0.2814
vn -0.9957 -0.0669 0.0639
vn -0.9464 0.0710 -0.3151
vn 0.6948 0.5628 -0.4478
vn 0.5655 0.4297 -0.7040
vn 0.0796 0.6080 -0.7899
vn 0.2938 0.9553 -0.0320
vn 0.9542 -0.2919 -0.0660
vn -0.0012 -1.0000 0.0026
vn 0.9893 0.1433 -0.0277
vn -0.9646 -0.2305 -0.1281
vn 0.0360 0.9981 0.0498
vn 0.0852 0.9964 0.0022
vn -0.2248 0.9737 0.0366
vn 0.5570 -0.8305 -0.0012
vn -0.7161 -0.6966 -0.0453
vn 0.6001 -0.7332 0.3199
vn -0.7272 -0.6831 -0.0672
vn 0.7275 -0.6468 0.2288
vn -0.8144 -0.5794 -0.0327
vn -0.0246 0.3300 0.9437
vn 0.8404 -0.4848 0.2422
vn 0.9623 -0.0104 -0.2717
vn -0.9201 -0.3851 -0.0718
vn 0.7607 -0.5935 0.2629
vn -0.9334 0.3573 0.0323
vn 0.8871 -0.4195 0.1925
vn -0.8433 -0.5282 -0.0991
vn 0.9491 0.3145 -0.0166
vn 0.9704 -0.1567 0.1836
vn 0.9983 -0.0580 0.0094
vn 0.9998 -0.0170 -0.0075
vn -0.9690 0.0879 -0.2308
vn 0.9452 0.2920 -0.1460
vn -0.5883 0.4995 -0.6359
vn -0.4171 0.5574 -0.7179
vn 0.0695 0.9933 0.0918
vn -0.1695 0.9847 0.0408
vn -0.8435 -0.5251 -0.1131
vn 0.0801 0.9968 0.0051
vn 0.5436 -0.8391 -0.0217
vn 0.6772 -0.7357 0.0054
vn -0.7639 -0.6451 -0.0198
vn -0.8247 -0.5352 -0.1828
vn 0.9006 -0.4278 -0.0770
vn -0.7447 -0.6149 -0.2593
vn 0.8412 -0.5407 0.0095
vn -0.9117 0.4104 0.0203
vn 0.9631 -0.0988 -0.2502
vn 0.8252 -0.3699 -0.4270
vn -0.9367 -0.3255 -0.1287
vn -0.9524 -0.2107 0.2201
vn 0.9975 -0.0705 0.0028
vn -0.9869 -0.1173 -0.1108
vn 0.9995 -0.0311 0.0093
vn -0.9985 -0.0544 0.0018
vn 0.9978 0.0503 0.0423
vn 0.9799 -0.0238 -0.1978
vn 0.9345 0.3181 -0.1596
vn -0.1133 0.6230 -0.7740
vn 0.9844 0.0490 -0.1689
vn 0.7039 0.7098 -0.0263
vn 0.0235 0.9989 -0.0414
vn -0.1248 -0.9916 -0.0349
vn -0.8393 0.5400 -0.0628
vn 0.8319 0.5548 0.0112
vn -0.8215 -0.5594 -0.1101
vn 0.7719 -0.6358 0.0014
vn 0.2011 0.8196 -0.5366
vn -0.3174 0.9483 0.0085
vn 0.6687 -0.7428 -0.0328
vn -0.4837 0.8750 0.0180
vn 0.6813 -0.7320 -0.0033
vn 0.8995 -0.4369 -0.0043
vn -0.8722 -0.4889 0.0163
vn -0.9972 0.0661 0.0359
vn -0.8534 -0.4926 0.1705
vn 0.7780 -0.6056 0.1673
vn -0.9586 -0.2226 0.1773
vn -0.9928 0.1023 0.0619
vn -0.9927 -0.1193 -0.0154
vn 0.9810 0.0661 -0.1823
vn -0.9485 0.1541 -0.2768
vn 0.3798 0.6351 -0.6726
vn 0.7203 0.6936 -0.0140
vn 0.0854 -0.9963 -0.0009
vn 0.4088 -0.9126 0.0007
vn -0.8811 0.4708 -0.0444
vn 0.9466 0.3219 0.0205
vn -0.9487 0.2884 -0.1299
vn 0.9940 -0.0344 -0.1043
vn -0.7282 0.4871 -0.4821
vn -0.1874 0.9250 -0.3304
vn -0.0028 0.4343 -0.9008
vn 0.7404 0.6578 -0.1382
vn -0.0662 0.9978 -0.0059
vn 0.3597 0.0023 -0.9331
vn 0.7234 -0.6518 0.2279
vn 0.7188 -0.6495 0.2481
vn 0.7927 -0.6054 0.0713
vn 0.9024 -0.4248 -0.0724
vn 0.4938 -0.8690 -0.0312
vn -0.5799 -0.7218 -0.3777
vn 0.8722 -0.4369 -0.2202
vn -0.8916 -0.2119 0.4003
vn -0.8967 -0.2889 0.3353
vn -0.7976 0.6024 0.0322
vn 0.9216 -0.3881 -0.0045
vn -0.9078 -0.4131 0.0727
vn -0.9472 0.3205 0.0118
vn -0.9732 -0.2267 0.0385
vn 0.9949 -0.1003 0.0067
vn -0.9392 -0.3399 -0.0490
vn 0.9962 -0.0797 0.0344
vn -0.9747 0.1783 -0.1352
vn 0.3145 -0.0907 -0.9449
vn 0.2611 -0.0215 -0.9651
vn -0.2280 0.0701 -0.9711
vn 0.0917 -0.0203 -0.9956
vn 0.1293 0.1064 -0.9859
vn -0.9506 -0.2909 -0.1080
vn -0.9921 0.0786 -0.0973
vn 0.7910 0.6014 -0.1121
vn -0.5093 0.8605 -0.0101
vn 0.4291 -0.9012 -0.0611
vn 0.9756 0.2150 0.0442
vn -0.9430 -0.3155 -0.1059
vn 0.6594 0.6020 -0.4504
vn -0.5442 0.4146 -0.7293
vn -0.4955 0.4739 -0.7279
vn 0.6067 -0.0228 -0.7946
vn 0.7290 -0.6820 -0.0594
vn 0.3446 -0.9353 -0.0805
vn -0.6013 0.0222 -0.7987
vn 0.7166 -0.6974 0.0078
vn -0.1824 -0.4140 -0.8918
vn 0.7402 -0.6269 -0.2431
vn -0.4593 0.0049 -0.8883
vn 0.7144 -0.6982 -0.0470
vn 0.3592 0.0390 -0.9325
vn -0.0648 0.0387 -0.9971
vn 0.6386 0.7694 -0.0112
vn 0.8013 0.5983 -0.0014
vn -0.2914 0.0040 -0.9566
vn 0.6729 0.0037 -0.7397
vn -0.5232 0.0189 -0.8520
vn -0.9534 -0.1159 0.2785
vn -0.9538 -0.2901 0.0777
vn -0.9282 -0.3528 0.1180
vn 0.8423 -0.3412 0.4174
vn 0.9557 0.2943 0.0082
vn -0.9526 -0.2365 -0.1916
vn -0.1666 -0.1023 -0.9807
vn -0.9438 0.1395 -0.2995
vn 0.6502 -0.1096 -0.7518
vn -0.7889 0.4658 -0.4007
vn 0.0995 0.7206 -0.6861
vn -0.4573 -0.0032 -0.8893
vn -0.2453 0.0780 -0.9663
vn 0.2066 0.1403 -0.9683
vn 0.0268 -0.0243 -0.9993
vn -0.0249 -0.0296 -0.9993
vn -0.0472 -0.0321 -0.9984
vn 0.0166 -0.0224 -0.9996
vn 0.0074 -0.0155 -0.9999
vn -0.0534 -0.0029 -0.9986
vn 0.0080 -0.0149 -0.9999
vn 0.0001 0.0035 -1.0000
vn 0.0413 0.0052 -0.9991
vn -0.0237 0.0062 -0.9997
vn 0.0111 0.0111 -0.9999
vn -0.0033 0.0066 -1.0000
vn 0.0012 0.0200 -0.9998
vn 0.0030 0.0202 -0.9998
vn 0.1879 -0.9812 -0.0443
vn 0.0403 -0.9992 -0.0038
vn 0.0556 0.9933 -0.1012
vn 0.8486 0.0038 -0.5289
vn -0.7168 -0.6965 0.0349
vn -0.8928 0.0385 0.4487
vn 0.7543 -0.6527 -0.0712
vn 0.7659 0.0959 0.6358
vn -0.8492 0.5279 -0.0118
vn 0.8093 -0.0069 -0.5873
vn 0.7952 0.6063 0.0095
vn 0.9004 -0.4340 -0.0298
vn 0.9212 -0.2945 0.2543
vn 0.7380 -0.4382 0.5131
vn 0.9185 -0.1203 0.3767
vn 0.8594 -0.5089 0.0492
vn 0.8396 -0.5405 0.0534
vn 0.9268 -0.3232 0.1913
vn -0.7212 -0.0235 -0.6923
vn 0.7602 -0.0169 -0.6495
vn 0.2288 0.0030 -0.9735
vn -0.1754 0.0035 -0.9845
vn 0.3323 -0.0884 -0.9390
vn 0.9897 -0.1420 0.0170
vn -0.2476 -0.0888 -0.9648
vn -0.9778 -0.0132 -0.2093
vn 0.9919 0.0834 -0.0962
vn -0.5754 -0.0885 -0.8131
vn 0.7721 -0.1415 -0.6195
vn -0.5152 -0.0364 -0.8563
vn -0.9557 0.2328 -0.1803
vn 0.9339 0.2354 -0.2690
vn 0.5750 -0.0364 -0.8173
vn 0.7397 0.4473 -0.5027
vn -0.5992 0.5881 -0.5432
vn -0.4971 0.7061 -0.5042
vn 0.4818 -0.0630 -0.8740
vn -0.2934 -0.0695 -0.9535
vn -0.0983 -0.0682 -0.9928
vn 0.0501 -0.0471 -0.9976
vn -0.1386 -0.0069 -0.9903
vn -0.1147 0.0019 -0.9934
vn 0.0591 0.0090 -0.9982
vn -0.1478 0.0379 -0.9883
vn -0.1475 0.0341 -0.9885
vn 0.0768 0.0192 -0.9969
vn -0.0738 0.0446 -0.9963
vn -0.0795 0.0389 -0.9961
vn 0.0639 0.0661 -0.9958
vn 0.1730 0.1176 -0.9779
vn -0.2694 0.1398 -0.9528
vn 0.0244 0.0606 -0.9979
vn -0.0011 0.0272 -0.9996
vn -0.0968 0.0394 -0.9945
vn 0.0577 0.0395 -0.9976
vn 0.0321 0.0446 -0.9985
vn 0.0221 -0.0035 -0.9998
vn 0.0774 0.8751 0.4778
vn 0.3486 0.5321 0.7716
vn 0.7655 -0.6424 0.0378
vn 0.3148 -0.9490 0.0138
vn -0.2684 0.9507 0.1553
vn -0.9598 0.2182 -0.1764
vn -0.4268 0.9011 0.0763
vn 0.5014 -0.8648 -0.0260
vn 0.7285 -0.6552 -0.2000
vn -0.6938 -0.7022 0.1600
vn -0.8603 0.5048 0.0712
vn 0.8214 -0.5703 -0.0050
vn -0.9150 -0.4034 -0.0129
vn 0.8530 -0.1115 0.5098
vn -0.9362 -0.2894 0.1992
vn -0.8578 0.0019 -0.5139
vn 0.9966 0.0734 0.0369
vn 0.9802 -0.1961 0.0255
vn -0.9721 -0.1622 -0.1698
vn -0.7523 -0.1368 -0.6445
vn 0.9872 0.1519 -0.0493
vn 0.9897 0.1337 -0.0519
vn -0.8213 0.4297 -0.3752
vn 0.7852 0.4925 -0.3755
vn 0.6963 0.5322 -0.4817
vn 0.0159 0.8115 -0.5842
vn 0.3689 0.7834 -0.5003
vn 0.2534 0.8596 -0.4438
vn -0.0908 -0.0706 -0.9934
vn -0.0793 -0.1013 -0.9917
vn 0.0799 -0.0628 -0.9948
vn -0.0896 -0.0983 -0.9911
vn 0.0750 -0.0864 -0.9934
vn -0.0996 -0.0729 -0.9924
vn 0.1893 -0.1262 -0.9738
vn -0.1480 -0.0545 -0.9875
vn 0.1767 -0.0359 -0.9836
vn -0.5169 -0.1471 -0.8433
vn 0.1736 -0.0337 -0.9842
vn 0.1732 -0.0392 -0.9841
vn -0.4213 -0.0055 -0.9069
vn 0.2065 -0.0268 -0.9781
vn 0.2465 0.0068 -0.9691
vn -0.7765 0.0967 -0.6227
vn 0.1378 0.0533 -0.9890
vn -0.4685 0.1265 -0.8744
vn 0.1900 0.0443 -0.9808
vn 0.2435 0.0941 -0.9653
vn 0.2301 0.1216 -0.9655
vn -0.7470 0.3354 -0.5740
vn -0.7008 0.3947 -0.5942
vn -0.7330 0.2866 -0.6169
vn 0.3708 0.2147 -0.9035
vn 0.2926 0.1701 -0.9410
vn 0.0843 -0.0028 -0.9964
vn 0.6629 0.1986 -0.7219
vn -0.5902 0.1318 -0.7964
vn -0.3175 0.9482 0.0132
vn -0.0951 0.9933 -0.0657
vn 0.8386 0.5441 0.0248
vn 0.9838 -0.1747 -0.0394
vn 0.8284 -0.5593 -0.0293
vn 0.1543 0.9867 -0.0502
vn 0.1122 0.9929 -0.0383
vn -0.3256 0.9451 -0.0295
vn 0.9456 0.0209 0.3246
vn -0.4367 0.8995 0.0080
vn -0.7022 -0.7088 -0.0664
vn -0.0670 -0.8771 -0.4757
vn -0.5828 0.8123 0.0230
vn -0.8358 -0.5305 -0.1415
vn 0.5148 -0.8573 -0.0048
vn 0.8844 -0.4646 -0.0458
vn 0.9751 0.2185 0.0384
vn -0.8121 0.5809 0.0554
vn -0.8719 0.0004 -0.4897
vn -0.9036 0.4282 -0.0117
vn -0.8671 0.4977 -0.0226
vn -0.9058 -0.4231 0.0214
vn 0.9223 -0.3460 0.1724
vn -0.9559 -0.2905 0.0429
vn -0.9412 -0.2631 -0.2120
vn 0.9718 -0.2231 0.0759
vn 0.9283 -0.3132 0.2005
vn -0.9986 -0.0084 -0.0520
vn 0.8313 -0.0048 -0.5558
vn 0.5282 -0.3905 -0.7540
vn -0.7444 -0.1314 -0.6546
vn 0.7964 -0.2343 -0.5575
vn -0.9720 0.0506 0.2296
vn 0.7732 0.3197 -0.5477
vn -0.9909 -0.1204 0.0601
vn 0.9864 -0.1353 0.0933
vn -0.3000 -0.1636 -0.9398
vn 0.8015 0.5761 -0.1604
vn 0.2893 -0.4345 -0.8529
vn 0.6922 0.7125 -0.1144
vn -0.3437 -0.4448 -0.8270
vn 0.7713 0.6224 -0.1332
vn -0.3494 -0.4604 -0.8161
vn 0.1953 0.9786 -0.0645
vn 0.2185 -0.2489 -0.9436
vn -0.6451 -0.7214 -0.2517
vn 0.2270 -0.2643 -0.9373
vn 0.4342 -0.4586 -0.7753
vn -0.5188 -0.4781 -0.7087
vn -0.6458 -0.5448 -0.5349
vn -0.6869 -0.4414 -0.5774
vn -0.6133 -0.3808 -0.6920
vn 0.4656 -0.3075 -0.8298
vn -0.7197 -0.2457 -0.6494
vn -0.6359 -0.1937 -0.7471
vn 0.8152 -0.2394 -0.5274
vn -0.8239 -0.1085 -0.5563
vn -0.8459 -0.1292 -0.5175
vn -0.7778 0.0787 -0.6235
vn 0.3639 0.0239 -0.9311
vn 0.6274 0.0228 -0.7783
vn 0.4700 0.0816 -0.8789
vn -0.8431 0.1262 -0.5227
vn 0.4656 0.2117 -0.8593
vn 0.8118 0.1124 -0.5731
vn -0.7655 0.1615 -0.6229
vn 0.8434 0.2830 -0.4567
vn 0.8907 0.3291 -0.3135
vn 0.5066 0.3043 -0.8067
vn -0.6605 0.2814 -0.6960
vn 0.4723 0.3484 -0.8097
vn -0.7908 0.4595 -0.4044
vn 0.5077 0.3688 -0.7786
vn 0.4478 0.3128 -0.8376
vn -0.6643 0.2781 -0.6938
vn 0.5451 0.4673 -0.6960
vn 0.5411 0.4656 -0.7003
vn 0.4334 -0.0572 -0.8994
vn -0.8954 0.4320 -0.1079
vn 0.3635 0.2524 -0.8968
vn 0.5547 0.2831 -0.7824
vn -0.8057 0.2831 -0.5202
vn 0.4917 0.2958 -0.8190
vn 0.8824 0.4665 -0.0610
vn 0.7109 0.4799 -0.5141
vn -0.9176 0.2794 -0.2827
vn -0.8900 0.2582 -0.3757
vn 0.8665 0.2158 -0.4502
vn -0.8457 0.1066 -0.5229
vn 0.5238 0.1257 -0.8425
vn -0.4879 0.0869 -0.8686
vn 0.5179 0.1429 -0.8434
vn -0.5620 0.0242 -0.8268
vn 0.6416 0.0469 -0.7656
vn -0.5818 0.0412 -0.8123
vn 0.9377 0.2747 -0.2129
vn 0.4396 0.8210 0.3642
vn 0.1808 0.9824 0.0463
vn 0.2364 -0.9706 -0.0451
vn -0.0988 0.9943 0.0390
vn -0.9193 0.0064 -0.3935
vn -0.4939 -0.8673 -0.0614
vn -0.4871 0.8732 0.0139
vn 0.6748 -0.6746 0.2993
vn -0.9005 0.0087 -0.4348
vn -0.8322 -0.5355 -0.1438
vn 0.9508 -0.3091 0.0222
vn -0.9998 0.0150 -0.0108
vn 0.9987 0.0454 -0.0245
vn -0.9865 0.1412 -0.0824
vn -0.9930 0.1169 -0.0177
vn 0.9518 0.3056 0.0246
vn -0.5721 -0.7404 -0.3530
vn 0.2800 -0.6081 -0.7429
vn -0.5040 0.8513 -0.1456
vn -0.3045 0.9505 -0.0621
vn 0.1004 0.9495 -0.2973
vn 0.1143 0.9543 -0.2761
vn -0.6239 0.7813 -0.0199
vn 0.8022 -0.5931 0.0682
vn 0.7964 -0.6022 0.0552
vn 0.3487 -0.1935 0.9171
vn 0.9336 -0.2264 0.2778
vn 0.9674 -0.0832 0.2391
vn 0.9035 0.2715 0.3316
vn 0.9553 0.1967 -0.2206
vn -0.9699 0.2242 0.0946
vn -0.6114 0.0681 -0.7884
vn -0.0733 0.0877 -0.9934
vn 0.9215 0.3841 -0.0576
vn 0.9097 0.4119 -0.0530
vn 0.5835 0.3833 -0.7159
vn 0.6471 0.5202 -0.5573
vn -0.8069 0.2825 -0.5188
vn 0.9345 0.2732 -0.2282
vn -0.0810 0.9957 0.0441
vn -0.0415 0.9988 0.0245
vn 0.1305 0.9902 0.0501
vn -0.8970 0.4402 0.0407
vn -0.9816 -0.1865 -0.0414
vn -0.3673 0.8697 0.3298
vn 0.8967 -0.2905 0.3340
vn -0.4364 -0.8970 -0.0708
vn -0.7060 -0.7062 0.0527
vn 0.6049 -0.7388 0.2973
vn -0.7536 -0.6543 0.0629
vn 0.7345 -0.6588 0.1629
vn 0.7875 -0.5824 0.2015
vn 0.9761 0.1821 0.1185
vn 0.8545 -0.5181 0.0368
vn 0.9214 -0.2949 0.2530
vn 0.8595 -0.4799 -0.1760
vn 0.9618 0.2732 -0.0169
vn 0.8941 -0.4330 -0.1145
vn 0.9367 -0.3244 -0.1317
vn -0.9385 -0.3239 -0.1194
vn -0.9474 0.3200 0.0105
vn 0.9379 -0.3097 -0.1560
vn -0.9582 0.2862 -0.0061
vn -0.9424 -0.2614 -0.2088
vn 0.9538 0.3004 -0.0090
vn 0.9591 -0.0701 0.2741
vn -0.9905 -0.1357 -0.0205
vn 0.9411 -0.2413 0.2369
vn -0.9877 0.1349 -0.0786
vn 0.9897 -0.1365 0.0438
vn 0.9457 0.2744 0.1744
vn -0.8815 0.4587 0.1118
vn 0.8624 0.5061 0.0105
vn -0.5622 0.8259 -0.0430
vn 0.4718 0.8469 0.2452
vn 0.2323 0.9329 0.2753
vn 0.5917 -0.6434 0.4857
vn 0.5776 -0.6485 0.4957
vn -0.4697 -0.5285 0.7071
vn 0.5428 -0.5866 0.6010
vn -0.5817 -0.4806 0.6562
vn -0.7899 -0.4958 0.3608
vn 0.8086 -0.4341 -0.3972
vn 0.8376 -0.1414 -0.5276
vn -0.9672 -0.1180 -0.2251
vn -0.9684 -0.1575 -0.1935
vn -0.9795 -0.0616 0.1920
vn 0.9764 -0.0448 0.2114
vn -0.9916 0.1190 0.0506
vn -0.8927 0.0430 0.4486
vn -0.9572 0.1771 0.2291
vn -0.6926 0.3075 0.6524
vn 0.4742 0.1670 0.8645
vn -0.8867 0.2527 -0.3872
vn -0.7455 0.2912 0.5995
vn 0.5058 0.2804 0.8158
vn -0.7476 0.3159 0.5843
vn -0.7721 0.3404 0.5366
vn -0.7544 0.4058 0.5159
vn 0.7573 0.5348 0.3748
vn -0.8906 0.4300 0.1483
vn -0.5463 0.1394 0.8259
vn 0.6304 0.4167 0.6550
vn 0.9489 0.2942 -0.1141
vn -0.9719 0.2355 -0.0026
vn 0.9014 0.1797 0.3939
vn 0.7149 0.2144 0.6656
vn -0.9870 -0.0363 -0.1564
vn -0.6327 0.0601 0.7721
vn 0.8523 0.4909 0.1805
vn -0.9329 0.2013 0.2986
vn 0.8171 0.1172 0.5644
vn 0.9780 -0.1672 -0.1250
vn 0.7139 -0.7001 0.0085
vn -0.3118 0.8847 0.3466
vn 0.2680 0.9553 0.1250
vn -0.6255 -0.0002 0.7802
vn 0.6581 -0.6500 -0.3800
vn 0.6442 -0.7471 -0.1640
vn 0.8057 -0.5904 -0.0479
vn 0.3100 -0.9464 0.0908
vn 0.5215 0.0091 0.8532
vn -0.8769 -0.4712 -0.0954
vn 0.8674 -0.4957 -0.0426
vn 0.8575 -0.5125 -0.0439
vn 0.9807 -0.1737 -0.0892
vn 0.8736 -0.0121 0.4864
vn 0.9449 -0.0294 0.3261
vn -0.6050 0.1192 0.7873
vn -0.8211 -0.1280 0.5562
vn 0.8905 -0.3995 0.2178
vn 0.9791 0.1507 0.1363
vn 0.8456 -0.0877 0.5266
vn -0.8262 -0.1194 0.5505
vn -0.9948 0.1016 -0.0037
vn 0.9806 0.1571 0.1169
vn -0.9658 0.2563 -0.0382
vn -0.8873 0.4162 0.1990
vn 0.9620 0.1864 0.1996
vn 0.3800 -0.8508 0.3629
vn -0.3096 -0.2377 0.9207
vn -0.9491 0.2962 0.1071
vn 0.3821 -0.5409 0.7493
vn 0.2313 -0.3723 0.8988
vn 0.6186 0.7350 0.2776
vn -0.3081 -0.3741 0.8747
vn -0.7238 0.6606 0.1993
vn -0.5452 0.7163 0.4354
vn 0.1873 0.9818 0.0313
vn 0.0717 0.8619 0.5019
vn -0.3273 -0.4433 0.8345
vn -0.3371 -0.3078 0.8897
vn -0.1668 -0.1938 0.9667
vn 0.5760 -0.2729 0.7705
vn -0.6727 -0.2758 0.6866
vn 0.7204 -0.1698 0.6725
vn -0.6314 -0.1683 0.7569
vn 0.9437 -0.3302 -0.0184
vn 0.2274 -0.1064 0.9680
vn -0.7004 -0.0684 0.7104
vn -0.4151 -0.0701 0.9071
vn -0.6440 -0.0938 0.7592
vn 0.8448 -0.1050 0.5247
vn 0.6405 0.0405 0.7669
vn 0.4100 0.0501 0.9107
vn -0.8371 0.1733 0.5189
vn -0.1380 -0.1144 0.9838
vn 0.7906 0.1340 0.5975
vn -0.4989 0.0627 0.8644
vn 0.8255 0.2704 0.4955
vn 0.6764 0.1511 0.7208
vn -0.6861 0.1924 0.7016
vn 0.6116 0.1850 0.7692
vn -0.5730 0.1977 0.7953
vn 0.5751 0.2580 0.7763
vn 0.3886 0.2528 0.8861
vn -0.8952 0.4290 0.1206
vn 0.6791 0.5852 0.4431
vn -0.8834 0.4182 0.2115
vn 0.7135 0.5189 0.4709
vn 0.7142 0.5354 0.4509
vn 0.6704 0.3716 0.6422
vn -0.5522 0.1452 0.8210
vn 0.8231 0.5444 0.1619
vn 0.6010 0.3063 0.7382
vn -0.8892 0.2580 -0.3779
vn 0.5286 0.1464 0.8362
vn -0.5777 0.0551 0.8144
vn -0.0081 -1.0000 -0.0051
vn 0.4511 -0.8904 -0.0615
vn 0.4350 -0.8985 -0.0589
vn 0.8104 0.5778 0.0966
vn 0.9959 -0.0893 0.0134
vn -0.7925 -0.6097 0.0167
vn -0.5081 -0.8472 -0.1554
vn -0.6836 -0.7036 -0.1941
vn -0.6947 -0.6695 -0.2629
vn 0.7381 -0.6680 -0.0950
vn 0.8433 -0.5370 0.0185
vn 0.8388 -0.5443 0.0149
vn -0.8624 -0.5031 0.0564
vn -0.8820 -0.4441 -0.1576
vn -0.7883 0.0002 0.6153
vn 0.9657 -0.1803 -0.1870
vn -0.8011 -0.0049 0.5986
vn 0.5215 0.0076 0.8532
vn -0.6032 0.0235 0.7973
vn -0.6698 -0.1361 0.7299
vn 0.8942 -0.0169 0.4473
vn -0.8928 -0.0335 0.4492
vn 0.8505 -0.0884 0.5185
vn -0.5685 -0.0335 0.8220
vn -0.6489 -0.1443 0.7471
vn -0.9321 0.2121 0.2938
vn 0.8368 0.4285 0.3409
vn -0.0669 0.8892 0.4526
vn 0.0832 0.8877 0.4528
vn 0.0681 -0.0533 0.9963
vn 0.0396 -0.1028 0.9939
vn 0.1344 -0.1342 0.9818
vn -0.1280 -0.0897 0.9877
vn 0.1867 -0.1228 0.9747
vn 0.1913 -0.1313 0.9727
vn -0.1670 -0.0330 0.9854
vn 0.1968 -0.0493 0.9792
vn -0.5385 0.0097 0.8425
vn -0.1369 0.0237 0.9903
vn 0.4199 0.1419 0.8964
vn -0.1885 0.0616 0.9801
vn -0.1373 0.0911 0.9863
vn 0.1395 0.0967 0.9855
vn 0.4654 0.2897 0.8364
vn -0.1967 0.0921 0.9761
vn 0.1133 0.0938 0.9891
vn 0.2844 0.1551 0.9461
vn 0.1058 0.0803 0.9911
vn 0.1053 0.0551 0.9929
vn -0.0234 0.0401 0.9989
vn 0.5072 0.3037 0.8066
vn -0.5771 0.1306 0.8062
vn -0.0374 0.0534 0.9979
vn -0.0581 0.0403 0.9975
vn -0.0391 -0.0476 0.9981
vn -0.0271 -0.9996 -0.0024
vn -0.9576 0.2875 -0.0197
vn 0.0262 0.9994 -0.0247
vn -0.1981 -0.9799 -0.0222
vn -0.0044 -1.0000 -0.0039
vn 0.9734 0.1849 0.1356
vn -0.9715 0.2324 0.0466
vn -0.3921 -0.9199 -0.0029
vn 0.2099 0.8599 0.4652
vn 0.7344 -0.6535 -0.1834
vn 0.4782 0.0073 0.8782
vn 0.7969 -0.6032 0.0336
vn -0.8162 -0.5468 -0.1867
vn 0.9911 -0.1300 0.0285
vn -0.6827 -0.0074 0.7306
vn 0.9150 -0.2631 0.3060
vn 0.2305 -0.0183 0.9729
vn 0.9991 0.0153 0.0391
vn 0.9979 0.0607 -0.0243
vn 0.5361 -0.0496 0.8427
vn 0.9771 -0.2123 0.0158
vn 0.3366 -0.1013 0.9362
vn -0.4621 -0.0678 0.8842
vn 0.3696 0.0299 0.9287
vn -0.9211 -0.0012 -0.3893
vn 0.5131 -0.0357 0.8576
vn -0.4861 0.7383 0.4675
vn -0.2691 0.7541 0.5991
vn 0.4201 -0.0565 0.9057
vn -0.1005 -0.0863 0.9912
vn -0.3603 -0.0067 0.9328
vn -0.2069 0.0498 0.9771
vn 0.2699 0.0620 0.9609
vn -0.0001 -0.0342 0.9994
vn -0.4251 0.4622 0.7782
vn -0.0053 -0.0352 0.9994
vn 0.0070 -0.0282 0.9996
vn 0.0117 -0.0334 0.9994
vn 0.0205 -0.0389 0.9990
vn 0.0411 0.0179 0.9990
vn 0.1486 -0.0607 0.9870
vn -0.1083 -0.0286 0.9937
vn -0.0935 -0.0358 0.9950
vn 0.1464 -0.0731 0.9865
vn 0.2044 0.0102 0.9788
vn -0.0884 0.0048 0.9961
vn -0.1166 0.0128 0.9931
vn 0.2422 0.0265 0.9699
vn 0.1875 0.0604 0.9804
vn 0.1620 0.0593 0.9850
vn -0.0010 0.0220 0.9998
vn -0.0769 0.0469 0.9959
vn -0.0070 0.0224 0.9997
vn 0.0365 0.0390 0.9986
vn -0.0270 0.0355 0.9990
vn 0.6961 0.7143 -0.0715
vn -0.5799 0.7961 -0.1732
vn 0.9417 0.3107 -0.1291
vn -0.9267 -0.3743 -0.0330
vn 0.6019 -0.7927 -0.0965
vn -0.0104 -0.9998 0.0166
vn -0.1907 -0.9816 -0.0027
vn -0.2764 -0.0356 0.9604
vn 0.4385 0.8971 0.0531
vn 0.3789 0.9248 -0.0335
vn 0.6438 -0.7497 -0.1530
vn -0.5897 0.8076 -0.0001
vn 0.7951 -0.5873 0.1509
vn -0.8900 0.4551 -0.0267
vn -0.9734 0.2292 -0.0042
vn 0.8402 -0.3455 0.4179
vn 0.9715 -0.0188 0.2364
vn 0.9518 0.3066 -0.0082
vn 0.9991 -0.0338 0.0247
vn 0.9906 -0.0860 0.1060
vn -0.9755 -0.0039 0.2201
vn -0.3337 -0.0510 0.9413
vn -0.9349 0.2045 0.2901
vn -0.3941 0.0048 0.9190
vn -0.6982 0.5113 0.5011
vn -0.1954 -0.0018 0.9807
vn 0.0665 0.0163 0.9977
vn 0.0197 0.0153 0.9997
vn 0.3294 0.1002 0.9388
vn -0.0215 -0.0168 0.9996
vn 0.0014 -0.0201 0.9998
vn 0.0169 -0.0143 0.9998
vn -0.0341 -0.0013 0.9994
vn 0.0816 -0.0002 0.9967
vn 0.0702 0.0035 0.9975
vn 0.0014 0.0010 1.0000
vn -0.0076 -0.0002 1.0000
vn -0.0732 0.0137 0.9972
vn 0.0772 0.0099 0.9970
vn 0.0366 0.0177 0.9992
vn -0.0017 0.0380 0.9993
vn 0.0024 -1.0000 0.0004
vn 0.1257 0.9903 0.0591
vn 0.0475 0.9974 -0.0536
vn 0.0050 -1.0000 0.0035
vn -0.5006 -0.8608 -0.0916
vn 0.7823 -0.5732 -0.2438
vn 0.7009 -0.7065 0.0982
vn 0.9230 0.0793 -0.3765
vn 0.9769 -0.1077 0.1848
vn 0.9213 -0.3236 0.2156
vn -0.9365 -0.3240 0.1343
vn 0.9921 -0.0832 -0.0941
vn -0.8797 0.0983 0.4653
vn 0.9989 -0.0415 -0.0204
vn 0.7750 0.6317 -0.0199
vn 0.0463 0.9960 -0.0763
vn 0.2728 0.9620 -0.0081
vn -0.9420 0.3320 0.0500
vn -0.4365 0.8990 -0.0368
vn -0.6182 -0.7706 -0.1550
vn -0.8198 -0.5407 0.1883
vn 0.6607 -0.7211 0.2085
vn 0.7477 -0.6218 -0.2332
vn -0.6280 -0.7446 0.2262
vn -0.8197 0.5716 -0.0368
vn 0.9298 -0.3663 -0.0368
vn -0.8996 0.4364 -0.0173
vn -0.9781 -0.2005 -0.0559
vn 0.8880 -0.3994 -0.2280
vn -0.9439 -0.1966 0.2652
vn 0.9918 0.0310 0.1236
vn -0.9763 -0.1201 -0.1800
vn -0.9456 -0.1326 0.2970
vn -0.9954 0.0896 -0.0331
vn 0.9977 -0.0190 0.0650
vn -0.9765 0.1994 -0.0820
vn 0.8785 0.4194 0.2285
vn -0.7919 0.4889 0.3660
vn 0.2478 0.6482 0.7200
vn -0.5828 -0.8126 0.0025
vn -0.8511 0.5241 0.0299
vn 0.2862 0.9575 0.0355
vn 0.1932 0.9812 -0.0003
vn 0.0570 0.9978 -0.0346
vn 0.9956 0.0102 0.0931
vn -0.8950 0.4441 0.0425
vn -0.7701 -0.6378 -0.0112
vn -0.0921 0.9944 -0.0515
vn -0.4717 -0.8809 -0.0391
vn -0.3881 0.9207 -0.0416
vn 0.7210 -0.6928 0.0154
vn 0.4177 -0.9086 -0.0090
vn 0.6825 -0.7271 0.0751
vn -0.7483 -0.6629 0.0243
vn -0.7747 -0.6312 0.0378
vn 0.9347 0.3519 -0.0503
vn -0.9133 -0.3688 -0.1729
vn 0.9738 0.2178 -0.0656
vn 0.8845 -0.3996 0.2409
vn -0.9604 0.2750 -0.0445
vn -0.9718 0.2313 -0.0462
vn -0.9984 -0.0464 -0.0311
vn 0.9473 0.2394 0.2126
vn 0.9767 -0.2137 -0.0224
vn 0.9779 0.1974 0.0684
vn 0.4992 0.5898 0.6348
vn -0.5922 0.4785 0.6483
vn -0.5594 0.5003 0.6609
vn 0.0664 0.6410 0.7647
vn -0.2137 0.6126 0.7610
vn 0.7697 0.6226 0.1414
vn -0.1143 0.8825 -0.4562
vn -0.1080 0.9939 0.0232
vn -0.7587 -0.6510 0.0247
vn 0.8462 0.5180 0.1248
vn 0.7979 -0.5955 0.0931
vn -0.4180 -0.9011 -0.1153
vn 0.5543 0.8310 -0.0463
vn -0.6417 0.7669 -0.0100
vn -0.7959 -0.6000 0.0807
vn 0.8542 -0.5190 0.0314
vn 0.8640 -0.4693 -0.1823
vn 0.9401 -0.1862 -0.2855
vn 0.9473 0.3200 -0.0122
vn 0.9052 -0.3982 0.1482
vn 0.9573 -0.2526 0.1405
vn 0.9901 -0.0637 0.1251
vn -0.9605 -0.2752 0.0416
vn -0.9598 0.2774 -0.0426
vn 0.9467 0.2407 0.2139
vn 0.9953 0.0931 -0.0266
vn 0.9946 0.1025 -0.0143
vn 0.7155 0.5586 0.4196
vn -0.3394 0.6270 0.7011
vn 0.9067 -0.3981 0.1395
vn 0.9876 -0.0331 0.1537
vn 0.9698 -0.1608 0.1835
vn -0.1026 0.9917 -0.0771
vn -0.0555 -0.9984 -0.0131
vn -0.1516 0.9872 -0.0494
vn -0.2616 0.9619 -0.0791
vn 0.3078 0.9509 -0.0331
vn -0.7335 -0.6795 -0.0163
vn -0.5343 -0.8451 0.0199
vn 0.8433 -0.4136 -0.3432
vn -0.6298 -0.7764 -0.0227
vn -0.7486 -0.6626 0.0235
vn 0.8462 -0.5328 0.0017
vn -0.6737 0.7367 -0.0581
vn 0.8112 -0.5841 -0.0286
vn -0.8532 0.5185 -0.0568
vn 0.8952 -0.4450 0.0267
vn -0.9750 -0.1985 -0.0999
vn 0.7732 -0.5651 -0.2877
vn 0.9839 -0.0914 -0.1537
vn 0.9615 0.1866 0.2019
vn -0.8085 -0.5792 0.1040
vn -0.1790 0.9839 0.0004
vn -0.0167 -0.9998 -0.0144
vn 0.8404 0.5143 0.1706
vn 0.4209 -0.9068 -0.0242
vn 0.3478 0.9371 -0.0302
vn -0.8018 -0.5954 0.0507
vn 0.6164 -0.7874 0.0043
vn 0.7102 -0.7017 -0.0575
vn 0.5690 -0.5647 -0.5979
vn 0.8125 -0.5362 -0.2289
vn -0.8912 0.4488 -0.0660
vn 0.9455 0.0007 -0.3257
vn -0.9889 -0.0901 -0.1185
vn -0.9945 0.0935 0.0470
vn -0.9699 0.1039 0.2203
vn -0.9888 0.0758 0.1289
vn 0.5241 0.6202 0.5837
vn -0.0129 0.6581 0.7529
vn 0.3182 -0.9469 0.0457
vn -0.8421 -0.5093 0.1775
vn -0.8393 0.5361 0.0901
vn -0.0728 0.9967 -0.0353
vn 0.4903 0.8716 -0.0023
vn 0.6875 -0.5177 0.5093
vn -0.6607 0.7493 -0.0455
vn 0.6257 0.7788 -0.0455
vn -0.7469 -0.6171 0.2477
vn -0.9197 -0.3866 -0.0684
vn 0.9138 -0.2081 -0.3489
vn 0.8501 -0.4604 -0.2557
vn 0.9219 -0.3869 0.0200
vn 0.9933 -0.1091 0.0373
vn -0.9994 -0.0312 0.0145
vn -0.9339 -0.1276 -0.3340
vn 0.2146 0.6458 0.7328
vn -0.2929 0.9546 0.0541
vn -0.4592 -0.8843 0.0846
vn 0.5754 -0.8004 -0.1681
vn 0.5824 0.8097 -0.0723
vn -0.6774 -0.6329 -0.3750
vn 0.8257 -0.5495 -0.1272
vn 0.7018 -0.6805 0.2107
vn -0.7999 0.5999 -0.0169
vn -0.8806 -0.4678 -0.0758
vn 0.9742 -0.1040 0.2002
vn 0.8851 0.4532 -0.1056
vn 0.9123 -0.2222 0.3441
vn -0.9853 0.1490 -0.0836
vn -0.9909 -0.0744 -0.1120
vn 0.9993 -0.0373 0.0053
vn -0.9666 0.1633 0.1973
vn -0.7857 0.5349 0.3109
vn 0.8954 0.3807 0.2307
vn 0.0985 0.9882 -0.1175
vn -0.9425 -0.3017 0.1435
vn -0.0378 0.9975 -0.0601
vn 0.4325 -0.9011 0.0319
vn 0.5146 -0.8567 0.0356
vn 0.5382 -0.8426 0.0203
vn -0.4904 0.8692 -0.0628
vn -0.5750 -0.8180 0.0140
vn -0.1370 -0.9835 -0.1180
vn 0.7595 -0.6476 0.0614
vn -0.5509 0.8338 -0.0369
vn 0.6396 -0.7510 -0.1638
vn 0.9090 -0.4118 0.0645
vn -0.8817 -0.4609 -0.1006
vn 0.8526 -0.4843 -0.1961
vn -0.9509 -0.0853 0.2976
vn -0.9402 -0.3403 0.0181
vn 0.9136 -0.4044 -0.0435
vn -0.9345 0.3541 -0.0366
vn -0.9660 -0.2459 -0.0798
vn 0.9628 0.2501 -0.1028
vn 0.9628 -0.2660 -0.0474
vn 0.9818 0.1766 -0.0700
vn -0.9869 0.1607 -0.0113
vn 0.8099 0.5018 0.3038
vn -0.0119 0.6923 0.7215
vn -0.0485 -0.9988 0.0040
vn 0.7081 -0.6940 0.1302
vn -0.9697 0.0121 0.2440
vn 0.8190 0.5585 0.1312
vn 0.1836 0.9800 0.0773
vn -0.0732 0.9967 0.0340
vn 0.6086 -0.7875 0.0975
vn 0.5095 0.8601 -0.0253
vn -0.9895 0.0930 -0.1108
vn -0.7013 -0.7128 0.0123
vn -0.4938 0.8686 -0.0415
vn 0.7902 -0.6124 0.0229
vn 0.7702 -0.6369 0.0331
vn -0.8585 -0.5117 -0.0339
vn 0.7903 -0.4892 0.3690
vn 0.9583 0.2807 -0.0540
vn -0.9478 -0.1364 0.2882
vn 0.8438 -0.4913 -0.2161
vn -0.9098 -0.4128 -0.0425
vn 0.8955 -0.4083 0.1772
vn 0.9511 -0.2957 -0.0892
vn 0.9318 0.3603 -0.0437
vn 0.9611 0.1684 0.2187
vn -0.9098 -0.1753 -0.3761
vn -0.9961 0.0565 -0.0681
vn -0.3730 0.7452 0.5528
vn 0.9504 0.2114 0.2281
vn -0.0901 0.7143 0.6940
vn 0.0988 0.9876 -0.1223
vn -0.9564 -0.2827 0.0731
vn 0.9024 -0.4295 -0.0349
vn 0.5904 -0.8007 -0.1010
vn -0.0014 -1.0000 -0.0031
vn -0.9462 0.2781 0.1654
vn 0.9757 0.2026 0.0833
vn -0.9874 0.1256 0.0959
vn 0.9822 0.0276 0.1856
vn 0.7036 -0.6963 0.1422
vn -0.8807 -0.4610 -0.1087
vn 0.7467 -0.2897 -0.5988
vn -0.8790 -0.4656 -0.1031
vn -0.7062 -0.6473 -0.2869
vn -0.9356 -0.3517 -0.0312
vn 0.9610 -0.2727 0.0472
vn 0.9991 0.0059 -0.0428
vn -0.9478 -0.2703 -0.1694
vn 0.4023 0.6849 0.6075
vn -0.0250 0.9964 -0.0815
vn -0.9696 -0.1897 0.1547
vn -0.6806 -0.7279 0.0825
vn -0.8263 -0.5378 0.1671
vn 0.5808 -0.8072 -0.1050
vn -0.8384 -0.5450 -0.0079
vn 0.8802 -0.4669 -0.0855
vn -0.9828 0.1781 -0.0484
vn -0.9431 -0.1334 0.3044
vn 0.8896 0.4500 -0.0783
vn 0.8992 0.4319 -0.0699
vn 0.9492 0.2981 -0.1012
vn -0.9981 -0.0417 0.0456
vn -0.9799 0.1021 0.1715
vn -0.9869 0.1096 0.1181
vn 0.9858 0.1653 0.0310
vn -0.5442 0.5808 0.6054
vn -0.4804 0.6223 0.6180
vn -0.2775 -0.9604 0.0255
vn -0.0012 -1.0000 0.0001
vn 0.8414 -0.5242 0.1319
vn -0.4065 -0.9067 0.1123
vn 0.5744 -0.8171 0.0487
vn 0.5736 -0.7945 -0.1996
vn 0.8026 -0.5900 0.0877
vn -0.6636 0.7468 -0.0435
vn 0.8307 -0.5565 -0.0155
vn 0.6591 -0.6928 0.2926
vn 0.8229 0.5582 -0.1059
vn -0.8638 -0.4184 -0.2807
vn 0.8260 -0.1248 -0.5496
vn 0.9375 -0.3143 0.1494
vn 0.9462 -0.3180 0.0596
vn 0.8963 -0.4424 -0.0312
vn 0.9613 -0.2707 -0.0518
vn 0.9922 0.0378 0.1192
vn 0.9950 -0.0779 -0.0625
vn 0.8087 -0.5541 -0.1973
vn -0.8374 0.4684 0.2816
vn -0.0504 0.7628 0.6446
vn 0.1162 -0.9925 0.0379
vn -0.0747 0.9840 -0.1617
vn -0.2407 -0.9704 0.0213
vn -0.8756 -0.4799 -0.0551
vn 0.0224 0.9958 -0.0885
vn 0.3695 0.9259 -0.0788
vn -0.7779 -0.6153 0.1272
vn 0.4725 -0.8797 0.0537
vn 0.6904 -0.6289 0.3575
vn -0.6133 -0.7110 -0.3439
vn 0.5690 -0.8219 -0.0257
vn 0.8009 0.5959 -0.0594
vn 0.8172 0.5719 -0.0714
vn -0.8407 -0.4910 -0.2284
vn 0.9838 0.1553 -0.0897
vn 0.9981 -0.0515 -0.0328
vn 0.9998 0.0027 -0.0202
vn -0.9985 -0.0534 -0.0113
vn -0.9997 -0.0228 0.0130
vn -0.9438 0.2830 0.1709
vn -0.9047 0.2050 0.3735
vn 0.0313 0.9926 -0.1174
vn -0.3308 -0.9330 -0.1414
vn 0.2492 0.9628 0.1049
vn 0.8076 0.5858 0.0676
vn 0.8256 -0.5348 -0.1798
vn -0.8436 0.5200 0.1340
vn 0.9855 -0.0683 0.1554
vn -0.0575 0.9969 -0.0543
vn 0.4180 0.9056 -0.0720
vn 0.4691 -0.8821 0.0430
vn 0.8055 -0.5711 0.1580
vn 0.9851 -0.1409 -0.0986
vn 0.8594 -0.4155 -0.2978
vn 0.8612 -0.4845 0.1537
vn 0.9414 -0.3325 -0.0562
vn 0.8237 -0.5282 -0.2063
vn 0.9239 -0.3810 0.0348
vn 0.9850 0.0660 0.1593
vn 0.3019 0.7639 0.5703
vn 0.7094 0.6355 0.3048
vn -0.0720 -0.9972 0.0177
vn 0.0383 -0.9990 0.0230
vn -0.6856 -0.6980 0.2069
vn -0.4511 0.8770 0.1655
vn -0.3175 0.9423 0.1060
vn 0.2500 0.9626 0.1046
vn 0.8993 0.3697 0.2334
vn -0.9410 0.1229 0.3154
vn -0.9365 -0.3219 0.1392
vn -0.6923 -0.7090 0.1341
vn 0.3960 -0.9163 0.0599
vn -0.3466 0.9342 -0.0850
vn 0.4333 0.8948 -0.1071
vn -0.6956 -0.7147 -0.0737
vn -0.4815 0.8746 -0.0573
vn 0.7908 -0.5977 0.1317
vn 0.8004 -0.5767 0.1638
vn -0.8089 -0.5816 -0.0859
vn 0.8762 -0.4097 -0.2537
vn 0.8985 -0.3402 -0.2774
vn -0.9081 -0.3675 0.2009
vn -0.8920 0.4422 -0.0937
vn -0.9431 -0.3260 0.0658
vn -0.9574 -0.2701 0.1027
vn 0.9650 -0.2592 0.0404
vn 0.9508 -0.0830 0.2984
vn 0.0738 0.9967 0.0341
vn 0.1608 0.9839 0.0775
vn 0.7385 -0.6139 0.2788
vn -0.7590 -0.6412 0.1131
vn -0.4022 -0.9091 0.1090
vn -0.1476 0.9874 -0.0578
vn -0.5269 -0.8384 0.1397
vn -0.3016 -0.9507 0.0719
vn 0.7340 -0.6723 0.0964
vn -0.6715 0.7312 -0.1201
vn 0.8272 -0.5612 -0.0281
vn 0.9441 -0.2997 0.1375
vn 0.8029 -0.5853 0.1126
vn -0.9223 -0.3354 -0.1921
vn -0.8754 -0.4501 0.1762
vn -0.8929 -0.4254 0.1475
vn -0.9403 -0.3403 0.0031
vn -0.9373 0.3343 -0.0991
vn 0.9924 -0.1218 -0.0171
vn 0.9544 -0.2894 0.0735
vn -0.1239 -0.9905 0.0590
vn 0.0013 -1.0000 0.0007
vn 0.7751 -0.5659 0.2812
vn 0.8224 0.5057 0.2604
vn 0.7000 -0.6976 0.1529
vn 0.8795 -0.4362 0.1904
vn 0.0135 -0.9993 -0.0343
vn -0.9397 0.3035 0.1577
vn -0.3286 0.9368 -0.1201
vn 0.2256 0.9706 -0.0837
vn 0.5773 -0.8095 0.1072
vn -0.4914 -0.8590 0.1439
vn -0.4394 -0.8877 0.1376
vn -0.6920 -0.7131 0.1125
vn 0.4510 -0.8916 0.0404
vn -0.4497 0.8912 -0.0594
vn -0.8115 -0.5592 0.1695
vn -0.8057 0.5898 -0.0546
vn -0.9600 0.2516 -0.1230
vn -0.9760 -0.0934 -0.1969
vn -0.8767 0.4663 -0.1186
vn 0.9989 -0.0259 0.0394
vn -0.0817 0.9397 0.3320
vn 0.3828 0.7319 0.5637
vn 0.1903 0.9768 -0.0984
vn -0.0034 -1.0000 -0.0012
vn -0.8115 0.5638 0.1533
vn 0.5626 -0.8223 0.0851
vn -0.5736 -0.7933 0.2040
vn -0.7111 -0.6809 0.1752
vn 0.7072 -0.6907 0.1512
vn 0.4659 -0.8674 -0.1748
vn -0.4963 -0.7526 -0.4328
vn -0.5879 0.8036 -0.0927
vn 0.8164 -0.5574 0.1507
vn 0.6713 -0.7406 -0.0299
vn 0.9302 -0.3366 0.1465
vn -0.9868 -0.1234 0.1052
vn 0.9875 -0.1153 0.1076
vn -0.9881 -0.1134 0.1042
vn 0.9852 0.0295 0.1689
vn -0.9919 0.1178 0.0482
vn 0.8531 -0.4278 0.2986
vn 0.9238 -0.1862 0.3346
vn -0.7915 0.4852 0.3717
vn -0.5930 0.7558 0.2776
vn -0.2644 0.9548 0.1360
vn -0.0456 -0.9939 0.1003
vn -0.0006 -1.0000 0.0009
vn 0.4953 0.8643 -0.0871
vn 0.7967 -0.5952 0.1051
vn 0.5728 0.8106 -0.1216
vn 0.6405 0.7632 -0.0849
vn 0.8737 -0.4857 0.0269
vn -0.8882 -0.4541 0.0695
vn 0.9317 -0.3487 0.1018
vn 0.9561 -0.2701 0.1138
vn -0.9190 -0.3581 0.1648
vn -0.9407 0.3226 -0.1045
vn -0.9358 0.3433 -0.0800
vn -0.9582 0.2485 -0.1418
vn -0.9980 0.0285 -0.0562
vn 0.9858 0.1592 0.0531
vn -0.7746 -0.5101 0.3738
vn 0.9010 0.0059 0.4339
vn 0.7642 0.5791 0.2840
vn 0.7056 0.6627 0.2509
vn 0.8983 0.3737 0.2312
vn -0.9558 0.0511 0.2895
vn -0.9068 -0.3210 0.2731
vn -0.0750 0.9941 -0.0780
vn -0.7015 -0.6733 0.2336
vn 0.7843 -0.6204 -0.0071
vn 0.6203 -0.7689 -0.1553
vn -0.8334 -0.5386 0.1240
vn 0.8203 -0.5507 0.1546
vn -0.8687 -0.4873 0.0892
vn -0.8708 -0.4695 0.1456
vn 0.9237 0.3485 -0.1591
vn -0.9906 -0.1301 -0.0412
vn 0.9928 0.0779 -0.0907
vn 0.9850 -0.1728 0.0023
vn -0.3688 0.7480 0.5519
vn -0.0985 0.9926 0.0712
vn 0.6047 -0.7799 0.1619
vn -0.8590 -0.4481 0.2475
vn 0.8275 -0.5260 -0.1963
vn 0.9532 0.1668 0.2522
vn 0.7880 -0.5842 -0.1944
vn -0.3258 0.9289 -0.1759
vn 0.6778 -0.7267 0.1123
vn -0.7634 -0.6218 0.1747
vn 0.9395 -0.2883 0.1849
vn -0.8903 -0.4518 0.0568
vn 0.9643 0.1862 -0.1883
vn -0.9932 0.1161 0.0088
vn -0.9066 0.4053 -0.1173
vn 0.9475 -0.3156 0.0511
vn 0.9266 -0.3698 -0.0683
vn -0.9775 -0.0798 0.1955
vn 0.9212 -0.2039 0.3314
vn -0.9636 -0.2104 0.1650
vn -0.9586 0.2474 -0.1412
vn -0.9944 -0.1037 -0.0223
vn 0.9842 -0.1728 -0.0376
vn -0.9907 0.0624 0.1208
vn -0.9879 0.1466 0.0511
vn 0.9602 0.2259 0.1641
vn 0.7799 0.5218 0.3456
vn -0.1910 0.8565 0.4796
vn 0.9638 -0.0785 0.2547
vn 0.0906 0.9935 -0.0695
vn 0.1800 0.9804 -0.0800
vn -0.5158 -0.8482 0.1206
vn -0.5960 -0.6832 0.4219
vn 0.6482 -0.7496 0.1337
vn 0.6168 -0.7871 0.0120
vn 0.8148 -0.5484 -0.1881
vn 0.9335 -0.3092 0.1816
vn 0.7505 -0.6508 0.1145
vn -0.9006 -0.4168 0.1232
vn 0.8050 -0.5933 -0.0009
vn 0.8126 0.5573 -0.1707
vn 0.9960 0.0071 -0.0887
vn 0.9703 -0.2065 0.1261
vn 0.8644 -0.4854 0.1307
vn -0.9162 -0.3903 0.0913
vn 0.9016 -0.4277 -0.0653
vn 0.9537 0.2558 -0.1580
vn -0.9617 0.2304 -0.1483
vn 0.9692 0.2111 0.1270
vn -0.0464 0.8451 0.5326
vn 0.6959 0.6636 0.2745
vn 0.0323 0.9932 -0.1115
vn -0.0780 0.9954 0.0548
vn 0.0257 0.9989 0.0386
vn 0.9491 -0.1069 0.2963
vn 0.4427 -0.8676 -0.2265
vn 0.0509 0.1070 0.9930
vn 0.7840 -0.5887 0.1969
vn -0.8285 -0.5206 0.2063
vn 0.9320 -0.2943 0.2114
vn 0.7560 -0.6534 0.0394
vn -0.8476 0.5229 -0.0899
vn 0.8503 0.5026 -0.1562
vn 0.9058 -0.1034 0.4109
vn 0.9919 -0.0265 0.1245
vn 0.9755 0.1862 0.1175
vn -0.3911 0.7571 0.5233
vn -0.0085 -1.0000 0.0052
vn -0.9186 -0.2723 0.2863
vn 0.3637 0.9199 -0.1466
vn -0.7200 -0.6704 0.1793
vn -0.6159 -0.7654 0.1864
vn -0.4171 -0.9083 -0.0328
vn -0.5605 -0.8228 0.0941
vn -0.6632 -0.7481 -0.0238
vn -0.7888 -0.5997 0.1348
vn 0.6594 -0.7268 0.1924
vn 0.6278 0.7682 -0.1252
vn 0.7374 -0.6748 -0.0290
vn -0.8247 0.5341 -0.1861
vn 0.8949 -0.3618 0.2612
vn 0.5909 -0.8016 0.0907
vn 0.9860 -0.1625 -0.0378
vn 0.9905 0.1310 -0.0425
vn -0.9066 -0.4123 0.0903
vn 0.9178 -0.3970 0.0104
vn 0.9748 0.0810 0.2078
vn -0.5219 0.7564 0.3943
vn 0.5615 0.6795 0.4722
vn -0.0726 0.8474 0.5259
vn -0.8478 0.2325 0.4766
vn 0.0100 -0.9999 -0.0020
vn 0.0102 -0.9999 -0.0024
vn -0.9251 0.3343 0.1800
vn 0.9270 0.1470 0.3450
vn -0.6839 -0.7192 -0.1225
vn -0.5083 0.8481 -0.1493
vn -0.7770 -0.6139 0.1391
vn -0.9924 -0.1233 0.0067
vn 0.8758 -0.1827 0.4467
vn 0.9266 0.3403 -0.1602
vn 0.8237 -0.5095 -0.2490
vn -0.9761 -0.2021 0.0805
vn 0.9508 -0.2958 0.0919
vn 0.9852 0.0242 0.1696
vn -0.8573 -0.4827 -0.1792
vn -0.7032 -0.5903 0.3964
vn 0.0682 0.9934 -0.0917
vn -0.1091 -0.9933 -0.0392
vn -0.8254 0.5212 0.2169
vn 0.0088 0.9975 -0.0702
vn -0.7229 -0.6845 0.0940
vn -0.3813 -0.8071 0.4508
vn 0.5404 -0.7403 0.3999
vn 0.8133 -0.5479 0.1957
vn -0.7643 -0.5726 0.2967
vn 0.8941 0.4094 -0.1816
vn 0.8672 -0.3644 0.3395
vn 0.8199 -0.2421 0.5188
vn 0.9841 -0.0881 0.1540
vn 0.9823 -0.1245 0.1397
vn 0.9612 -0.2752 0.0176
vn -0.9564 0.2832 -0.0716
vn -0.0007 -1.0000 0.0017
vn 0.2790 -0.9555 0.0953
vn -0.3599 0.9242 -0.1275
vn -0.4246 -0.9037 -0.0553
vn -0.4058 0.9022 -0.1462
vn 0.3660 -0.9195 0.1432
vn -0.7821 -0.6211 0.0506
vn 0.6547 -0.7132 0.2504
vn -0.5814 0.8045 -0.1214
vn 0.6304 0.7592 -0.1622
vn -0.8207 -0.5208 0.2349
vn -0.8725 0.4634 -0.1551
vn -0.8544 -0.4771 0.2058
vn 0.8418 0.5128 -0.1682
vn 0.8638 -0.4848 0.1372
vn 0.9834 -0.1809 0.0116
vn -0.9612 0.2343 -0.1458
vn 0.8513 0.4593 0.2536
vn 0.0002 -1.0000 0.0012
vn 0.6121 -0.6921 0.3825
vn -0.7782 -0.4789 0.4063
vn -0.2683 0.9470 0.1764
vn -0.8538 -0.4645 0.2351
vn 0.7554 -0.5745 -0.3152
vn 0.5553 -0.7905 -0.2583
vn 0.8219 0.4357 0.3669
vn -0.6757 -0.7077 0.2063
vn -0.2130 0.9652 -0.1520
vn 0.3457 0.9241 -0.1632
vn 0.5972 -0.7862 0.1591
vn 0.6138 -0.7238 0.3151
vn 0.8031 -0.5691 0.1766
vn 0.7950 -0.5741 0.1963
vn -0.7684 -0.4890 0.4128
vn 0.9841 0.1604 0.0764
vn -0.8990 0.3962 -0.1864
vn -0.9840 -0.1614 0.0759
vn -0.9846 0.1007 -0.1429
vn 0.9899 -0.0874 0.1115
vn -0.2239 0.8494 0.4780
vn 0.1113 0.8553 0.5061
vn 0.5809 0.6668 0.4668
vn 0.7813 -0.4405 0.4422
vn 0.8724 -0.0010 0.4887
vn 0.8735 0.0040 0.4868
vn -0.9376 0.1937 0.2888
vn -0.6241 -0.7137 0.3182
vn 0.6368 -0.7684 0.0633
vn 0.8066 -0.4295 0.4060
vn 0.4004 -0.7033 0.5874
vn -0.7565 -0.5460 0.3600
vn 0.9607 0.2002 -0.1923
vn 0.8911 -0.4475 0.0752
vn -0.9295 -0.3188 0.1854
vn -0.9464 -0.2204 0.2360
vn -0.9356 -0.3137 0.1618
vn -0.3516 0.8380 0.4174
vn -0.0423 0.8443 0.5342
vn 0.0014 0.9998 0.0216
vn 0.8082 -0.4436 0.3873
vn -0.6897 0.6799 0.2490
vn -0.8976 0.2489 0.3637
vn 0.4123 -0.9028 0.1224
vn 0.0674 0.9942 -0.0841
vn 0.4912 -0.8630 0.1178
vn 0.5835 -0.7995 0.1427
vn 0.6727 -0.7390 -0.0357
vn 0.6800 -0.6668 0.3050
vn -0.5254 -0.4835 0.7001
vn 0.6415 -0.7453 0.1817
vn 0.7426 -0.6697 0.0027
vn 0.9147 -0.4036 0.0205
vn -0.9284 0.3200 -0.1886
vn -0.9343 0.2888 -0.2090
vn -0.9483 -0.3166 0.0241
vn -0.4977 0.7676 0.4038
vn 0.7174 0.5683 0.4030
vn -0.3436 0.8863 0.3106
vn 0.2452 0.9575 0.1520
vn -0.6981 -0.6502 -0.2998
vn 0.8070 0.4773 0.3477
vn 0.7706 0.5441 0.3319
vn 0.8673 -0.2441 0.4339
vn -0.8928 -0.2127 0.3972
vn 0.1666 0.9774 -0.1304
vn 0.5339 0.8359 -0.1275
vn -0.9318 -0.3584 -0.0569
vn -0.8051 -0.5914 0.0463
vn 0.8940 -0.3476 0.2827
vn -0.9446 -0.3136 -0.0971
vn 0.9068 -0.3278 0.2651
vn -0.9620 0.2406 -0.1295
vn -0.8626 -0.4121 0.2935
vn 0.8654 -0.4789 0.1475
vn 0.8120 -0.5515 0.1910
vn 0.9040 -0.3820 0.1919
vn 0.9407 -0.3344 0.0567
vn 0.9844 -0.1146 0.1336
vn 0.9924 0.0806 0.0934
vn 0.0450 -0.9986 0.0278
vn -0.3505 0.8967 0.2704
vn -0.0658 -0.9969 -0.0423
vn 0.0164 -0.9999 0.0032
vn 0.1561 0.9785 -0.1351
vn -0.3108 0.9388 -0.1487
vn 0.4843 -0.8672 0.1157
vn -0.4615 -0.8813 0.1020
vn 0.0344 -0.9983 0.0469
vn 0.4744 -0.8785 0.0565
vn -0.6356 0.7553 -0.1597
vn -0.3916 -0.8030 0.4492
vn -0.8093 0.5350 -0.2423
vn 0.8269 -0.5403 0.1560
vn 0.7855 0.5846 -0.2030
vn 0.7496 -0.6220 0.2263
vn -0.9159 -0.3721 0.1505
vn 0.7305 -0.6829 -0.0035
vn 0.9608 -0.0776 0.2663
vn -0.9811 0.0504 0.1869
vn -0.9713 -0.2129 0.1062
vn -0.8855 -0.4277 0.1816
vn 0.9726 -0.2260 -0.0547
vn -0.9425 0.2714 -0.1951
vn -0.9680 -0.1332 0.2127
vn -0.9805 0.1267 0.1505
vn -0.7668 0.2919 0.5717
vn 0.8049 -0.4323 0.4065
vn 0.8077 0.3554 0.4704
vn 0.9178 0.1335 0.3738
vn 0.9082 0.1557 0.3885
vn 0.4507 -0.8818 0.1387
vn 0.6630 -0.7002 0.2649
vn 0.7043 -0.6645 0.2497
vn 0.7513 -0.5405 0.3787
vn 0.5731 0.8105 -0.1211
vn 0.7970 -0.5798 0.1690
vn -0.8035 -0.5938 0.0422
vn 0.7534 -0.5946 0.2809
vn 0.7834 -0.6134 0.1005
vn -0.8803 -0.4492 0.1528
vn 0.9478 -0.3188 0.0037
vn -0.8828 -0.4612 0.0891
vn 0.0405 -0.9989 0.0250
vn -0.2074 0.9543 0.2154
vn 0.8974 -0.2255 -0.3792
vn 0.7463 -0.5820 0.3230
vn 0.8301 -0.0019 0.5576
vn -0.4005 0.9041 -0.1490
vn -0.6766 -0.7221 0.1444
vn 0.4953 -0.8344 0.2418
vn -0.4976 0.8499 -0.1733
vn 0.6770 -0.7240 0.1321
vn 0.3363 -0.7645 0.5499
vn -0.8160 -0.5757 -0.0516
vn -0.6546 0.7394 -0.1577
vn 0.7196 -0.6444 0.2588
vn 0.8369 -0.4573 0.3009
vn 0.7476 -0.4795 -0.4595
vn 0.8296 -0.4456 -0.3364
vn 0.6470 -0.7109 0.2757
vn -0.7445 0.6407 -0.1877
vn -0.2609 -0.9582 -0.1178
vn -0.8590 -0.4800 0.1780
vn 0.9546 -0.2441 0.1707
vn 0.9679 -0.2400 0.0744
vn 0.9805 -0.0067 0.1965
vn 0.4032 0.8416 0.3592
vn -0.1600 -0.9766 0.1436
vn -0.7744 0.0023 0.6327
vn 0.6038 0.7000 0.3814
vn 0.1413 0.9769 0.1606
vn 0.0974 0.9865 0.1318
vn -0.2645 -0.9580 0.1106
vn -0.6279 -0.7199 -0.2957
vn 0.7515 0.5714 0.3299
vn -0.9235 -0.0180 0.3833
vn -0.4018 -0.9036 0.1486
vn -0.7160 -0.6668 0.2065
vn -0.6915 -0.6928 0.2046
vn 0.8127 -0.5725 0.1088
vn -0.8343 -0.4944 0.2439
vn 0.7020 -0.6175 0.3548
vn -0.8005 -0.5598 0.2139
vn -0.7247 -0.5202 0.4519
vn 0.8942 -0.2755 -0.3527
vn 0.9245 -0.2863 0.2517
vn -0.9597 0.2037 -0.1935
vn 0.9075 -0.3192 0.2730
vn -0.8603 -0.5063 0.0596
vn 0.9836 -0.0410 0.1754
vn -0.8586 0.4800 -0.1799
vn 0.9437 0.1029 0.3144
vn 0.8541 -0.3758 0.3595
vn -0.9403 -0.3111 0.1379
vn -0.9292 -0.3180 0.1883
vn -0.7932 0.5122 0.3294
vn -0.6441 0.6595 0.3876
vn -0.6948 -0.4713 0.5433
vn -0.1122 -0.9920 0.0572
vn -0.0403 -0.9983 0.0413
vn 0.9032 -0.0986 -0.4178
vn -0.9137 0.2325 0.3335
vn 0.8953 -0.0155 0.4452
vn 0.7681 -0.5408 0.3429
vn 0.4109 0.8990 -0.1516
vn -0.4835 0.8577 -0.1750
vn 0.6698 -0.7252 0.1594
vn -0.6736 0.7118 -0.1991
vn 0.5509 -0.8184 -0.1635
vn 0.8971 -0.4141 0.1542
vn 0.9757 -0.2184 -0.0188
vn 0.9140 -0.3844 0.1294
vn 0.9236 -0.3719 0.0927
vn -0.9830 -0.0820 0.1642
vn 0.9767 -0.0797 0.1993
vn -0.9857 -0.0013 0.1687
vn -0.9422 0.2839 -0.1782
vn 0.0906 0.9200 0.3813
vn -0.1799 0.8725 0.4544
vn -0.7051 -0.6630 0.2516
vn 0.0120 -0.9999 0.0028
vn -0.8221 0.3671 0.4352
vn -0.9228 -0.0145 0.3851
vn -0.3890 -0.9080 0.1557
vn -0.1917 0.9624 -0.1927
vn 0.4944 -0.8532 0.1662
vn -0.3958 0.9039 -0.1620
vn -0.7793 -0.5196 0.3503
vn -0.9148 -0.3717 0.1582
vn -0.7974 0.5716 -0.1934
vn -0.9655 0.1597 -0.2056
vn -0.9011 0.3859 -0.1980
vn -0.9220 0.3299 -0.2025
vn 0.9398 -0.2731 0.2055
vn -0.9386 -0.2807 0.2006
vn -0.9606 -0.1790 0.2125
vn -0.6296 -0.5867 0.5093
vn 0.1549 0.9721 0.1760
vn -0.6342 -0.7297 0.2557
vn -0.2959 -0.9433 0.1505
vn -0.5068 -0.8367 0.2078
vn 0.4182 0.8918 -0.1727
vn 0.4924 0.8466 -0.2020
vn 0.2250 -0.8551 0.4671
vn -0.6862 -0.7018 0.1914
vn 0.8125 -0.5725 0.1100
vn -0.5057 -0.6618 0.5535
vn 0.8350 -0.4376 0.3335
vn 0.7577 -0.5617 0.3321
vn -0.9526 -0.1832 0.2429
vn 0.9866 -0.1625 -0.0162
vn 0.9867 -0.1618 -0.0162
vn 0.9437 -0.3305 -0.0150
vn 0.8163 0.5397 -0.2061
vn 0.9579 -0.2730 0.0892
vn 0.9134 0.2885 0.2870
vn -0.0004 -1.0000 0.0014
vn 0.7041 0.4997 0.5046
vn -0.5131 -0.8303 0.2176
vn -0.7333 0.5692 0.3720
vn 0.0002 -1.0000 -0.0027
vn -0.7036 -0.6182 0.3503
vn -0.5681 0.7869 -0.2411
vn 0.6977 -0.6377 0.3264
vn -0.7035 -0.6883 0.1769
vn -0.8166 -0.5115 0.2676
vn 0.7886 0.5823 -0.1975
vn -0.6913 -0.5805 0.4302
vn -0.8804 -0.3201 0.3499
vn 0.8389 -0.4567 0.2960
vn 0.8480 -0.4520 0.2767
vn 0.9661 -0.2058 0.1560
vn 0.9492 0.2545 -0.1851
vn -0.9462 0.2535 -0.2010
vn -0.9401 0.2362 0.2459
vn 0.5368 0.7263 0.4294
vn -0.8155 0.5758 0.0578
vn 0.0298 0.9215 0.3873
vn -0.1407 -0.9809 0.1340
vn 0.8238 0.1083 0.5564
vn 0.1871 0.9655 0.1810
vn -0.8878 -0.2057 0.4117
vn 0.8505 0.1033 0.5157
vn -0.0016 0.9935 -0.1139
vn 0.0699 0.9865 -0.1484
vn 0.1329 0.9735 -0.1861
vn 0.6745 -0.7026 0.2266
vn 0.8067 -0.4547 0.3775
vn 0.8396 -0.5378 0.0762
vn 0.7229 -0.5453 0.4243
vn 0.6417 -0.6056 0.4706
vn 0.6391 -0.6972 0.3246
vn 0.8651 -0.4812 0.1416
vn 0.8648 0.4409 -0.2403
vn 0.9934 -0.1134 0.0190
vn 0.9394 0.1656 0.3001
vn 0.9831 0.0837 -0.1626
vn 0.9427 0.3035 -0.1388
vn 0.7160 -0.4732 0.5133
vn 0.8128 0.2238 -0.5379
vn 0.0026 -0.9999 -0.0126
vn -0.0786 0.9879 -0.1340
vn 0.7115 -0.6473 0.2734
vn 0.6968 -0.6651 0.2685
vn 0.7296 -0.6679 0.1470
vn -0.5235 0.8227 -0.2217
vn -0.8127 -0.5491 0.1948
vn 0.7391 -0.6400 0.2102
vn 0.8022 -0.4634 0.3764
vn -0.9092 -0.3827 0.1639
vn -0.7232 -0.5793 0.3760
vn 0.7675 -0.5535 0.3234
vn -0.8012 -0.4451 0.3999
vn -0.7822 -0.3079 0.5416
vn -0.8558 0.4838 -0.1832
vn 0.8790 -0.2814 0.3849
vn -0.8567 -0.4364 0.2751
vn 0.9289 0.3035 -0.2123
vn 0.9344 0.2879 -0.2099
vn 0.9842 -0.0448 0.1714
vn 0.7548 -0.5593 0.3426
vn -0.0647 0.9884 -0.1377
vn 0.4473 -0.8848 0.1308
vn -0.4850 -0.8575 0.1718
vn 0.4937 0.8444 -0.2082
vn 0.8267 -0.5493 0.1218
vn 0.6555 -0.7552 -0.0015
vn 0.7326 0.5951 -0.3303
vn 0.9849 -0.1716 0.0237
vn -0.9573 0.1300 0.2582
vn 0.5331 0.8125 0.2358
vn 0.7518 -0.3242 0.5742
vn 0.7296 -0.5186 -0.4457
vn -0.6410 -0.6028 -0.4750
vn -0.6180 -0.6300 -0.4703
vn 0.7089 0.3574 0.6081
vn 0.3062 -0.9418 0.1384
vn 0.0469 0.9852 -0.1650
vn -0.1029 0.9819 -0.1590
vn 0.3919 0.8870 -0.2440
vn 0.7101 -0.6805 0.1806
vn -0.7039 -0.6742 0.2236
vn -0.8433 -0.5351 0.0508
vn 0.4905 -0.8301 0.2653
vn -0.8138 0.4962 -0.3026
vn -0.8465 -0.4321 0.3111
vn 0.8834 -0.2162 0.4159
vn 0.8810 -0.3339 0.3352
vn -0.9482 0.0385 0.3153
vn -0.9140 0.3165 -0.2537
vn 0.9270 0.2455 0.2835
vn 0.7407 0.6690 0.0623
vn -0.2436 0.9189 0.3103
vn 0.0058 0.9929 0.1192
vn -0.5040 -0.8392 0.2042
vn -0.8052 -0.0218 0.5926
vn -0.4146 -0.8692 -0.2693
vn 0.1403 0.9687 -0.2045
vn 0.1046 -0.6422 0.7594
vn 0.3134 -0.8274 0.4661
vn 0.2143 -0.8633 0.4570
vn -0.7999 -0.6001 0.0035
vn -0.8900 -0.4151 0.1888
vn 0.6196 0.7578 -0.2046
vn 0.8142 0.5270 -0.2436
vn -0.8849 -0.4163 0.2087
vn 0.7791 -0.4335 0.4529
vn -0.9176 0.2952 -0.2663
vn 0.9530 -0.2340 0.1923
vn 0.7926 -0.0854 0.6037
vn -0.6782 0.3041 0.6690
vn 0.6246 0.5816 0.5212
vn -0.0845 -0.9957 0.0390
vn -0.0547 -0.5783 -0.8140
vn 0.6469 -0.5989 -0.4722
vn -0.0010 -1.0000 -0.0002
vn 0.6700 0.5873 0.4540
vn 0.8541 -0.0703 0.5153
vn -0.8466 -0.3971 0.3543
vn -0.7398 -0.6709 -0.0510
vn 0.5849 0.7815 -0.2173
vn 0.5129 -0.8217 0.2486
vn 0.6066 0.7658 -0.2138
vn -0.6624 -0.7059 0.2510
vn 0.7842 -0.3982 0.4759
vn 0.5786 -0.1308 0.8051
vn -0.8797 -0.3599 0.3108
vn 0.9533 -0.3020 0.0003
vn 0.8491 0.4708 -0.2395
vn -0.8376 -0.4605 0.2938
vn -0.9445 -0.2074 0.2549
vn -0.9236 0.2828 -0.2588
vn 0.9541 0.2268 -0.1953
vn -0.8690 0.4940 0.0278
vn -0.0743 0.9794 0.1877
vn -0.0652 -0.9968 -0.0453
vn 0.0086 -0.9999 -0.0090
vn -0.8179 0.3443 0.4610
vn -0.8176 0.1046 0.5662
vn 0.5476 0.6531 -0.5230
vn 0.5707 -0.7820 0.2507
vn -0.2950 0.9311 -0.2145
vn -0.6150 -0.6624 0.4278
vn 0.4589 -0.8564 -0.2365
vn -0.4633 -0.8134 0.3517
vn 0.5805 0.7829 -0.2238
vn -0.6385 -0.5719 0.5151
vn 0.6851 -0.6777 0.2672
vn 0.8519 -0.4714 0.2283
vn -0.7540 0.6241 -0.2051
vn -0.9349 -0.3495 0.0627
vn 0.8724 -0.4666 0.1459
vn 0.9581 -0.0270 0.2851
vn 0.9443 -0.1133 0.3089
vn 0.9401 -0.2304 0.2511
vn -0.5253 -0.6524 0.5464
vn 0.0160 0.9901 0.1394
vn -0.0172 -0.9994 -0.0293
vn -0.8198 -0.1178 0.5604
vn -0.6970 0.5380 0.4741
vn 0.0157 -0.9995 0.0282
vn 0.0117 -0.9997 0.0209
vn 0.8186 0.1537 0.5534
vn -0.5494 -0.7944 0.2590
vn 0.3073 0.9184 -0.2492
vn 0.6878 -0.7214 0.0811
vn 0.3610 -0.8513 0.3807
vn 0.7040 -0.6871 0.1796
vn 0.8357 -0.5044 0.2173
vn 0.5611 -0.8104 0.1684
vn 0.9664 -0.2267 0.1215
vn 0.9968 -0.0591 0.0547
vn 0.7822 -0.4844 0.3919
vn -0.8018 -0.5665 0.1904
vn 0.9272 0.2513 -0.2777
vn 0.9169 -0.3776 0.1295
vn 0.9044 -0.3076 0.2956
vn 0.8766 0.3966 -0.2725
vn 0.9307 -0.2104 0.2993
vn 0.8374 -0.5221 0.1620
vn -0.9311 0.2959 -0.2131
vn 0.1099 0.9310 0.3481
vn -0.0335 -0.9984 0.0450
vn -0.5611 -0.5722 0.5981
vn -0.8014 0.1957 0.5653
vn 0.8418 0.1063 0.5292
vn 0.0046 -0.9999 -0.0108
vn -0.3223 0.9192 -0.2264
vn -0.2466 -0.9649 0.0905
vn -0.4965 -0.7438 0.4475
vn -0.6467 0.7162 -0.2625
vn 0.9363 -0.0073 -0.3511
vn 0.6417 -0.6054 0.4708
vn 0.7399 -0.5376 0.4044
vn 0.7794 -0.6184 0.1004
vn 0.9120 0.3143 -0.2636
vn 0.0459 -0.9984 0.0319
vn -0.6592 0.2706 0.7016
vn 0.1398 0.9649 0.2221
vn 0.4866 -0.8214 0.2975
vn 0.8068 -0.2223 0.5473
vn 0.2661 0.9274 -0.2630
vn 0.4701 -0.8637 0.1818
vn -0.7524 -0.5998 0.2722
vn -0.6609 -0.6275 0.4116
vn 0.7430 -0.6540 0.1424
vn -0.7369 -0.5622 0.3754
vn -0.8024 -0.4983 0.3283
vn 0.7628 -0.5985 0.2449
vn -0.7520 0.6265 -0.2050
vn 0.7860 -0.1928 0.5874
vn 0.8325 0.4930 -0.2530
vn -0.8785 0.3953 -0.2682
vn -0.9142 0.2959 -0.2768
vn -0.9456 0.1901 -0.2638
vn 0.0886 0.9213 0.3786
vn 0.7265 0.1439 0.6720
vn 0.4552 0.7803 0.4289
vn -0.0941 0.9783 0.1844
vn 0.2527 -0.9506 0.1803
vn 0.3652 -0.8815 -0.2992
vn -0.8492 0.0367 0.5268
vn -0.8515 -0.1512 0.5020
vn -0.3859 -0.9040 0.1840
vn 0.0450 0.9817 -0.1851
vn 0.6300 -0.7625 -0.1473
vn 0.1025 -0.9194 -0.3798
vn -0.6723 -0.6890 0.2707
vn 0.8317 -0.3590 0.4235
vn 0.9637 -0.1729 0.2036
vn 0.9731 -0.2057 0.1034
vn 0.8716 -0.4805 0.0971
vn -0.8975 -0.3800 0.2236
vn -0.9057 0.3290 -0.2673
vn -0.9299 -0.2168 0.2971
vn 0.5922 0.7051 0.3902
vn 0.5793 -0.6017 0.5499
vn -0.2442 0.9195 0.3080
vn 0.7814 -0.2364 0.5775
vn -0.5880 -0.6457 -0.4871
vn -0.0191 -0.9969 0.0763
vn -0.6726 -0.4715 0.5703
vn -0.5612 -0.6952 0.4492
vn 0.1571 0.9296 -0.3334
vn -0.2465 0.9345 -0.2569
vn 0.3219 0.9092 -0.2641
vn 0.4276 0.8580 -0.2846
vn -0.0616 -0.9765 0.2067
vn -0.8178 -0.4709 0.3308
vn 0.7494 -0.3991 0.5283
vn 0.7782 -0.5966 0.1959
vn 0.8488 -0.4502 0.2772
vn -0.9483 0.1691 -0.2686
vn 0.9239 0.1818 -0.3367
vn 0.7450 -0.6252 0.2328
vn -0.9445 -0.3278 0.0206
vn -0.8998 0.3613 -0.2445
vn -0.9253 0.2613 -0.2747
vn 0.9590 -0.0306 0.2816
vn -0.7311 0.5253 0.4354
vn -0.2856 0.8929 0.3481
vn -0.6096 0.4006 0.6841
vn -0.2190 0.9450 0.2430
vn -0.4933 -0.7844 0.3760
vn -0.6132 0.5229 0.5921
vn 0.7071 0.3576 0.6100
vn -0.7663 0.0773 0.6379
vn 0.8021 0.1207 0.5849
vn 0.5574 -0.8018 0.2154
vn 0.6727 -0.6699 0.3141
vn 0.4792 0.8422 -0.2473
vn 0.6848 -0.6976 0.2107
vn 0.6889 -0.6278 0.3624
vn -0.7363 -0.5624 0.3762
vn 0.7313 -0.6453 0.2211
vn 0.7519 0.5869 -0.3004
vn 0.9498 0.1554 0.2715
vn 0.7527 -0.5728 0.3244
vn 0.7535 -0.5710 0.3258
vn -0.8067 0.5298 -0.2619
vn -0.8698 0.4079 -0.2775
vn 0.9120 -0.3371 0.2336
vn 0.9253 -0.3067 0.2231
vn 0.0998 0.9594 0.2639
vn -0.7125 -0.4416 0.5453
vn 0.3170 -0.9283 0.1943
vn 0.4114 -0.8834 0.2245
vn -0.0404 0.9308 -0.3633
vn 0.5143 -0.8204 0.2498
vn -0.6074 -0.7335 0.3048
vn -0.6561 -0.7251 0.2090
vn -0.7395 -0.6459 0.1897
vn 0.6527 -0.6280 0.4238
vn -0.5845 0.7581 -0.2893
vn 0.7955 -0.2334 0.5591
vn -0.8260 -0.4932 0.2729
vn -0.6947 0.6675 -0.2681
vn -0.7925 -0.5580 0.2460
vn -0.8646 0.4364 -0.2490
vn -0.8696 -0.4797 0.1168
vn -0.9260 0.2604 -0.2732
vn -0.9006 0.3700 -0.2281
vn -0.6549 0.7556 0.0142
vn 0.5833 -0.4286 0.6899
vn 0.0302 0.9747 0.2214
vn -0.0363 -0.9989 -0.0282
vn -0.3843 -0.8712 -0.3055
vn -0.3972 -0.8599 -0.3205
vn 0.6057 0.6117 0.5090
vn -0.8073 0.2704 0.5246
vn 0.6775 0.3050 0.6693
vn 0.5319 -0.7336 0.4230
vn 0.1405 0.9262 -0.3497
vn -0.2330 0.9375 -0.2585
vn 0.5815 -0.7729 0.2538
vn -0.6110 -0.7532 0.2434
vn -0.7634 -0.5247 -0.3767
vn 0.7538 -0.6269 0.1971
vn 0.8589 -0.3837 0.3393
vn -0.8700 -0.4026 0.2845
vn -0.9073 0.3100 -0.2841
vn -0.9128 0.2854 -0.2923
vn 0.9465 -0.2160 0.2399
vn -0.7630 0.6456 -0.0309
vn 0.8166 0.5674 -0.1062
vn 0.6422 0.0565 0.7644
vn 0.6471 -0.3401 -0.6823
vn 0.7428 -0.2464 0.6226
vn 0.0303 -0.9993 0.0206
vn -0.2355 -0.9543 -0.1839
vn 0.5425 -0.7158 0.4397
vn -0.4111 0.8715 -0.2675
vn -0.6654 -0.7085 -0.2351
vn -0.7098 -0.6334 0.3081
vn 0.8146 -0.5511 0.1812
vn -0.7751 -0.6247 -0.0949
vn -0.9228 -0.2297 0.3093
vn 0.9507 -0.0781 0.3000
vn 0.0077 0.9255 0.3787
vn -0.5920 0.4082 0.6949
vn -0.1843 -0.9612 0.2051
vn -0.6330 -0.6129 -0.4729
vn 0.0409 -0.9988 0.0259
vn 0.0281 -0.9994 0.0177
vn 0.6189 0.5983 0.5090
vn -0.7936 -0.0023 0.6084
vn 0.5658 -0.8005 0.1976
vn -0.6046 -0.7594 0.2405
vn 0.4085 -0.8789 0.2464
vn 0.6537 -0.6775 0.3373
vn 0.5659 0.7802 -0.2665
vn 0.7810 -0.6213 0.0636
vn -0.7316 0.6324 -0.2547
vn 0.8065 -0.4182 0.4180
vn 0.7500 0.6044 -0.2687
vn 0.8745 -0.4726 0.1091
vn 0.9360 -0.1896 0.2966
vn 0.9207 0.1524 0.3594
vn 0.8408 0.3876 0.3779
vn 0.1563 0.9292 0.3348
vn 0.1411 0.9396 0.3119
vn 0.5597 0.2477 0.7908
vn 0.4498 0.5336 0.7162
vn 0.5302 0.3727 0.7615
vn -0.5867 -0.6607 -0.4682
vn -0.7399 -0.1773 0.6490
vn 0.3790 -0.8979 0.2240
vn 0.4749 -0.8390 0.2657
vn 0.2393 0.9185 -0.3149
vn -0.5927 -0.7736 0.2240
vn 0.6012 -0.7061 0.3741
vn -0.7065 -0.7074 0.0190
vn 0.7564 -0.6533 0.0306
vn -0.5894 0.7529 -0.2929
vn -0.8789 -0.4670 0.0972
vn -0.7586 -0.5673 0.3205
vn -0.9846 -0.0409 0.1698
vn -0.9510 0.0502 -0.3050
vn 0.9399 -0.1618 0.3008
vn 0.8584 -0.4913 0.1478
vn 0.9056 0.2888 -0.3107
vn 0.9274 0.2445 -0.2832
vn -0.8589 0.4792 -0.1804
vn 0.2035 -0.9372 0.2832
vn 0.4582 -0.6201 0.6368
vn 0.2344 -0.9119 -0.3370
vn -0.2077 -0.9625 -0.1744
vn 0.7434 -0.2373 0.6254
vn 0.6227 -0.4697 0.6258
vn -0.5304 -0.7846 0.3211
vn -0.3289 0.9089 -0.2564
vn 0.5252 0.7896 -0.3172
vn 0.9049 -0.2988 0.3032
vn 0.8866 -0.4504 0.1048
vn -0.8798 -0.4025 0.2527
vn -0.9411 -0.2874 0.1782
vn -0.9358 -0.1275 0.3285
vn 0.9068 0.3017 -0.2944
vn 0.6804 0.6115 0.4040
vn 0.7079 0.6974 -0.1121
vn -0.3957 0.8293 0.3945
vn 0.1265 -0.9894 -0.0715
vn -0.1625 -0.9815 0.1014
vn -0.7436 0.0976 0.6615
vn -0.6575 0.4287 0.6196
vn -0.6644 0.0122 0.7473
vn 0.7549 -0.0026 0.6559
vn -0.4795 -0.8771 0.0271
vn -0.4028 0.8641 -0.3017
vn -0.7007 -0.6702 0.2446
vn 0.7549 -0.5220 0.3971
vn -0.7783 -0.5842 0.2301
vn 0.9144 0.1722 0.3664
vn 0.8019 -0.5786 0.1490
vn 0.8993 -0.3179 0.3004
vn -0.8919 -0.3591 0.2748
vn -0.9137 0.2861 -0.2886
vn 0.4625 -0.1432 0.8750
vn -0.2281 0.8788 0.4191
vn -0.6568 -0.4096 0.6331
vn 0.4664 -0.7762 0.4242
vn 0.5822 -0.3268 -0.7444
vn -0.0037 -1.0000 -0.0058
vn -0.6954 0.1191 0.7087
vn -0.4130 -0.8674 0.2775
vn -0.1473 0.9293 -0.3387
vn -0.3949 0.8805 -0.2622
vn -0.6342 -0.6686 0.3883
vn -0.5018 0.8091 -0.3060
vn 0.7581 -0.5930 0.2714
vn -0.7167 0.6146 -0.3297
vn -0.7541 0.5607 -0.3421
vn -0.8022 -0.5313 0.2722
vn 0.7572 -0.6130 0.2253
vn 0.8299 -0.4750 0.2927
vn 0.8336 -0.3384 0.4366
vn -0.8383 -0.4536 0.3024
vn -0.9016 0.3086 -0.3033
vn -0.9249 -0.2326 0.3008
vn 0.2135 -0.8831 0.4178
vn -0.4729 -0.5676 0.6739
vn 0.4324 -0.1472 0.8896
vn -0.0564 0.9533 0.2967
vn -0.4999 -0.7073 -0.4998
vn -0.0184 -0.9984 -0.0526
vn -0.6020 -0.3996 0.6913
vn 0.2828 -0.9343 0.2169
vn 0.6217 -0.6080 0.4937
vn 0.5338 0.7835 -0.3180
vn -0.5347 0.7809 -0.3229
vn 0.6928 -0.5671 0.4454
vn 0.6406 0.7039 -0.3070
vn 0.7551 -0.5968 0.2716
vn -0.8590 -0.4459 0.2515
vn 0.9186 -0.2314 0.3204
vn -0.8579 -0.3661 0.3606
vn 0.8463 0.4135 -0.3358
vn 0.9562 -0.0961 0.2765
vn 0.4275 0.8970 0.1122
vn -0.0403 -0.9974 0.0604
vn -0.4502 -0.6438 0.6188
vn -0.5554 0.2504 0.7930
vn -0.2334 0.8874 0.3975
vn 0.5929 -0.3458 0.7272
vn -0.5239 -0.8201 0.2302
vn -0.4856 -0.8010 0.3500
vn -0.8035 -0.5241 0.2823
vn 0.8927 0.2117 -0.3979
vn 0.8131 0.4809 -0.3279
vn -0.9133 -0.3128 0.2607
vn -0.8860 0.3286 -0.3271
vn 0.0159 -0.9961 0.0867
vn 0.2835 -0.9221 -0.2635
vn -0.4462 -0.6858 -0.5750
vn -0.4869 -0.6532 -0.5799
vn 0.7218 -0.1719 0.6705
vn -0.6634 -0.3998 0.6325
vn -0.2623 0.9044 -0.3365
vn 0.6679 -0.6784 0.3060
vn -0.5144 -0.8210 0.2476
vn 0.4221 0.8504 -0.3139
vn -0.6338 -0.6714 0.3841
vn -0.7137 -0.5796 0.3934
vn 0.6292 -0.7630 0.1480
vn -0.8632 -0.4725 0.1779
vn 0.5158 -0.6746 0.5281
vn -0.8833 -0.3830 0.2704
vn 0.8253 -0.2910 0.4840
vn -0.8646 0.3668 -0.3435
vn 0.0250 -0.9937 0.1094
vn 0.0377 -0.9897 0.1381
vn 0.4823 -0.2647 0.8351
vn 0.3045 0.5747 0.7596
vn 0.2427 0.7116 0.6593
vn -0.0336 -0.9962 -0.0801
vn -0.4135 -0.7317 -0.5418
vn 0.5458 -0.1386 -0.8264
vn 0.1530 -0.9461 0.2854
vn 0.1691 -0.9501 -0.2623
vn 0.6588 -0.0076 0.7523
vn -0.6773 -0.1216 0.7256
vn 0.2779 -0.9199 0.2767
vn -0.4225 -0.8647 0.2716
vn 0.4770 -0.8346 0.2756
vn -0.4760 -0.8498 0.2262
vn 0.8976 -0.3439 0.2758
vn -0.7607 -0.5448 0.3529
vn 0.7021 -0.5268 0.4792
vn 0.7720 -0.5389 0.3370
vn 0.8672 -0.4263 0.2575
vn -0.8131 -0.4935 0.3088
vn -0.8931 0.1785 -0.4130
vn 0.8203 -0.4107 0.3980
vn -0.8932 -0.4006 0.2041
vn -0.8301 0.4643 -0.3087
vn 0.9349 -0.0951 0.3418
vn 0.9083 -0.0557 0.4146
vn -0.0880 0.9406 0.3278
vn -0.3972 -0.2697 0.8772
vn -0.4136 0.4786 0.7746
vn 0.3509 0.3311 0.8759
vn -0.3780 0.5619 0.7358
vn -0.1053 0.9138 0.3924
vn 0.3783 -0.8181 0.4332
vn 0.4756 -0.3297 -0.8156
vn 0.3318 -0.7901 -0.5154
vn 0.0716 -0.9845 -0.1602
vn 0.5597 0.5359 0.6321
vn 0.6628 0.2926 0.6893
vn 0.5832 -0.7190 0.3781
vn -0.1573 0.9337 -0.3217
vn -0.5382 -0.7840 0.3092
vn -0.5281 -0.7930 0.3039
vn 0.3138 0.8830 -0.3490
vn 0.5769 -0.7252 0.3760
vn 0.6191 -0.6968 0.3622
vn 0.4308 -0.7703 0.4701
vn 0.7811 -0.5704 0.2540
vn 0.4687 0.8144 -0.3421
vn 0.7251 -0.5812 0.3694
vn 0.7537 -0.5215 0.4000
vn -0.7773 -0.5292 0.3403
vn 0.8741 -0.4567 0.1656
vn 0.8126 -0.5731 -0.1062
vn -0.8884 -0.4409 0.1279
vn 0.8619 -0.4849 0.1483
vn 0.2779 -0.5662 0.7761
vn -0.6519 -0.3926 0.6487
vn 0.0158 -0.9996 0.0221
vn -0.6967 -0.3253 0.6393
vn -0.5397 -0.6479 0.5376
vn 0.5599 0.5259 0.6403
vn -0.5553 0.3420 0.7581
vn -0.4727 -0.7167 0.5127
vn -0.2732 -0.9234 0.2695
vn 0.4882 -0.8225 0.2918
vn -0.6322 -0.7299 0.2599
vn 0.6878 -0.7063 0.1677
vn 0.7386 -0.6369 0.2211
vn -0.5867 0.7369 -0.3358
vn -0.6088 0.7153 -0.3431
vn 0.8661 -0.4619 0.1911
vn 0.7037 -0.6977 0.1341
vn 0.9104 -0.2120 0.3554
vn -0.8172 -0.3137 0.4834
vn 0.8972 0.1950 -0.3962
vn 0.9666 -0.2503 0.0544
vn -0.8837 -0.4496 0.1304
vn -0.8317 0.4317 -0.3491
vn -0.8980 0.3108 -0.3113
vn 0.9299 -0.2318 0.2854
vn 0.9437 -0.0016 0.3309
vn 0.6210 0.6066 0.4964
vn -0.7607 0.6281 -0.1641
vn 0.8352 0.4686 -0.2877
vn -0.0983 -0.9543 0.2821
vn -0.2892 -0.4451 0.8475
vn 0.3030 0.0226 0.9527
vn 0.0054 0.9660 0.2583
vn -0.0813 -0.9881 0.1304
vn -0.2802 -0.9029 -0.3258
vn -0.4201 -0.6490 -0.6343
vn -0.6511 0.3630 0.6666
vn -0.0154 -0.9998 -0.0130
vn 0.6137 -0.1065 0.7824
vn 0.4879 -0.7277 0.4821
vn -0.2763 -0.9200 0.2780
vn 0.3258 -0.8892 0.3211
vn -0.2775 0.9017 -0.3316
vn -0.6855 -0.4680 0.5577
vn -0.6425 -0.7012 0.3089
vn -0.4768 0.8183 -0.3210
vn -0.7098 -0.6183 0.3376
vn 0.5120 -0.6879 0.5144
vn -0.7347 0.6133 -0.2900
vn 0.8711 -0.4891 0.0444
vn 0.9292 -0.1826 0.3214
vn -0.9145 0.2704 -0.3009
vn 0.3722 0.9215 0.1111
vn 0.2353 -0.4931 0.8376
vn 0.2745 -0.4212 0.8644
vn -0.1043 0.9197 0.3785
vn 0.4805 -0.6479 0.5911
vn -0.2188 -0.8829 -0.4156
vn 0.5504 0.5026 0.6667
vn 0.5785 0.3472 0.7381
vn -0.0409 0.9299 -0.3655
vn -0.4161 -0.8569 0.3042
vn 0.3468 -0.8948 0.2810
vn -0.2839 -0.9339 0.2175
vn 0.5724 -0.7656 0.2936
vn -0.4831 -0.7969 0.3628
vn 0.4372 -0.8660 0.2427
vn 0.2987 -0.9273 0.2256
vn -0.5436 0.7507 -0.3753
vn 0.8546 -0.3256 -0.4046
vn 0.7900 -0.6126 -0.0246
vn 0.7959 0.4927 -0.3518
vn -0.9027 0.2093 -0.3759
vn -0.9215 0.0594 -0.3837
vn -0.8941 -0.3412 0.2901
vn -0.8543 0.4049 -0.3259
vn 0.8473 0.3934 -0.3568
vn 0.9121 -0.1805 0.3681
vn -0.9122 0.2741 -0.3045
vn -0.2377 0.4156 0.8779
vn 0.6005 -0.3191 0.7332
vn -0.0320 -0.9925 -0.1176
vn -0.0162 0.9362 -0.3511
vn 0.3589 0.8600 -0.3627
vn 0.8044 -0.3827 0.4545
vn 0.7592 -0.5026 0.4135
vn -0.7258 -0.5514 0.4113
vn 0.6087 0.7255 -0.3211
vn -0.7227 -0.4370 0.5354
vn -0.0000 -0.7798 0.6261
vn 0.0123 -0.8115 0.5842
vn -0.2435 -0.0626 0.9679
vn 0.1327 -0.2881 0.9484
vn -0.2239 0.2775 0.9343
vn 0.1734 0.1302 0.9762
vn 0.0331 0.8210 0.5699
vn 0.1768 0.6390 0.7486
vn -0.1651 -0.9492 0.2679
vn -0.0325 -0.9964 0.0782
vn 0.2580 -0.9085 -0.3287
vn -0.1927 -0.8904 -0.4125
vn -0.3572 -0.4688 -0.8078
vn -0.5849 0.6001 0.5457
vn 0.4532 0.6101 0.6499
vn -0.7742 0.1723 0.6091
vn 0.4229 -0.8383 0.3441
vn -0.5494 -0.7361 0.3953
vn 0.6584 -0.7112 0.2464
vn 0.7118 -0.6922 0.1193
vn -0.7813 -0.4682 0.4128
vn 0.7035 -0.6975 0.1361
vn 0.7137 -0.7003 0.0098
vn 0.8412 -0.4490 0.3012
vn 0.9152 -0.2109 0.3434
vn -0.6862 0.7248 -0.0615
vn -0.0169 -0.6899 0.7237
vn 0.1394 0.0557 0.9887
vn -0.0908 0.3984 0.9127
vn 0.0951 0.1372 0.9860
vn -0.0510 0.7039 0.7085
vn -0.0164 0.7124 0.7015
vn 0.4649 -0.3950 -0.7924
vn 0.4540 -0.3325 -0.8266
vn -0.3616 -0.5362 -0.7627
vn -0.4599 -0.6354 0.6203
vn 0.5249 -0.5323 0.6641
vn 0.2215 -0.9316 0.2881
vn 0.5859 -0.7138 0.3838
vn 0.6589 -0.3620 0.6594
vn 0.6972 -0.5785 0.4234
vn 0.8302 -0.4455 0.3351
vn 0.7981 -0.5585 0.2261
vn 0.8840 -0.4663 -0.0326
vn -0.8654 -0.4929 0.0904
vn -0.8731 -0.4790 0.0911
vn 0.9653 -0.2584 0.0366
vn -0.7469 -0.3402 0.5713
vn 0.9560 -0.2867 0.0615
vn -0.7394 -0.3289 0.5874
vn -0.8950 0.3033 -0.3270
vn -0.9217 -0.2000 0.3323
vn 0.8992 0.2928 -0.3252
vn -0.8739 0.2858 -0.3933
vn 0.9266 -0.0627 0.3708
vn -0.0206 0.1406 0.9899
vn -0.5711 -0.3486 0.7432
vn 0.2523 0.9078 -0.3349
vn -0.3609 0.8653 -0.3478
vn -0.4210 -0.7297 0.5388
vn -0.6695 -0.6676 0.3255
vn -0.7277 -0.5490 0.4111
vn 0.5947 0.7375 -0.3201
vn 0.6649 -0.7275 0.1695
vn -0.7585 0.5164 -0.3975
vn 0.8684 -0.1453 0.4740
vn -0.9842 -0.1737 0.0349
vn 0.8387 -0.4258 0.3396
vn 0.9117 -0.2331 0.3383
vn -0.9362 -0.1921 0.2944
vn -0.9034 0.2490 -0.3491
vn 0.7557 0.5113 0.4092
vn 0.4693 -0.3816 -0.7963
vn -0.1501 0.5763 0.8033
vn -0.5862 0.2624 0.7665
vn -0.3797 -0.5107 -0.7714
vn -0.5707 0.3119 0.7596
vn -0.5288 -0.0784 0.8451
vn -0.4732 -0.2175 0.8537
vn -0.2148 0.9078 -0.3603
vn 0.3112 0.8835 -0.3501
vn 0.6053 -0.7278 0.3225
vn 0.5742 -0.7113 0.4054
vn 0.4116 -0.7570 0.5076
vn 0.5788 -0.8004 0.1560
vn 0.7225 -0.6631 0.1956
vn 0.8015 -0.4891 0.3441
vn 0.6444 -0.7455 0.1701
vn -0.7971 -0.5241 0.3000
vn 0.7222 0.5748 -0.3847
vn -0.9954 0.0058 0.0960
vn 0.9056 -0.1867 0.3807
vn 0.0546 0.9760 0.2109
vn 0.1219 -0.9745 -0.1883
vn -0.0939 -0.9868 -0.1316
vn 0.5847 -0.4025 0.7043
vn 0.2708 -0.7031 -0.6575
vn -0.5023 0.5349 0.6794
vn 0.5657 0.3147 0.7622
vn -0.2781 -0.9213 0.2717
vn -0.2494 0.8975 -0.3636
vn 0.4566 -0.7375 0.4976
vn -0.4642 0.7876 -0.4051
vn 0.7491 -0.6486 0.1350
vn -0.7140 0.5942 -0.3704
vn -0.8696 -0.4323 0.2386
vn 0.7820 0.5167 -0.3486
vn 0.7615 -0.4471 0.4692
vn 0.8763 -0.3303 0.3507
vn -0.8801 -0.3854 0.2774
vn -0.9143 0.1260 0.3850
vn 0.0754 -0.9970 0.0162
vn -0.5644 0.3076 0.7661
vn -0.0082 -0.9999 -0.0108
vn -0.0030 -1.0000 0.0018
vn 0.4920 -0.0286 0.8701
vn -0.3984 -0.8389 0.3708
vn -0.1141 0.9290 -0.3522
vn 0.4819 -0.7683 0.4213
vn -0.4847 -0.7630 0.4276
vn 0.6810 -0.5126 0.5229
vn 0.5296 0.7709 -0.3538
vn 0.8248 0.2415 -0.5113
vn 0.6426 -0.5542 0.5291
vn 0.1707 -0.7147 0.6783
vn 0.8124 -0.5585 0.1673
vn -0.6915 0.6318 -0.3503
vn -0.6675 0.6463 -0.3697
vn -0.7768 0.4804 -0.4072
vn 0.9423 -0.2327 0.2407
vn -0.7917 -0.4701 0.3902
vn -0.8789 -0.4099 0.2441
vn -0.8535 0.3543 -0.3822
vn -0.9300 -0.0286 0.3665
vn -0.8275 0.3565 0.4337
vn -0.0807 0.9477 0.3088
vn -0.2792 -0.6011 -0.7489
vn 0.3102 -0.4581 -0.8330
vn 0.5199 -0.2531 0.8159
vn 0.3477 -0.6620 0.6640
vn 0.3212 -0.8939 0.3126
vn 0.6713 -0.7351 -0.0952
vn 0.6587 -0.2494 -0.7099
vn 0.5063 -0.4420 0.7405
vn 0.5108 -0.5658 0.6473
vn 0.6555 -0.5167 0.5507
vn 0.6407 -0.7569 0.1286
vn -0.7030 -0.5918 0.3944
vn 0.9668 -0.2178 0.1340
vn 0.8680 -0.3409 0.3611
vn 0.9070 -0.1504 0.3934
vn -0.8355 0.3427 0.4296
vn -0.2408 -0.8731 0.4240
vn 0.0517 -0.9986 -0.0066
vn -0.6868 -0.4512 0.5698
vn 0.3523 -0.8250 0.4419
vn 0.7513 -0.4023 0.5231
vn 0.6287 -0.7726 0.0879
vn 0.7924 -0.4889 0.3648
vn -0.8500 -0.2711 0.4516
vn -0.7395 0.5343 -0.4094
vn -0.8957 0.3754 -0.2385
vn 0.9208 -0.3324 0.2040
vn -0.5995 0.7709 -0.2153
vn -0.4077 -0.5491 0.7296
vn 0.2496 -0.4209 -0.8721
vn -0.1574 -0.4900 -0.8574
vn -0.5074 0.1440 0.8496
vn -0.4314 0.5809 0.6903
vn -0.5222 0.1656 0.8366
vn -0.3822 -0.6902 0.6145
vn -0.2436 -0.9018 0.3570
vn -0.3070 -0.8786 0.3660
vn -0.5070 -0.8229 0.2566
vn 0.5779 -0.6036 0.5493
vn -0.5974 -0.7658 0.2380
vn -0.4236 -0.5038 0.7528
vn -0.5275 -0.5240 0.6687
vn -0.5848 -0.4715 0.6601
vn -0.5553 -0.6054 0.5701
vn 0.6013 -0.5625 0.5674
vn -0.7488 -0.4663 0.4710
vn 0.8442 -0.4606 0.2741
vn 0.6411 -0.4835 0.5960
vn -0.8023 -0.5507 0.2303
vn 0.8141 -0.1435 0.5627
vn 0.8110 -0.1785 0.5571
vn 0.8022 -0.4851 0.3481
vn 0.5427 0.7203 0.4320
vn 0.5592 0.8153 -0.1501
vn 0.3321 -0.4434 -0.8325
vn 0.1678 -0.8297 -0.5325
vn -0.3498 -0.7284 0.5891
vn 0.2527 -0.4159 -0.8736
vn 0.1149 -0.7700 -0.6276
vn -0.4042 0.4387 0.8026
vn 0.4037 0.4055 0.8201
vn 0.5243 0.1232 0.8425
vn -0.1559 -0.9286 0.3367
vn 0.4658 -0.7692 0.4374
vn 0.1218 0.9162 -0.3817
vn -0.5974 -0.7756 0.2037
vn 0.5228 -0.7442 0.4157
vn -0.5186 0.7444 -0.4206
vn 0.6076 -0.3997 0.6864
vn -0.7254 -0.6263 0.2854
vn 0.9091 -0.3804 0.1699
vn 0.3917 -0.5517 0.7363
vn 0.8886 -0.3805 0.2560
vn 0.8184 -0.4495 0.3580
vn -0.8914 -0.2913 0.3472
vn -0.8629 0.3220 -0.3894
vn 0.9234 -0.0601 0.3790
vn 0.0685 -0.9947 0.0761
vn 0.2010 -0.4474 -0.8714
vn -0.1725 -0.5698 -0.8035
vn 0.0429 -0.7726 -0.6335
vn -0.0098 -0.9794 -0.2019
vn 0.6969 -0.5575 0.4511
vn -0.6736 -0.6496 0.3525
vn 0.6667 -0.7445 0.0350
vn 0.7130 -0.6200 0.3273
vn 0.7580 -0.5951 0.2670
vn -0.6795 0.5623 -0.4712
vn 0.7982 -0.4865 0.3551
vn 0.7485 -0.4445 0.4922
vn 0.8217 0.4046 -0.4013
vn 0.8932 -0.1502 0.4237
vn 0.8054 -0.4778 0.3508
vn -0.7612 0.5834 -0.2832
vn -0.3702 0.8328 0.4116
vn 0.3003 -0.8068 0.5088
vn -0.0851 -0.6712 -0.7364
vn -0.3942 -0.1825 0.9007
vn 0.4560 -0.7792 0.4301
vn 0.1023 0.9116 -0.3982
vn -0.0329 0.9115 -0.4101
vn 0.3651 -0.9005 0.2360
vn -0.2530 0.8739 -0.4150
vn -0.5123 -0.7198 0.4685
vn -0.3787 0.8330 -0.4034
vn -0.6809 -0.6461 0.3447
vn 0.4487 0.7922 -0.4135
vn 0.5940 -0.7586 0.2677
vn -0.6621 -0.6479 0.3767
vn -0.7761 -0.6176 0.1274
vn 0.3938 -0.9016 0.1792
vn -0.7289 -0.5236 0.4411
vn 0.8522 -0.4057 0.3304
vn -0.7615 -0.5094 0.4008
vn -0.8466 -0.4324 0.3104
vn 0.8491 -0.2667 0.4559
vn -0.8798 0.2601 -0.3978
vn 0.4362 0.8932 -0.1093
vn 0.0894 -0.3592 -0.9290
vn 0.0361 -0.5429 -0.8390
vn 0.4785 0.6295 0.6122
vn 0.3611 0.7090 0.6057
vn 0.3191 0.3058 0.8970
vn -0.3529 0.2744 0.8945
vn 0.3654 0.1938 0.9104
vn 0.3102 -0.2780 0.9091
vn 0.3941 -0.8446 0.3623
vn -0.6283 -0.6532 0.4226
vn 0.7019 -0.6813 0.2077
vn 0.9546 -0.2978 -0.0002
vn 0.9069 -0.3592 0.2201
vn 0.6198 -0.5937 0.5132
vn -0.9162 0.0533 -0.3971
vn 0.8428 -0.3630 0.3973
vn -0.7850 0.4266 -0.4493
vn 0.0817 -0.6641 -0.7432
vn -0.1583 -0.6346 -0.7565
vn 0.3145 -0.7336 0.6024
vn -0.4068 0.3751 0.8329
vn -0.3990 0.4445 0.8020
vn -0.3677 -0.0241 0.9296
vn -0.2828 -0.3840 0.8790
vn -0.3679 -0.3914 0.8435
vn -0.3405 -0.4554 0.8226
vn 0.3385 -0.6037 0.7218
vn 0.1760 -0.9104 0.3743
vn -0.4612 -0.7516 0.4716
vn -0.6046 -0.6422 0.4712
vn 0.7631 -0.6027 0.2334
vn -0.4841 0.7618 -0.4304
vn 0.5264 -0.4597 0.7152
vn -0.6740 -0.5458 0.4979
vn 0.9036 -0.4243 -0.0585
vn 0.6856 -0.4069 0.6036
vn -0.8547 0.2997 -0.4238
vn -0.8536 0.2360 -0.4643
vn 0.8753 -0.1758 0.4504
vn 0.8714 0.1879 0.4532
vn 0.2173 0.9748 0.0496
vn -0.0642 -0.9847 0.1622
vn 0.0306 -0.9987 0.0410
vn -0.3990 -0.5049 0.7654
vn 0.5095 0.1735 0.8428
vn 0.2175 -0.9162 0.3367
vn -0.4749 -0.7404 0.4756
vn -0.1480 0.8989 -0.4124
vn 0.6935 -0.6315 0.3468
vn -0.5383 -0.8033 0.2548
vn 0.6210 -0.6428 0.4485
vn 0.5256 0.7694 -0.3630
vn 0.5572 -0.7343 0.3877
vn 0.9044 -0.3571 0.2335
vn 0.9031 -0.4220 0.0798
vn -0.7568 0.3903 -0.5243
vn 0.7917 -0.3829 0.4760
vn -0.8469 -0.4458 0.2899
vn 0.8327 -0.3276 0.4463
vn 0.8598 0.2642 -0.4370
vn 0.0601 -0.9981 0.0127
vn 0.0786 -0.9676 -0.2400
vn 0.0702 -0.9769 0.2018
vn 0.2260 -0.8049 0.5487
vn 0.4210 -0.4228 0.8025
vn 0.5135 -0.1045 0.8517
vn 0.3131 -0.3105 0.8975
vn 0.1808 -0.9086 0.3764
vn -0.4187 -0.8389 0.3478
vn 0.0036 0.9015 -0.4327
vn -0.0986 0.8979 -0.4291
vn 0.5297 -0.7307 0.4306
vn 0.1826 0.8936 -0.4100
vn -0.7027 -0.5961 0.3885
vn -0.7815 -0.5720 0.2491
vn 0.9021 -0.3601 0.2377
vn 0.5971 -0.6687 0.4432
vn 0.8428 0.1597 -0.5139
vn -0.7372 0.4660 -0.4892
vn 0.7880 0.4518 -0.4183
vn -0.8042 0.3816 -0.4558
vn -0.4106 0.9103 -0.0524
vn -0.0231 -0.9969 -0.0756
vn 0.3185 0.5852 0.7457
vn 0.2800 0.1065 0.9541
vn -0.1620 -0.9156 0.3680
vn 0.3115 -0.8391 0.4460
vn 0.4208 -0.7350 0.5317
vn -0.5384 -0.7126 0.4499
vn -0.5124 -0.7460 0.4254
vn 0.2766 0.8654 -0.4179
vn 0.5233 -0.7433 0.4168
vn 0.6095 -0.6530 0.4496
vn 0.6338 -0.7660 0.1076
vn 0.5913 -0.6174 0.5188
vn 0.5042 -0.6165 0.6047
vn 0.7217 -0.4775 0.5012
vn 0.6925 0.5809 -0.4278
vn 0.6961 0.5788 -0.4248
vn -0.9640 0.0094 0.2656
vn -0.8569 0.2919 -0.4248
vn -0.8287 0.3671 -0.4225
vn -0.3500 0.8483 0.3973
vn -0.4179 0.4234 0.8038
vn -0.3774 0.4319 0.8192
vn -0.2342 0.1944 0.9526
vn 0.1793 -0.1080 0.9778
vn -0.2158 -0.0247 0.9761
vn 0.1416 -0.3210 0.9364
vn 0.2262 -0.7311 0.6436
vn -0.2925 -0.8638 0.4102
vn 0.3547 -0.8268 0.4366
vn -0.5359 -0.7217 0.4381
vn -0.3812 0.8311 -0.4048
vn 0.3463 0.8448 -0.4079
vn 0.8990 -0.4038 0.1693
vn 0.9346 -0.3420 0.0977
vn -0.7969 -0.5900 0.1296
vn -0.8848 -0.4308 0.1778
vn -0.8479 0.0787 -0.5243
vn -0.8487 0.0653 -0.5248
vn -0.7500 0.4537 -0.4813
vn 0.8871 -0.3778 0.2651
vn -0.9612 -0.0231 0.2750
vn -0.6329 0.7155 -0.2958
vn -0.1593 -0.8599 0.4849
vn 0.0593 -0.9419 -0.3307
vn 0.3641 0.0001 0.9314
vn 0.3410 0.5154 0.7862
vn 0.0860 0.3394 0.9367
vn -0.3193 0.1404 0.9372
vn -0.2732 -0.5351 0.7994
vn -0.1355 -0.4597 0.8777
vn 0.2896 -0.8843 0.3661
vn -0.0820 0.9110 -0.4042
vn 0.6287 -0.6362 0.4471
vn 0.6390 -0.7113 0.2927
vn 0.5044 -0.8558 0.1150
vn -0.5664 -0.5504 0.6134
vn 0.8975 -0.4074 0.1687
vn 0.5788 -0.6137 0.5370
vn -0.6692 0.5570 -0.4918
vn 0.6978 -0.7049 0.1269
vn 0.7155 -0.4074 0.5675
vn -0.7375 -0.5022 0.4516
vn 0.8272 -0.3671 0.4254
vn 0.4583 0.8102 0.3654
vn -0.2164 0.9505 0.2232
vn 0.0227 -0.9713 0.2367
vn -0.3176 -0.4826 0.8162
vn 0.3781 0.0372 0.9250
vn 0.4954 0.4764 0.7264
vn -0.0412 0.0097 0.9991
vn -0.0264 0.0484 0.9985
vn -0.0144 -0.7425 0.6697
vn -0.2426 -0.8705 0.4282
vn 0.0675 0.9140 -0.4000
vn 0.1888 0.8884 -0.4186
vn 0.2138 0.8782 -0.4279
vn 0.3957 0.8059 -0.4405
vn 0.5072 -0.7317 0.4554
vn -0.5534 -0.6085 0.5687
vn -0.6274 -0.5290 0.5715
vn 0.5442 -0.7496 0.3767
vn -0.8431 -0.3380 0.4184
vn 0.4932 0.8568 -0.1506
vn 0.0622 -0.9541 0.2929
vn 0.2212 -0.6084 0.7622
vn -0.3538 0.0065 0.9353
vn -0.3165 0.5327 0.7849
vn 0.1464 0.6293 0.7632
vn 0.1305 0.4840 0.8653
vn -0.1093 0.3898 0.9144
vn 0.1404 -0.5642 0.8136
vn -0.0904 -0.3335 0.9384
vn -0.3765 -0.8451 0.3794
vn -0.3402 0.8393 -0.4241
vn -0.6934 -0.5626 0.4502
vn 0.7164 -0.5764 0.3932
vn 0.5022 0.7757 -0.3823
vn -0.6140 -0.6372 0.4658
vn -0.6888 -0.5049 0.5202
vn -0.6364 -0.5374 0.5533
vn 0.9320 -0.3488 0.0990
vn -0.8511 -0.4662 0.2415
vn -0.7836 -0.4688 0.4076
vn -0.7348 -0.3770 0.5639
vn -0.8028 0.3477 -0.4844
vn -0.8103 0.3290 -0.4850
vn 0.8537 -0.2555 0.4537
vn -0.8823 -0.2509 0.3982
vn -0.8683 -0.2340 0.4373
vn -0.9031 -0.0734 0.4231
vn -0.0497 -0.9847 0.1668
vn -0.2518 -0.6307 0.7341
vn 0.1372 -0.6775 0.7226
vn 0.1781 -0.5494 0.8163
vn -0.1841 0.5374 0.8230
vn 0.1569 -0.5141 0.8433
vn 0.5485 -0.6111 0.5707
vn -0.5633 -0.6425 0.5195
vn -0.5328 -0.7869 0.3112
vn 0.4476 0.7935 -0.4123
vn -0.6374 0.6114 -0.4689
vn -0.6498 0.5949 -0.4731
vn 0.6746 -0.4282 0.6013
vn -0.8495 -0.3172 0.4217
vn 0.8199 0.2925 0.4922
vn 0.0892 0.9733 0.2116
vn -0.0275 -0.9732 0.2285
vn 0.0166 -0.9638 0.2663
vn -0.2498 0.0065 0.9683
vn 0.0512 0.3233 0.9449
vn -0.1077 -0.5105 0.8531
vn 0.0061 -0.6438 0.7651
vn 0.1918 -0.8533 0.4849
vn 0.4519 -0.7539 0.4769
vn 0.3278 -0.8141 0.4793
vn 0.3101 -0.9307 0.1939
vn 0.2320 -0.8696 0.4358
vn -0.5709 -0.6171 0.5415
vn -0.6465 0.6021 -0.4686
vn 0.7693 0.4612 -0.4421
vn 0.8521 -0.2771 0.4440
vn -0.8395 0.2540 -0.4804
vn 0.8814 -0.1871 0.4338
vn 0.7762 0.5137 0.3655
vn 0.0273 -0.8959 0.4435
vn 0.0747 -0.7315 0.6778
vn -0.1945 -0.2223 0.9554
vn -0.1465 -0.2523 0.9565
vn -0.1520 0.8005 0.5797
vn -0.0296 0.6266 0.7788
vn -0.3824 -0.7774 0.4994
vn 0.3793 -0.7662 0.5188
vn -0.4081 -0.7834 0.4687
vn 0.7461 -0.4650 0.4766
vn -0.6146 -0.7476 0.2519
vn 0.8723 -0.3332 0.3577
vn 0.5136 -0.5474 0.6608
vn 0.6674 -0.4222 0.6135
vn -0.6348 0.6181 -0.4636
vn -0.7513 -0.4468 0.4858
vn 0.7789 -0.4762 0.4081
vn -0.7470 -0.4399 0.4985
vn 0.6634 -0.4855 0.5695
vn 0.7875 -0.3727 0.4908
vn 0.8309 -0.4171 0.3682
vn 0.8373 0.2706 -0.4750
vn 0.8343 0.2828 -0.4733
vn 0.1133 0.9906 0.0761
vn -0.1764 -0.3245 0.9293
vn -0.1405 0.2137 0.9667
vn 0.2123 -0.2233 0.9513
vn 0.1894 0.0233 0.9816
vn 0.1530 0.5590 0.8150
vn -0.0401 0.6349 0.7715
vn 0.4934 -0.7059 0.5082
vn -0.5056 -0.7711 0.3871
vn -0.6800 -0.7013 0.2138
vn 0.5777 -0.5647 0.5893
vn 0.6427 -0.6069 0.4676
vn -0.6748 0.5428 -0.5000
vn 0.8532 -0.4398 0.2805
vn 0.8413 0.1256 -0.5257
vn 0.8963 -0.3259 0.3007
vn -0.7850 -0.4033 0.4702
vn -0.8058 0.2897 -0.5164
vn -0.2694 0.9597 -0.0801
vn -0.0024 -0.4593 0.8883
vn -0.0370 -0.3290 0.9436
vn 0.0582 -0.3636 0.9298
vn 0.0831 -0.2057 0.9751
vn -0.0581 0.2658 0.9623
vn 0.0827 0.2420 0.9667
vn -0.0417 -0.9180 0.3945
vn 0.1225 -0.8737 0.4708
vn -0.1419 -0.8861 0.4412
vn 0.0400 -0.9422 0.3326
vn 0.6249 -0.6344 0.4550
vn 0.6696 -0.5768 0.4679
vn 0.7117 -0.5379 0.4518
vn 0.7578 -0.5135 0.4026
vn -0.6678 -0.6059 0.4323
vn 0.6859 -0.5888 0.4276
vn 0.8236 -0.3252 0.4647
vn 0.7403 0.4877 -0.4627
vn 0.8110 -0.4687 0.3501
vn 0.8499 -0.2802 0.4464
vn 0.8537 -0.2764 0.4414
vn 0.5481 0.8040 -0.2307
vn 0.0707 -0.9117 0.4048
vn 0.1191 -0.8800 0.4598
vn -0.2113 0.8560 -0.4719
vn -0.5350 -0.6915 0.4854
vn 0.3971 -0.7813 0.4816
vn -0.6110 -0.6773 0.4098
vn 0.2513 -0.8487 0.4654
vn -0.4590 0.7561 -0.4666
vn 0.7179 -0.5559 0.4191
vn 0.6907 -0.3631 0.6254
vn 0.6826 -0.4261 0.5937
vn 0.8619 0.1711 0.4773
vn -0.7972 0.3901 0.4606
vn 0.0680 0.9856 0.1551
vn 0.2046 -0.8781 0.4326
vn -0.2450 -0.8747 0.4181
vn 0.3093 0.8344 -0.4562
vn -0.6972 -0.5533 0.4559
vn 0.2333 -0.8986 0.3717
vn -0.6763 0.4983 -0.5425
vn 0.7655 -0.5564 0.3232
vn -0.7907 -0.3860 0.4752
vn 0.8618 -0.2579 0.4369
vn -0.8100 0.2633 -0.5240
vn -0.8639 0.0862 0.4963
vn 0.0738 0.9848 0.1570
vn -0.0000 -0.8722 0.4892
vn -0.2784 -0.7885 0.5484
vn 0.3963 -0.6839 0.6126
vn -0.6179 -0.6644 0.4204
vn 0.6033 -0.5982 0.5274
vn 0.7170 -0.5597 0.4156
vn 0.7698 -0.5543 0.3165
vn -0.7998 -0.5160 0.3066
vn -0.5730 0.6610 -0.4846
vn -0.7674 0.3773 -0.5183
vn -0.3986 0.8503 0.3436
vn -0.5813 0.7757 -0.2458
vn -0.1739 -0.8606 0.4787
vn -0.3740 -0.7613 0.5297
vn 0.3502 -0.8514 0.3905
vn -0.4509 -0.7562 0.4742
vn 0.3934 0.7796 -0.4873
vn 0.6831 -0.4823 0.5484
vn -0.5581 -0.5763 0.5970
vn 0.5209 -0.7379 0.4291
vn 0.7166 -0.5961 0.3621
vn -0.7910 -0.5238 0.3162
vn 0.6568 0.5519 -0.5138
vn -0.8388 -0.2868 0.4627
vn -0.6826 0.5785 0.4465
vn -0.4301 0.8565 -0.2853
vn 0.4518 0.8140 0.3651
vn 0.3319 -0.7568 0.5631
vn -0.3616 -0.7733 0.5208
vn -0.4025 -0.7465 0.5299
vn -0.4337 -0.6847 0.5857
vn 0.2871 0.8108 -0.5101
vn -0.3292 0.7643 -0.5545
vn 0.6673 -0.5410 0.5118
vn -0.6265 -0.5523 0.5500
vn -0.6719 -0.6066 0.4249
vn 0.8227 -0.2812 0.4940
vn 0.6609 -0.5172 0.5438
vn 0.7297 -0.4689 0.4976
vn 0.7722 -0.2924 0.5641
vn 0.7851 0.3442 -0.5150
vn -0.8056 0.2592 -0.5328
vn -0.1278 -0.8842 0.4493
vn 0.1675 -0.8654 0.4722
vn 0.3249 -0.7614 0.5609
vn 0.4924 -0.6745 0.5500
vn -0.5449 -0.5556 0.6280
vn -0.4172 -0.7063 0.5719
vn 0.0883 0.8657 -0.4927
vn -0.5700 -0.6900 0.4461
vn 0.6338 -0.4422 0.6347
vn -0.5960 -0.5351 0.5988
vn -0.4033 0.7721 -0.4910
vn 0.1388 -0.9652 0.2218
vn 0.4362 -0.8390 0.3253
vn 0.5594 -0.4991 0.6618
vn -0.6421 -0.5414 0.5427
vn 0.6766 0.5489 -0.4908
vn -0.6076 0.5856 -0.5366
vn 0.7679 -0.5590 0.3128
vn 0.6487 -0.3370 0.6823
vn -0.7768 -0.3876 0.4963
vn 0.8534 -0.3020 0.4249
vn -0.6717 0.5523 -0.4937
vn 0.8687 -0.2019 0.4523
vn 0.0998 -0.8673 0.4877
vn -0.2293 -0.7478 0.6231
vn -0.6084 -0.5422 0.5796
vn -0.3403 0.7665 -0.5447
vn 0.3950 0.7789 -0.4871
vn 0.5316 -0.7459 0.4013
vn -0.5543 -0.6285 0.5457
vn 0.8536 -0.4445 0.2717
vn 0.6039 -0.5167 0.6069
vn 0.7523 -0.5040 0.4243
vn -0.7587 -0.4388 0.4814
vn -0.0000 -0.8871 0.4615
vn -0.2861 -0.7909 0.5410
vn 0.6403 -0.7182 0.2725
vn -0.2131 0.8594 -0.4649
vn 0.4592 -0.7986 0.3890
vn 0.5779 -0.4527 0.6791
vn -0.6119 -0.5800 0.5377
vn 0.5627 0.6609 -0.4965
vn -0.7718 -0.5627 0.2962
vn -0.5779 -0.6130 0.5387
vn 0.4569 -0.8519 0.2559
vn 0.7558 -0.3567 0.5491
vn 0.5471 -0.5354 0.6435
vn 0.7678 0.2192 -0.6021
vn 0.8848 -0.2266 0.4072
vn -0.7499 0.3031 -0.5881
vn -0.6799 0.5663 -0.4660
vn -0.1947 -0.8071 0.5573
vn -0.0889 0.8698 -0.4853
vn 0.2527 0.8248 -0.5058
vn 0.4728 -0.6962 0.5402
vn 0.5568 0.6617 -0.5021
vn 0.5283 -0.4339 0.7298
vn -0.7906 0.1799 -0.5853
vn -0.7194 0.4590 -0.5213
vn 0.7081 0.4655 -0.5309
vn 0.8013 -0.2386 0.5485
vn -0.8374 -0.2016 0.5080
vn -0.0903 -0.8458 0.5258
vn 0.4996 -0.7724 0.3922
vn 0.3976 -0.7334 0.5514
vn 0.4178 -0.7219 0.5517
vn 0.4552 -0.7586 0.4662
vn -0.6619 -0.6887 0.2959
vn 0.5952 -0.5824 0.5537
vn -0.7667 -0.6140 0.1875
vn -0.5899 -0.7388 0.3259
vn -0.6861 -0.3992 0.6082
vn -0.7587 0.3498 -0.5496
vn 0.2456 0.9637 0.1051
vn -0.7294 -0.3567 0.5838
vn -0.8513 -0.2517 0.4605
vn 0.8632 0.1721 0.4747
vn -0.4367 -0.6470 0.6251
vn -0.4814 -0.8153 0.3218
vn -0.0942 0.8737 -0.4772
vn -0.4331 -0.6988 0.5693
vn -0.2128 0.8593 -0.4650
vn -0.4737 -0.6791 0.5608
vn -0.1499 -0.7234 0.6740
vn -0.2329 -0.7278 0.6450
vn 0.4820 -0.6680 0.5671
vn -0.6932 -0.6429 0.3258
vn -0.6356 -0.6948 0.3367
vn 0.6096 -0.7064 0.3597
vn -0.5168 -0.5258 0.6756
vn 0.7059 -0.3440 0.6192
vn -0.5621 -0.5340 0.6315
vn 0.7518 -0.4048 0.5205
vn 0.6648 -0.5169 0.5393
vn -0.7108 0.4163 -0.5669
vn -0.0134 -0.8707 0.4916
vn -0.2902 -0.8792 0.3779
vn 0.3268 -0.6790 0.6574
vn -0.4424 -0.8017 0.4020
vn -0.0088 0.8759 -0.4824
vn -0.0498 0.8667 -0.4964
vn -0.4331 -0.6989 0.5693
vn -0.5277 -0.7305 0.4334
vn 0.0033 -0.6817 0.7316
vn 0.7022 -0.5139 0.4928
vn -0.7773 -0.5661 0.2745
vn -0.7711 -0.4818 0.4162
vn 0.7750 -0.2738 0.5696
vn 0.7184 0.3296 -0.6126
vn -0.7244 0.3811 -0.5744
vn 0.6140 0.6751 0.4089
vn 0.1314 0.9913 0.0042
vn -0.6890 -0.6702 0.2757
vn 0.0374 0.7799 -0.6247
vn 0.7221 -0.5931 0.3561
vn 0.4221 -0.8996 0.1120
vn 0.5151 0.6988 -0.4963
vn 0.6570 -0.5316 0.5346
vn -0.5432 -0.5467 0.6372
vn 0.6505 -0.3947 0.6489
vn -0.6074 0.5889 -0.5331
vn -0.5383 0.6663 -0.5160
vn 0.5384 -0.4594 0.7064
vn 0.8140 0.4172 0.4041
vn -0.7374 0.3307 -0.5890
vn -0.8640 0.0869 0.4960
vn 0.8047 0.3410 0.4861
vn -0.5118 0.7959 -0.3233
vn 0.0730 -0.8640 0.4982
vn -0.1893 -0.8153 0.5472
vn 0.3010 -0.7993 0.5200
vn -0.4058 -0.6884 0.6012
vn 0.5274 -0.6988 0.4832
vn -0.4575 -0.8650 0.2059
vn 0.5025 -0.7879 0.3559
vn -0.1667 0.9763 0.1383
vn -0.7600 -0.5529 0.3416
vn 0.7790 -0.4051 0.4785
vn -0.6977 0.3878 -0.6024
vn 0.6615 0.4905 -0.5674
vn 0.7785 -0.3043 0.5490
vn 0.1914 0.8477 -0.4948
vn -0.4461 -0.7575 0.4767
vn 0.4276 -0.8760 0.2230
vn 0.6149 -0.5739 0.5409
vn 0.4955 -0.6269 0.6013
vn 0.7739 -0.4678 0.4269
vn 0.7522 -0.4869 0.4440
vn -0.8056 -0.3278 0.4934
vn 0.8759 0.0502 0.4798
vn 0.6578 -0.5172 0.5475
vn 0.8484 -0.1846 0.4961
vn -0.7371 0.2997 -0.6057
vn 0.5288 -0.7164 0.4552
vn 0.0391 0.8504 -0.5248
vn 0.3240 -0.6828 0.6549
vn -0.0898 -0.7631 0.6401
vn 0.4738 -0.8488 0.2347
vn 0.2939 0.7858 -0.5442
vn 0.1348 -0.6921 0.7091
vn -0.6559 -0.5513 0.5157
vn 0.4861 -0.4925 0.7219
vn 0.4867 0.6464 -0.5877
vn -0.5301 -0.4002 0.7476
vn -0.6438 0.4669 -0.6063
vn -0.7421 0.0546 -0.6681
vn -0.7559 -0.3879 0.5275
vn 0.7228 0.3395 -0.6020
vn 0.7002 -0.5838 0.4110
vn 0.8418 -0.1674 0.5131
vn 0.4923 0.8246 -0.2787
vn -0.3784 -0.6881 0.6191
vn -0.4799 -0.8742 0.0737
vn -0.6338 -0.7194 0.2840
vn -0.5107 -0.7844 0.3520
vn 0.3123 0.7807 -0.5413
vn 0.4563 -0.6781 0.5762
vn 0.5733 -0.5407 0.6156
vn -0.4466 -0.6333 0.6321
vn -0.4292 -0.4728 0.7696
vn -0.5134 -0.5140 0.6872
vn 0.6346 0.4550 -0.6247
vn -0.8631 -0.4624 0.2031
vn 0.6045 0.5335 -0.5916
vn -0.7155 0.3497 -0.6048
vn -0.6366 -0.0411 0.7701
vn -0.7264 0.3773 -0.5744
vn -0.0703 -0.8818 0.4663
vn -0.6748 -0.6691 0.3113
vn -0.0943 0.8285 -0.5520
vn 0.1513 -0.6676 0.7290
vn -0.2321 -0.6071 0.7599
vn -0.3237 0.7928 -0.5164
vn 0.6511 -0.3472 0.6749
vn 0.3891 -0.4442 0.8070
vn -0.4840 0.7219 -0.4945
vn 0.6627 -0.4435 0.6034
vn 0.5095 -0.7351 0.4473
vn -0.7240 -0.4285 0.5406
vn -0.6790 -0.2360 0.6952
vn -0.6819 0.4400 -0.5844
vn 0.6327 -0.5742 0.5196
vn 0.7226 0.3368 -0.6036
vn 0.7739 -0.3060 0.5545
vn -0.7575 0.2741 -0.5926
vn 0.7850 0.2299 -0.5752
vn -0.0964 0.9952 0.0137
vn 0.1930 -0.8145 0.5471
vn 0.2890 -0.8276 0.4812
vn 0.3725 -0.6277 0.6835
vn 0.1866 0.8330 -0.5209
vn -0.1689 0.8160 -0.5528
vn 0.5143 -0.5141 0.6865
vn -0.1127 -0.7487 0.6533
vn -0.5259 -0.6954 0.4897
vn 0.4120 -0.6123 0.6748
vn -0.7215 -0.5234 0.4533
vn 0.5169 0.5325 -0.6702
vn -0.5318 -0.5064 0.6788
vn 0.6802 -0.3547 0.6415
vn -0.7332 -0.3715 0.5695
vn 0.4393 0.8250 0.3555
vn 0.1183 -0.8218 0.5573
vn -0.3404 -0.7651 0.5467
vn -0.2851 -0.8039 0.5219
vn 0.3411 -0.7758 0.5309
vn 0.6011 -0.5940 0.5347
vn 0.2975 -0.7878 0.5393
vn 0.0304 0.8220 -0.5687
vn -0.0466 0.8235 -0.5654
vn 0.3921 -0.6052 0.6928
vn -0.3234 0.7726 -0.5463
vn 0.4011 -0.6563 0.6391
vn -0.0379 -0.7465 0.6642
vn 0.4290 -0.7528 0.4992
vn 0.7424 -0.5223 0.4195
vn -0.6825 0.3351 -0.6495
vn 0.6855 -0.2608 0.6798
vn 0.3382 0.9216 -0.1907
vn 0.1824 0.9704 0.1583
vn 0.0298 -0.8257 0.5633
vn 0.0297 -0.8258 0.5632
vn -0.1739 -0.7935 0.5832
vn 0.2579 -0.8645 0.4314
vn -0.0473 -0.8466 0.5301
vn 0.3736 -0.7251 0.5784
vn 0.5452 -0.6123 0.5726
vn 0.5453 -0.8210 0.1694
vn -0.4693 -0.8369 0.2816
vn -0.5509 -0.7069 0.4436
vn 0.7023 -0.5293 0.4760
vn 0.7008 -0.4448 0.5577
vn 0.7451 -0.5015 0.4397
vn 0.4283 0.8421 0.3278
vn -0.1599 0.9498 0.2689
vn -0.0714 -0.7966 0.6003
vn 0.2318 -0.7858 0.5734
vn -0.4421 -0.7165 0.5396
vn -0.5025 -0.6890 0.5222
vn -0.2849 -0.9067 0.3110
vn -0.7361 -0.6411 0.2173
vn -0.7370 -0.4677 0.4879
vn 0.6254 -0.6109 0.4854
vn -0.4819 0.6063 -0.6326
vn 0.5577 -0.5006 0.6621
vn 0.7674 0.2162 -0.6037
vn 0.8333 -0.2243 0.5053
vn 0.6493 0.4744 -0.5944
vn 0.7365 0.2748 -0.6181
vn -0.7886 -0.1914 0.5844
vn -0.0827 -0.8141 0.5748
vn -0.2253 -0.6893 0.6885
vn 0.7332 -0.6800 0.0083
vn 0.5317 -0.8469 0.0069
vn 0.1069 -0.7317 0.6732
vn 0.6129 -0.6887 0.3873
vn -0.7567 -0.4498 0.4745
vn -0.6077 -0.5456 0.5772
vn -0.5189 -0.4976 0.6951
vn 0.7094 -0.4121 0.5718
vn -0.7558 -0.3239 0.5691
vn -0.1816 -0.8466 0.5003
vn -0.3834 -0.6940 0.6095
vn -0.0003 0.8118 -0.5839
vn 0.5125 -0.8517 0.1089
vn -0.5416 -0.6677 0.5108
vn -0.5061 -0.7029 0.4997
vn -0.6939 -0.5606 0.4519
vn 0.6424 -0.4869 0.5918
vn 0.5393 0.5581 -0.6306
vn 0.0392 -0.8181 0.5738
vn 0.1081 -0.8164 0.5673
vn 0.1318 -0.8937 0.4288
vn 0.2786 -0.7060 0.6511
vn -0.7084 -0.4420 0.5503
vn 0.3944 -0.7894 0.4704
vn -0.0795 0.8111 -0.5794
vn 0.4232 -0.8139 0.3980
vn 0.3078 0.8409 -0.4452
vn 0.5692 -0.5591 0.6028
vn -0.4634 0.6115 -0.6414
vn -0.6692 0.4100 -0.6198
vn 0.5544 -0.4384 0.7074
vn -0.6416 -0.3450 0.6851
vn -0.6815 -0.4122 0.6047
vn -0.7931 -0.0637 0.6057
vn 0.7980 -0.1788 0.5755
vn -0.8029 0.0802 0.5907
vn -0.4943 0.7492 -0.4409
vn -0.0261 -0.7872 0.6162
vn -0.3160 -0.6864 0.6549
vn -0.2276 0.7166 -0.6593
vn 0.4886 -0.5624 0.6671
vn -0.4650 0.6025 -0.6487
vn -0.4630 0.6032 -0.6495
vn -0.6603 0.4296 -0.6159
vn -0.4528 0.8005 -0.3926
vn 0.2850 -0.7129 0.6407
vn 0.2408 -0.7414 0.6264
vn 0.2959 -0.7471 0.5952
vn -0.3152 -0.7815 0.5384
vn 0.4945 -0.6915 0.5265
vn -0.3551 -0.8285 0.4329
vn 0.1002 0.7773 -0.6211
vn -0.4480 -0.7380 0.5047
vn -0.1357 -0.6411 0.7554
vn -0.5268 -0.5840 0.6176
vn 0.1572 -0.6633 0.7317
vn -0.4605 -0.5805 0.6716
vn -0.4482 -0.5895 0.6720
vn -0.7781 -0.4211 0.4660
vn -0.6402 -0.5160 0.5691
vn -0.6936 -0.4245 0.5820
vn 0.6622 0.2553 -0.7045
vn 0.8555 -0.0906 0.5098
vn 0.6894 -0.4451 0.5715
vn -0.7105 -0.3734 0.5964
vn -0.7163 0.2483 -0.6522
vn 0.1822 0.9665 0.1809
vn -0.0148 0.9997 0.0183
vn -0.0566 -0.9265 0.3720
vn -0.0635 -0.9865 0.1511
vn -0.6067 -0.7652 0.2153
vn 0.3854 -0.7927 0.4724
vn -0.0249 -0.8436 0.5364
vn 0.3690 -0.6334 0.6801
vn 0.4614 -0.6612 0.5916
vn 0.6253 -0.5714 0.5315
vn 0.4969 -0.6600 0.5634
vn 0.5934 -0.2633 0.7606
vn 0.6717 -0.5326 0.5150
vn -0.6592 -0.4477 0.6042
vn -0.6559 0.3816 -0.6513
vn 0.7538 -0.2867 0.5913
vn -0.0193 -0.8946 0.4465
vn -0.1214 -0.8494 0.5136
vn -0.1827 -0.8423 0.5071
vn -0.0887 -0.9764 0.1970
vn 0.1959 -0.9442 0.2647
vn -0.5271 -0.7918 0.3084
vn 0.4543 -0.6849 -0.5697
vn 0.2535 -0.8386 0.4822
vn -0.5336 -0.7229 0.4390
vn 0.2469 0.7661 -0.5934
vn -0.8011 -0.4260 0.4205
vn -0.6748 -0.6055 0.4219
vn 0.6857 -0.4697 0.5561
vn -0.6945 -0.4009 0.5974
vn -0.6802 -0.4069 0.6097
vn 0.7351 -0.2885 0.6135
vn 0.7478 0.2999 0.5923
vn -0.3104 -0.7329 0.6054
vn 0.5713 -0.5587 0.6012
vn -0.5345 -0.7940 0.2896
vn 0.0984 -0.8202 0.5635
vn -0.1608 0.7622 -0.6271
vn -0.3017 0.7671 -0.5661
vn -0.1317 -0.6399 0.7571
vn -0.8375 -0.3991 0.3732
vn 0.5292 -0.5857 0.6139
vn 0.6477 -0.5355 0.5419
vn 0.5493 0.5424 -0.6357
vn 0.6853 -0.4697 0.5565
vn 0.7810 -0.2838 0.5563
vn -0.6583 0.3788 -0.6505
vn -0.0174 -0.8794 0.4758
vn -0.1246 -0.9430 0.3087
vn 0.1814 -0.7691 0.6129
vn 0.3215 -0.6944 0.6438
vn -0.1324 -0.7375 0.6622
vn 0.4895 -0.6225 0.6106
vn -0.5304 -0.7878 0.3131
vn -0.0841 0.7931 -0.6032
vn -0.1787 0.7598 -0.6252
vn 0.4445 -0.5467 0.7096
vn 0.5664 -0.5236 0.6365
vn 0.6730 -0.4753 0.5668
vn 0.6270 0.4808 -0.6129
vn 0.7506 -0.3039 0.5868
vn 0.7851 -0.2055 0.5843
vn -0.7159 0.2135 -0.6647
vn -0.7141 0.2193 -0.6648
vn 0.7625 0.2579 0.5934
vn -0.0879 0.9922 -0.0884
vn 0.0354 -0.8090 0.5867
vn -0.1788 -0.7775 0.6030
vn -0.0893 -0.8640 0.4956
vn -0.3732 -0.7282 0.5749
vn 0.2040 0.7723 -0.6016
vn -0.6092 -0.4782 0.6326
vn 0.5308 0.5535 -0.6418
vn -0.6819 0.1919 -0.7059
vn 0.7158 -0.0394 -0.6972
vn 0.7404 -0.3181 0.5922
vn 0.7072 0.2570 -0.6587
vn -0.6190 0.6154 0.4880
vn -0.3486 0.8719 0.3438
vn 0.0804 0.9912 0.1051
vn -0.0764 -0.7137 0.6963
vn 0.1195 -0.7278 0.6753
vn 0.1875 -0.9025 0.3877
vn 0.2579 -0.7344 0.6278
vn -0.6360 -0.6129 0.4689
vn -0.6357 -0.6639 0.3938
vn 0.5500 -0.5648 0.6153
vn -0.5537 -0.3993 0.7308
vn 0.4493 -0.6374 0.6260
vn -0.4315 -0.5488 0.7160
vn -0.4606 0.6078 -0.6469
vn -0.4527 0.6076 -0.6526
vn -0.6406 -0.4317 0.6351
vn -0.6650 0.2482 -0.7044
vn 0.6676 -0.3307 0.6670
vn 0.6322 0.3586 -0.6868
vn 0.0535 0.9980 -0.0336
vn -0.1793 -0.7484 0.6386
vn 0.1800 -0.8363 0.5179
vn -0.2664 -0.6741 0.6889
vn -0.1326 -0.7389 0.6606
vn 0.3381 -0.7517 0.5663
vn 0.0846 -0.8543 0.5129
vn 0.1812 -0.6652 0.7244
vn 0.6234 -0.5841 0.5199
vn -0.7314 -0.5219 0.4389
vn 0.3627 -0.6376 0.6796
vn -0.6383 -0.4933 0.5910
vn -0.6389 -0.4932 0.5904
vn 0.5645 -0.4049 0.7193
vn -0.6457 0.4492 -0.6175
vn -0.6967 0.2884 -0.6569
vn -0.6886 0.2948 -0.6625
vn -0.7178 0.4097 0.5630
vn 0.2374 0.9418 0.2382
vn 0.3785 0.8659 0.3271
vn 0.0374 -0.7399 0.6717
vn 0.1324 -0.7345 0.6656
vn 0.0999 -0.7522 0.6513
vn 0.5519 -0.6694 0.4973
vn -0.4055 -0.5290 0.7455
vn 0.1285 -0.8762 0.4644
vn -0.2160 -0.6004 0.7700
vn -0.2312 -0.7120 0.6630
vn -0.5258 -0.5729 0.6288
vn -0.5643 -0.4350 0.7017
vn -0.2037 -0.6060 0.7689
vn -0.3534 0.5906 -0.7255
vn -0.4214 -0.4891 0.7637
vn 0.7277 -0.3436 0.5936
vn 0.3950 -0.4562 0.7974
vn 0.4876 -0.4666 0.7380
vn 0.5978 0.2669 -0.7559
vn 0.6220 -0.2561 0.7399
vn 0.6115 0.4392 -0.6582
vn 0.6979 -0.3481 0.6259
vn -0.7441 -0.2891 0.6023
vn -0.2799 0.9202 0.2737
vn 0.0110 -0.7925 0.6098
vn 0.0867 -0.7729 0.6285
vn 0.1271 -0.8682 0.4797
vn -0.2259 -0.6834 0.6942
vn -0.3448 -0.7147 0.6086
vn -0.3681 -0.6774 0.6369
vn 0.1790 -0.7338 0.6553
vn -0.2130 -0.6158 0.7585
vn -0.0285 0.7240 -0.6892
vn -0.4273 -0.5047 0.7501
vn -0.2569 0.7151 -0.6501
vn -0.1862 -0.6062 0.7732
vn 0.4679 0.2095 -0.8586
vn 0.4993 -0.4962 0.7103
vn 0.2984 -0.4687 0.8315
vn -0.3833 0.5697 -0.7270
vn 0.4399 0.5666 -0.6968
vn 0.5300 -0.3620 0.7669
vn -0.6661 -0.4214 0.6154
vn 0.6732 -0.4011 0.6212
vn 0.6940 -0.3617 0.6225
vn 0.7038 -0.2506 0.6648
vn -0.0689 -0.8385 0.5406
vn 0.0191 -0.7294 0.6838
vn 0.1664 -0.7394 0.6524
vn 0.2569 -0.7535 0.6052
vn 0.6390 -0.5981 0.4836
vn 0.3944 -0.6912 0.6055
vn 0.5008 -0.4600 0.7332
vn 0.2633 -0.5943 0.7599
vn -0.4456 -0.4773 0.7574
vn 0.6508 -0.5956 0.4709
vn 0.9701 -0.2396 0.0390
vn 0.6047 -0.5481 0.5779
vn 0.5914 -0.7247 0.3537
vn 0.6960 -0.2047 0.6882
vn 0.5868 -0.6119 0.5303
vn -0.5913 0.5378 -0.6009
vn 0.1438 -0.6833 0.7159
vn 0.0124 -0.9758 0.2184
vn 0.0437 -0.8833 0.4667
vn -0.2158 -0.6952 0.6856
vn 0.4093 -0.7615 0.5025
vn -0.1669 -0.7459 0.6449
vn -0.1253 -0.7484 0.6513
vn 0.2990 -0.7507 0.5891
vn -0.1258 -0.7321 0.6694
vn 0.1212 -0.7089 0.6948
vn 0.2111 -0.7466 0.6309
vn -0.3463 -0.7240 0.5965
vn -0.6039 -0.6416 0.4729
vn -0.1873 -0.8244 0.5342
vn 0.6505 -0.5956 0.4713
vn -0.6719 -0.4899 0.5555
vn 0.7131 -0.5410 0.4459
vn -0.7364 -0.3211 0.5954
vn 0.6398 -0.4031 0.6543
vn 0.6653 0.2798 -0.6921
vn -0.0893 -0.7559 0.6486
vn -0.1633 0.7491 -0.6420
vn 0.5236 -0.5735 0.6300
vn -0.3011 0.5846 -0.7534
vn -0.2870 -0.5440 0.7885
vn -0.4790 -0.5203 0.7070
vn 0.5282 0.4398 -0.7263
vn 0.7174 -0.3177 0.6200
vn -0.7144 -0.3046 0.6299
vn 0.7140 -0.3418 0.6111
vn 0.7336 0.2875 0.6158
vn 0.0280 -0.7029 0.7107
vn -0.0731 -0.8238 0.5621
vn 0.4424 -0.6737 0.5920
vn -0.4345 -0.6743 0.5971
vn 0.5163 -0.4920 0.7010
vn 0.4950 -0.5715 0.6545
vn -0.5396 -0.5927 0.5980
vn 0.2246 -0.6335 0.7404
vn 0.4938 -0.4948 -0.7151
vn 0.3168 -0.5473 0.7746
vn 0.5600 -0.6491 0.5148
vn -0.4562 0.5971 -0.6598
vn 0.5923 0.2461 -0.7672
vn -0.6526 -0.3925 0.6481
vn -0.7120 -0.3085 0.6307
vn 0.6315 0.3559 -0.6889
vn -0.7406 -0.0037 0.6719
vn 0.5467 0.6709 0.5010
vn 0.5173 0.7091 -0.4791
vn -0.2474 -0.8431 0.4775
vn -0.1095 -0.6867 0.7186
vn 0.0040 -0.7545 0.6563
vn 0.1083 -0.9936 0.0332
vn -0.0326 -0.6967 0.7166
vn 0.5009 -0.7822 -0.3705
vn -0.4519 -0.7067 0.5444
vn -0.4589 -0.6673 0.5867
vn 0.2094 -0.7919 0.5737
vn 0.1072 -0.5482 0.8294
vn 0.4197 -0.5764 0.7011
vn -0.2612 -0.1708 0.9501
vn 0.6478 -0.4186 0.6366
vn -0.6303 0.3604 -0.6876
vn -0.6605 -0.3411 0.6689
vn 0.6707 -0.3119 0.6729
vn -0.6240 0.2896 -0.7258
vn 0.6614 -0.2875 0.6928
vn 0.7374 -0.1239 0.6640
vn -0.7174 0.2409 0.6537
vn -0.1712 0.9741 -0.1480
vn -0.2026 0.9630 -0.1779
vn 0.1241 -0.8169 0.5633
vn -0.0090 -0.6077 0.7941
vn -0.1148 -0.8216 0.5585
vn 0.0689 -0.8865 0.4576
vn -0.0066 -0.8889 0.4580
vn -0.0326 -0.6055 0.7952
vn 0.0234 -0.7005 0.7132
vn 0.0964 -0.7336 0.6727
vn 0.6852 -0.6793 0.2627
vn 0.6476 -0.6990 0.3034
vn -0.2905 -0.5898 0.7535
vn 0.5115 -0.4948 0.7026
vn -0.0361 0.7540 -0.6559
vn 0.4982 -0.5643 0.6583
vn -0.1230 -0.6313 0.7657
vn -0.5410 -0.5731 0.6155
vn 0.1993 -0.6414 0.7408
vn 0.4667 -0.2751 0.8405
vn 0.4568 -0.3343 0.8244
vn 0.5756 -0.3772 0.7256
vn 0.4606 -0.8404 0.2857
vn 0.3709 0.6080 -0.7020
vn 0.8900 -0.4342 0.1391
vn 0.5337 -0.5366 0.6537
vn 0.5233 0.2992 -0.7979
vn -0.5709 0.2557 -0.7802
vn -0.5730 0.2765 -0.7715
vn 0.4468 -0.6554 0.6090
vn 0.3694 -0.7578 0.5379
vn -0.1980 -0.7516 0.6293
vn -0.6474 -0.6399 0.4140
vn -0.4070 -0.6724 0.6182
vn 0.3895 -0.5850 0.7114
vn 0.1422 -0.7720 0.6195
vn 0.6199 -0.4867 0.6155
vn -0.6000 -0.5313 0.5981
vn 0.5636 -0.5434 0.6222
vn -0.5295 0.4233 -0.7352
vn -0.5974 0.3959 -0.6975
vn -0.6016 0.3835 -0.7007
vn 0.1153 -0.7586 0.6413
vn -0.2124 -0.8293 0.5168
vn -0.0229 -0.7751 0.6314
vn -0.0312 -0.7551 0.6548
vn -0.5498 -0.7193 0.4246
vn 0.0306 -0.7100 0.7036
vn 0.1401 -0.8181 0.5578
vn 0.4109 -0.8458 0.3403
vn -0.0892 -0.7330 0.6743
vn 0.2624 -0.7584 0.5966
vn 0.3656 -0.6674 0.6488
vn -0.5859 -0.6909 0.4235
vn -0.0166 -0.7205 0.6933
vn 0.3243 0.5125 -0.7951
vn 0.6824 -0.5871 0.4355
vn 0.7099 -0.5617 0.4249
vn -0.3944 0.6330 -0.6662
vn 0.5793 -0.4157 0.7012
vn 0.5179 -0.4700 0.7148
vn 0.5363 0.4523 -0.7126
vn -0.7014 -0.2506 0.6673
vn 0.6875 -0.2811 0.6696
vn -0.2934 -0.7829 0.5486
vn 0.1692 -0.7805 0.6018
vn -0.0783 -0.6561 0.7506
vn 0.3906 -0.7488 0.5355
vn -0.5414 -0.6410 0.5441
vn -0.1036 -0.6959 0.7107
vn -0.5496 -0.6191 0.5609
vn 0.6872 -0.6501 0.3243
vn -0.0179 -0.7435 0.6685
vn 0.2628 -0.1767 0.9485
vn -0.0351 0.7538 -0.6562
vn 0.6284 -0.3069 0.7148
vn 0.1032 0.7710 -0.6284
vn -0.5491 -0.4587 0.6986
vn -0.5506 -0.4702 0.6898
vn 0.0333 -0.7766 0.6292
vn -0.6693 -0.4547 0.5876
vn -0.5249 -0.4794 0.7033
vn -0.6240 0.2650 -0.7351
vn 0.7311 0.0889 0.6765
vn 0.0641 -0.6292 0.7746
vn 0.0494 -0.8475 0.5285
vn 0.2819 -0.5450 0.7896
vn 0.1259 -0.6228 0.7722
vn 0.1265 -0.6232 0.7717
vn 0.0328 -0.6463 0.7624
vn 0.2966 -0.7002 0.6494
vn -0.2799 -0.7145 0.6412
vn -0.3866 -0.6916 0.6100
vn 0.3695 -0.6052 0.7051
vn -0.6520 -0.5220 0.5500
vn 0.3305 -0.6370 0.6964
vn 0.1619 -0.5507 0.8188
vn -0.4557 -0.5303 0.7149
vn 0.1578 0.7625 -0.6274
vn 0.1404 -0.2678 0.9532
vn -0.1666 0.7265 -0.6666
vn -0.2732 0.5050 -0.8187
vn 0.5477 -0.8066 0.2225
vn -0.0760 -0.6766 0.7324
vn -0.4718 -0.6016 0.6446
vn 0.4205 -0.7711 0.4781
vn 0.4266 -0.4798 0.7667
vn -0.4217 0.6082 -0.6725
vn 0.5468 -0.4476 0.7076
vn 0.6088 0.3526 -0.7106
vn 0.7316 0.0067 0.6817
vn -0.7319 -0.0384 0.6803
vn 0.5601 0.5305 0.6363
vn 0.0485 0.9924 0.1134
vn -0.5026 -0.6960 0.5128
vn -0.0512 -0.6656 0.7445
vn -0.0840 -0.6619 0.7449
vn -0.1367 -0.7979 0.5872
vn -0.0425 -0.9277 0.3709
vn 0.1855 -0.8368 0.5151
vn 0.1598 -0.6670 0.7277
vn 0.1864 -0.6807 0.7085
vn 0.5764 -0.5823 0.5733
vn 0.1841 -0.6963 0.6937
vn -0.2691 -0.6083 0.7467
vn -0.0564 0.7377 -0.6728
vn 0.2836 0.4580 -0.8425
vn -0.7648 -0.5286 0.3683
vn -0.2903 0.5832 -0.7586
vn -0.2850 -0.6225 0.7289
vn -0.6149 -0.5103 0.6012
vn 0.4876 0.4602 -0.7420
vn -0.6335 -0.4059 0.6587
vn 0.6651 -0.4215 0.6165
vn 0.6752 -0.2659 0.6881
vn -0.2958 0.9074 0.2985
vn -0.0358 -0.6692 0.7422
vn -0.2516 -0.7001 0.6682
vn 0.3869 -0.6079 0.6934
vn -0.3188 -0.6943 0.6452
vn 0.0324 -0.7127 0.7007
vn 0.2890 -0.8251 0.4855
vn 0.0720 -0.7653 0.6396
vn 0.1614 -0.7566 0.6337
vn -0.1972 -0.7475 0.6343
vn -0.0904 -0.5599 0.8236
vn 0.2747 -0.6681 0.6915
vn 0.1022 -0.2822 0.9539
vn -0.0560 -0.1567 0.9861
vn -0.3708 -0.6432 0.6699
vn 0.3640 0.6032 -0.7096
vn 0.6275 0.7762 -0.0611
vn -0.6096 -0.4687 0.6393
vn -0.4716 -0.4430 0.7624
vn -0.5051 0.4085 -0.7602
vn 0.6137 -0.3612 0.7020
vn 0.6836 -0.3044 0.6634
vn -0.6195 0.2840 -0.7318
vn 0.2139 -0.7954 0.5671
vn -0.0279 -0.6850 0.7280
vn 0.0254 -0.6887 0.7246
vn 0.0512 -0.6641 0.7459
vn -0.4695 -0.5895 0.6573
vn -0.0367 -0.6438 0.7644
vn -0.5598 -0.6278 0.5409
vn 0.0613 0.7549 -0.6530
vn -0.4134 -0.5649 0.7141
vn 0.2137 0.5693 -0.7939
vn 0.2135 -0.6218 0.7535
vn -0.2882 0.6234 -0.7269
vn 0.5285 -0.4566 0.7157
vn 0.6687 -0.4418 0.5981
vn -0.5173 -0.4389 0.7347
vn 0.5432 -0.4447 0.7122
vn -0.4655 0.4287 -0.7743
vn -0.6435 -0.3635 0.6736
vn -0.6242 -0.3871 0.6786
vn 0.6167 -0.2333 0.7518
vn 0.7125 -0.3137 0.6277
vn 0.5800 0.5980 -0.5532
vn 0.1007 -0.8087 0.5795
vn -0.0584 -0.9217 0.3835
vn -0.0210 -0.6695 0.7425
vn 0.1692 -0.7065 0.6872
vn -0.5350 -0.6476 0.5426
vn -0.6040 -0.6053 0.5185
vn -0.1393 -0.6838 0.7163
vn -0.2321 -0.6788 0.6966
vn 0.6046 -0.3387 0.7210
vn 0.1476 -0.6106 0.7781
vn -0.3465 -0.6026 0.7189
vn 0.5972 -0.5427 0.5907
vn -0.5655 -0.4976 0.6577
vn -0.5412 -0.5009 0.6754
vn 0.2482 -0.5537 0.7949
vn 0.1183 -0.6010 0.7904
vn 0.4915 -0.5298 0.6912
vn -0.7916 -0.3501 0.5008
vn -0.3436 -0.5857 0.7341
vn -0.6573 -0.4315 0.6179
vn -0.4819 0.1746 -0.8587
vn -0.5658 0.2782 -0.7762
vn -0.5195 0.6374 -0.5690
vn -0.2542 0.9326 -0.2561
vn 0.0446 -0.6959 0.7168
vn 0.2681 -0.5304 0.8043
vn -0.0002 -0.7689 0.6394
vn 0.3108 -0.5759 0.7562
vn -0.3341 -0.7750 0.5365
vn 0.5225 -0.4994 0.6911
vn 0.2556 0.5992 -0.7587
vn 0.2373 0.6058 -0.7594
vn -0.4376 -0.4989 0.7481
vn 0.6490 -0.4569 0.6083
vn 0.5509 0.4091 -0.7274
vn -0.5395 0.3440 -0.7685
vn 0.6288 -0.3556 0.6915
vn 0.6121 0.2616 -0.7462
vn 0.6718 -0.1426 0.7269
vn -0.6211 0.2603 -0.7392
vn 0.3275 -0.7701 0.5475
vn -0.1007 -0.7585 0.6439
vn 0.8429 -0.4077 -0.3512
vn -0.4347 -0.6301 0.6434
vn 0.0904 -0.5518 0.8291
vn 0.0218 -0.5925 0.8053
vn 0.3447 -0.5234 0.7792
vn 0.3646 -0.6861 0.6296
vn 0.4308 -0.6569 0.6187
vn 0.5132 -0.5100 0.6903
vn -0.0452 -0.5287 0.8476
vn 0.3845 -0.6418 0.6635
vn -0.1419 0.5284 -0.8370
vn 0.5806 -0.5024 0.6407
vn 0.5564 -0.2905 0.7785
vn 0.4597 -0.4200 0.7825
vn -0.5291 -0.2988 0.7942
vn 0.5415 -0.4212 0.7275
vn -0.5167 0.3577 -0.7778
vn -0.1361 0.9788 0.1531
vn -0.0287 -0.8492 0.5272
vn -0.0100 -0.8523 0.5229
vn -0.2348 -0.6967 0.6779
vn 0.3829 -0.7054 0.5964
vn -0.0847 -0.6913 0.7176
vn 0.2452 -0.6688 0.7019
vn 0.0046 -0.7159 0.6982
vn 0.3000 -0.6424 0.7052
vn -0.2589 -0.6903 0.6756
vn -0.3465 -0.5741 0.7419
vn 0.2672 -0.6211 0.7368
vn 0.3480 -0.4413 0.8271
vn 0.6838 -0.4494 0.5748
vn 0.4711 0.0449 -0.8809
vn 0.7047 -0.4778 0.5245
vn 0.4950 0.4255 -0.7576
vn 0.6242 -0.2545 0.7387
vn 0.5857 0.2919 -0.7561
vn 0.7103 -0.1940 0.6766
vn 0.3624 0.8423 -0.3989
vn -0.2668 -0.8259 0.4966
vn -0.2723 -0.9043 0.3288
vn -0.1803 -0.6262 0.7585
vn -0.7098 -0.6160 0.3416
vn -0.6518 -0.6647 0.3651
vn -0.3372 -0.4838 0.8076
vn -0.2157 -0.6822 0.6986
vn -0.2498 -0.6510 0.7168
vn 0.6610 -0.4415 0.6067
vn 0.2528 -0.6277 0.7363
vn -0.7977 -0.3465 0.4935
vn -0.3784 -0.4601 0.8032
vn -0.2481 0.6453 -0.7226
vn -0.3646 -0.4606 0.8093
vn -0.8038 -0.5742 0.1556
vn 0.3576 -0.4929 0.7932
vn -0.4991 0.2499 -0.8298
vn 0.2430 0.9337 0.2629
vn 0.0532 0.9970 0.0555
vn -0.2184 -0.5107 0.8315
vn 0.2837 -0.6454 0.7093
vn 0.2331 -0.4907 0.8396
vn 0.3400 -0.6118 0.7142
vn -0.2562 -0.7401 0.6217
vn 0.4079 -0.5591 0.7219
vn -0.4064 -0.5465 0.7322
vn -0.1375 -0.4180 0.8980
vn -0.5193 -0.4724 0.7121
vn -0.2110 -0.5507 0.8076
vn -0.0908 0.6038 -0.7920
vn 0.5136 -0.4087 0.7545
vn -0.6459 -0.5271 0.5522
vn 0.5888 -0.4421 0.6767
vn -0.4686 0.3365 -0.8168
vn -0.6089 -0.3384 0.7174
vn -0.6299 -0.3214 0.7070
vn -0.5152 0.6612 0.5454
vn 0.0250 0.9996 -0.0161
vn 0.1772 0.9718 -0.1555
vn 0.1571 -0.7085 0.6880
vn 0.2137 -0.6995 0.6819
vn -0.5013 -0.6504 0.5706
vn 0.3481 -0.7508 0.5614
vn -0.6363 -0.5806 0.5079
vn -0.5430 -0.6344 0.5501
vn 0.7244 -0.6096 0.3219
vn 0.2493 -0.4821 0.8399
vn -0.2378 -0.6648 0.7081
vn -0.7867 -0.3304 0.5215
vn -0.2988 -0.6279 0.7187
vn -0.6425 -0.5653 0.5173
vn 0.6202 -0.6561 0.4300
vn -0.6765 -0.5537 0.4855
vn 0.1683 -0.6900 0.7040
vn -0.1992 0.5737 -0.7945
vn -0.2676 -0.3312 0.9048
vn 0.5109 -0.4794 0.7135
vn -0.1618 -0.2129 0.9636
vn 0.3739 -0.5127 0.7729
vn -0.6709 -0.2981 0.6790
vn 0.7784 -0.2435 0.5787
vn -0.4213 0.3880 -0.8197
vn 0.6365 -0.2853 0.7166
vn 0.5037 0.3391 -0.7945
vn -0.5471 0.2575 -0.7965
vn -0.6880 0.0055 0.7257
vn -0.5400 0.2737 -0.7959
vn -0.4106 0.7901 0.4551
vn -0.1387 -0.6021 0.7863
vn 0.2164 -0.6862 0.6945
vn -0.0321 -0.6067 0.7943
vn 0.2037 -0.6737 0.7103
vn 0.1385 -0.7052 0.6954
vn -0.2833 -0.6451 0.7097
vn -0.6409 -0.5667 0.5177
vn 0.1696 -0.5627 0.8091
vn 0.5904 -0.4362 0.6791
vn -0.6027 -0.4914 0.6287
vn -0.3748 0.2903 -0.8805
vn -0.2963 -0.2786 0.9136
vn -0.4231 0.2193 -0.8792
vn 0.6777 -0.3679 0.6367
vn -0.4400 0.3467 -0.8284
vn 0.5880 0.2819 -0.7582
vn 0.6835 -0.0230 0.7296
vn -0.1382 0.9728 0.1860
vn 0.1926 -0.6152 0.7645
vn -0.2311 -0.5228 0.8205
vn -0.2786 -0.7457 0.6053
vn 0.9856 0.1093 -0.1288
vn -0.2575 -0.6947 0.6717
vn -0.3904 -0.6608 0.6410
vn 0.2184 0.5809 -0.7841
vn -0.2928 -0.6203 0.7277
vn -0.3271 -0.6030 0.7276
vn 0.6152 -0.4051 0.6763
vn 0.3335 0.6995 -0.6321
vn -0.5911 -0.5010 0.6322
vn 0.4362 0.1989 -0.8776
vn -0.4849 0.2855 -0.8267
vn -0.5790 0.2580 -0.7734
vn -0.6334 -0.2729 0.7241
vn 0.6195 0.4778 0.6229
vn 0.5328 0.6250 0.5706
vn -0.4818 0.4891 -0.7271
vn 0.0296 -0.9315 0.3624
vn 0.0523 -0.5338 0.8440
vn -0.1944 -0.7522 0.6296
vn 0.2372 -0.6352 0.7350
vn 0.2563 -0.6554 0.7105
vn 0.4105 -0.5097 0.7561
vn 0.4569 -0.3771 0.8056
vn 0.2959 -0.5988 0.7442
vn -0.0774 0.5753 -0.8143
vn 0.3196 -0.4987 0.8057
vn -0.4368 -0.5911 0.6781
vn -0.2094 0.6300 -0.7478
vn -0.5340 -0.5020 0.6803
vn 0.5523 -0.3760 0.7440
vn 0.4160 0.4247 -0.8041
vn 0.7096 -0.2744 0.6490
vn -0.5897 -0.3431 0.7311
vn -0.5443 0.3076 -0.7805
vn -0.1829 0.9559 -0.2296
vn -0.1849 -0.5270 0.8295
vn -0.1647 -0.7229 0.6711
vn 0.0931 -0.6268 0.7736
vn 0.3040 -0.5227 0.7965
vn -0.0009 -0.6540 0.7565
vn 0.2862 -0.7678 0.5732
vn -0.1648 -0.6117 0.7737
vn -0.3103 -0.4890 0.8152
vn -0.2908 -0.5033 0.8137
vn -0.6733 -0.1973 0.7126
vn -0.1694 0.6610 -0.7310
vn -0.4071 -0.7198 0.5623
vn 0.5901 -0.3268 0.7382
vn 0.4506 0.4204 -0.7875
vn 0.5969 -0.3376 0.7278
vn -0.5876 -0.3467 0.7311
vn 0.4650 0.2815 -0.8394
vn 0.0666 0.9942 0.0845
vn 0.0826 -0.8101 0.5804
vn 0.0687 -0.8029 0.5921
vn -0.2297 -0.7296 0.6441
vn 0.1549 -0.4761 0.8656
vn 0.0221 -0.5248 0.8509
vn -0.2678 -0.5710 0.7760
vn -0.4088 -0.5035 0.7612
vn 0.1321 -0.5851 0.8002
vn -0.6443 -0.5582 0.5228
vn 0.3520 -0.5503 0.7571
vn 0.2745 -0.6063 0.7464
vn 0.0316 -0.6101 0.7917
vn -0.1132 0.5788 -0.8076
vn -0.2293 0.6850 -0.6915
vn -0.5730 -0.2728 0.7728
vn 0.3760 -0.4729 0.7969
vn -0.4488 -0.3041 0.8403
vn -0.3704 0.4261 -0.8253
vn 0.3558 -0.5304 0.7695
vn 0.7327 0.0578 0.6781
vn 0.5136 -0.4103 0.7536
vn -0.6051 -0.3394 0.7202
vn 0.1719 -0.7668 0.6184
vn -0.1304 -0.6147 0.7779
vn 0.0374 -0.7256 0.6870
vn 0.1194 -0.6250 0.7714
vn -0.6956 -0.3943 0.6005
vn -0.3399 -0.5168 0.7857
vn -0.2184 -0.5875 0.7792
vn 0.3483 -0.5527 0.7571
vn 0.0925 -0.7802 0.6186
vn -0.2329 -0.7283 0.6444
vn 0.0388 -0.3190 0.9470
vn -0.0085 -0.3251 0.9457
vn -0.2814 -0.5344 0.7970
vn -0.2134 -0.6024 0.7692
vn 0.4435 -0.3151 0.8391
vn 0.0322 -0.5147 0.8568
vn 0.0819 0.5782 -0.8117
vn 0.6402 -0.5468 0.5396
vn 0.7573 -0.4394 0.4831
vn 0.3593 -0.0702 -0.9306
vn 0.3442 0.2910 -0.8927
vn 0.4909 -0.3013 0.8174
vn -0.5183 -0.3589 0.7763
vn 0.4646 -0.5434 0.6991
vn -0.4072 -0.6229 0.6680
vn 0.4719 0.3334 -0.8162
vn 0.6205 -0.2567 0.7410
vn 0.6514 -0.0646 0.7560
vn -0.6450 -0.1497 0.7494
vn 0.2989 0.8372 -0.4579
vn -0.2764 0.6889 -0.6701
vn -0.1221 0.9862 -0.1117
vn -0.1274 -0.6086 0.7831
vn -0.1004 -0.9013 0.4214
vn -0.1098 -0.6168 0.7794
vn -0.0781 -0.5663 0.8205
vn 0.3599 -0.5553 0.7497
vn -0.0537 -0.5245 0.8497
vn -0.4404 -0.4619 0.7699
vn -0.0335 0.5256 -0.8501
vn -0.4945 -0.0935 0.8642
vn 0.4194 -0.4901 0.7641
vn -0.2997 -0.6756 0.6736
vn 0.2997 -0.3977 0.8672
vn 0.5338 -0.5225 0.6649
vn -0.3914 0.4019 -0.8278
vn 0.5971 -0.3244 0.7337
vn -0.6235 -0.2476 0.7416
vn 0.6278 -0.2300 0.7436
vn 0.3097 -0.4123 0.8568
vn -0.1558 -0.7104 0.6864
vn -0.2523 -0.6810 0.6874
vn 0.0021 -0.6602 0.7511
vn 0.2657 -0.6445 0.7170
vn -0.0068 -0.5407 0.8412
vn 0.4422 -0.7953 0.4146
vn 0.4839 -0.6170 0.6206
vn -0.2807 -0.5853 0.7606
vn 0.5163 -0.5137 0.6852
vn -0.3920 -0.6073 0.6911
vn -0.1950 0.7205 -0.6654
vn 0.6566 -0.5006 0.5642
vn 0.5359 -0.5179 0.6667
vn 0.3789 0.3985 -0.8352
vn 0.4797 0.3283 -0.8137
vn -0.4585 0.2660 -0.8479
vn 0.6192 -0.2866 0.7310
vn -0.1123 -0.6325 0.7664
vn 0.0937 -0.6488 0.7552
vn -0.3002 -0.6582 0.6904
vn 0.4770 -0.6922 0.5416
vn -0.0677 -0.4134 0.9080
vn -0.4726 -0.6199 0.6264
vn -0.4863 -0.6021 0.6333
vn -0.3098 -0.6907 0.6534
vn 0.2279 -0.4373 0.8700
vn 0.2692 -0.4599 0.8462
vn -0.1918 -0.6273 0.7548
vn 0.3421 -0.5647 0.7510
vn -0.4163 -0.5053 0.7559
vn 0.3987 -0.9150 -0.0611
vn 0.4615 -0.4459 0.7670
vn -0.4337 -0.4873 0.7579
vn 0.6080 -0.4479 0.6555
vn -0.4664 -0.4829 0.7411
vn -0.2717 0.1960 -0.9422
vn 0.2951 -0.0582 -0.9537
vn 0.6549 -0.5088 0.5588
vn 0.4856 0.2703 -0.8314
vn 0.6126 -0.2604 0.7462
vn -0.4709 0.2055 -0.8579
vn 0.3242 0.7809 -0.5339
vn -0.3962 -0.5520 0.7337
vn -0.1447 -0.6290 0.7638
vn -0.0466 -0.7127 0.6999
vn 0.0415 -0.7279 0.6844
vn 0.0292 -0.7082 0.7054
vn 0.2552 -0.3435 0.9038
vn -0.2186 -0.5947 0.7736
vn -0.4361 -0.6203 0.6520
vn -0.4837 -0.7357 0.4741
vn 0.1809 0.5898 -0.7870
vn 0.4223 -0.5123 0.7478
vn -0.0285 -0.3451 0.9381
vn -0.7133 -0.3239 0.6215
vn 0.4783 -0.2015 0.8548
vn 0.4877 -0.0952 0.8678
vn 0.5676 -0.4184 0.7091
vn 0.4687 -0.5409 0.6983
vn -0.3522 0.3331 -0.8746
vn 0.4285 0.3128 -0.8477
vn -0.5500 0.3555 0.7557
vn -0.4503 0.3614 -0.8165
vn -0.4050 0.7620 0.5053
vn 0.0701 0.9901 -0.1219
vn -0.0035 0.9992 -0.0394
vn -0.1066 -0.5693 0.8152
vn 0.1118 -0.6968 0.7085
vn -0.2667 -0.4872 0.8316
vn 0.0240 -0.6506 0.7590
vn 0.0848 -0.6204 0.7797
vn -0.3820 -0.5284 0.7582
vn 0.1695 -0.7849 0.5960
vn -0.1529 -0.5752 0.8036
vn 0.4485 -0.6923 0.5652
vn -0.5473 -0.6538 0.5225
vn 0.4639 -0.6526 0.5991
vn 0.0146 0.5732 -0.8193
vn 0.1548 -0.3596 0.9202
vn -0.2985 0.2645 -0.9170
vn -0.4877 -0.4611 0.7413
vn 0.4356 -0.1896 0.8799
vn -0.5963 -0.3182 0.7370
vn -0.4886 0.2941 -0.8215
vn 0.1473 0.9640 0.2213
vn 0.2160 -0.7065 0.6740
vn 0.0685 -0.6361 0.7685
vn -0.4701 -0.8023 0.3680
vn 0.3192 -0.2584 0.9118
vn -0.0871 -0.6835 0.7247
vn 0.2872 -0.6171 0.7326
vn -0.6144 0.0451 0.7877
vn 0.2731 -0.4185 0.8662
vn 0.3532 -0.6801 0.6425
vn 0.0240 -0.4434 0.8960
vn -0.4404 -0.5104 0.7386
vn 0.2146 -0.5311 0.8197
vn -0.0918 -0.5668 0.8188
vn -0.4402 -0.5128 0.7371
vn 0.0870 0.5761 -0.8127
vn 0.1081 -0.2491 0.9624
vn 0.4379 -0.2588 0.8610
vn -0.2741 0.4211 -0.8646
vn 0.5872 -0.5436 0.5997
vn 0.2737 0.4226 -0.8640
vn 0.7668 -0.3363 0.5467
vn 0.3705 0.3730 -0.8506
vn -0.4148 0.3032 -0.8579
vn 0.1427 0.9808 0.1328
vn 0.8012 -0.5676 0.1897
vn -0.1107 -0.5607 0.8206
vn 0.0354 -0.6433 0.7648
vn -0.0047 -0.8035 0.5953
vn -0.2073 -0.4315 0.8780
vn 0.4319 -0.5723 0.6971
vn 0.3123 -0.7035 0.6384
vn 0.5013 -0.4954 0.7094
vn 0.2313 -0.5371 0.8112
vn -0.0734 0.5828 -0.8093
vn 0.6624 -0.3447 0.6651
vn 0.1763 0.1829 -0.9672
vn -0.2057 0.3273 -0.9223
vn 0.4837 -0.5894 0.6470
vn -0.3986 -0.4679 0.7888
vn 0.5881 -0.5251 0.6152
vn 0.2821 0.4141 -0.8654
vn 0.2878 0.3541 -0.8898
vn -0.3506 0.3393 -0.8729
vn 0.6198 0.0748 0.7812
vn -0.5279 0.4360 0.7288
vn 0.4203 0.6737 -0.6078
vn -0.3660 0.6479 -0.6680
vn -0.3048 0.7359 -0.6045
vn 0.2877 -0.6421 0.7106
vn 0.1216 -0.6550 0.7458
vn -0.0965 -0.4895 0.8666
vn -0.2557 -0.5422 0.8004
vn 0.0771 -0.6430 0.7620
vn 0.0255 -0.7121 0.7016
vn -0.5056 -0.3680 0.7804
vn 0.1510 -0.7547 0.6385
vn 0.2506 -0.4603 0.8516
vn 0.1282 -0.4444 0.8866
vn -0.6624 -0.4851 0.5709
vn -0.1411 -0.6088 0.7807
vn -0.7071 -0.4505 0.5451
vn -0.4065 -0.5563 0.7247
vn 0.4775 0.4890 0.7300
vn -0.4250 -0.1980 0.8833
vn -0.4981 -0.5691 0.6542
vn -0.0868 -0.7332 0.6745
vn 0.8216 -0.2467 0.5138
vn -0.5445 -0.4417 0.7130
vn -0.0846 0.3855 -0.9188
vn 0.1142 0.0772 -0.9904
vn -0.1353 0.2908 -0.9472
vn 0.4625 -0.5036 0.7297
vn 0.3257 0.3408 -0.8819
vn 0.5877 -0.3010 0.7510
vn 0.5127 -0.4280 0.7443
vn -0.4203 0.3033 -0.8552
vn 0.5415 -0.3011 0.7849
vn -0.5422 -0.2672 0.7966
vn 0.5055 0.5816 0.6374
vn -0.8730 -0.0536 0.4848
vn 0.3370 -0.4712 0.8151
vn 0.0633 -0.5616 0.8250
vn 0.0132 -0.5894 0.8077
vn 0.4676 -0.5738 0.6724
vn 0.0397 -0.6760 0.7358
vn -0.3367 -0.6486 0.6826
vn -0.6870 -0.3175 0.6536
vn -0.4696 -0.6366 0.6117
vn -0.5966 -0.5923 0.5416
vn -0.1735 -0.4753 0.8625
vn 0.1103 0.0901 -0.9898
vn -0.0655 0.2742 -0.9594
vn 0.5847 -0.5005 0.6384
vn -0.5582 -0.3231 0.7642
vn 0.3751 0.2386 -0.8957
vn -0.1759 -0.3674 0.9133
vn 0.0145 0.1420 -0.9898
vn -0.1092 -0.4543 0.8841
vn 0.1119 0.0925 -0.9894
vn 0.3225 -0.5587 0.7641
vn 0.0140 0.1415 -0.9898
vn 0.2514 -0.4345 0.8649
vn -0.5435 -0.4422 0.7135
vn -0.1552 0.4097 -0.8989
vn -0.4683 -0.3970 0.7894
vn 0.2778 -0.3810 0.8819
vn -0.2702 0.4041 -0.8739
vn 0.3669 -0.0305 0.9298
vn 0.4675 -0.3663 0.8046
vn -0.6023 0.0769 0.7946
vn -0.3406 0.3104 -0.8875
vn -0.4102 0.2437 -0.8788
vn 0.3220 0.6205 -0.7151
vn -0.0942 0.9668 -0.2374
vn -0.0624 0.9793 -0.1928
vn -0.1893 -0.5758 0.7954
vn -0.4715 -0.7969 0.3776
vn -0.4440 -0.3679 0.8170
vn 0.5608 -0.2522 0.7886
vn -0.0259 -0.5663 0.8238
vn -0.2285 -0.5359 0.8128
vn -0.4330 -0.2263 0.8725
vn -0.3464 -0.1766 0.9213
vn -0.0763 -0.7010 0.7090
vn 0.0822 -0.7258 0.6830
vn 0.2825 -0.4851 0.8276
vn -0.3195 -0.4925 0.8095
vn 0.1142 0.0818 -0.9901
vn 0.5422 -0.4317 0.7209
vn 0.6441 -0.2388 0.7267
vn -0.5343 -0.0330 0.8447
vn -0.3616 0.2926 -0.8852
vn -0.3828 0.2899 -0.8771
vn -0.5456 -0.2631 0.7957
vn 0.5190 0.5576 0.6479
vn -0.1328 0.9828 0.1285
vn -0.3506 0.6470 -0.6771
vn 0.0481 -0.5975 0.8005
vn -0.0345 -0.5777 0.8155
vn -0.0888 -0.5684 0.8180
vn 0.3275 0.0487 0.9436
vn 0.0389 -0.6178 0.7853
vn 0.0399 -0.6443 0.7637
vn -0.4740 -0.2929 0.8304
vn -0.0054 -0.6478 0.7618
vn 0.2619 -0.4694 0.8433
vn -0.0533 -0.5245 0.8497
vn 0.2189 -0.5174 0.8273
vn -0.4216 -0.4103 0.8086
vn -0.1230 -0.1878 0.9745
vn 0.1787 -0.6003 0.7795
vn -0.5989 -0.4587 0.6564
vn -0.5495 -0.4798 0.6840
vn 0.2480 -0.3499 0.9034
vn 0.2074 0.3634 -0.9083
vn -0.4915 -0.3039 0.8162
vn -0.5677 -0.0958 0.8176
vn 0.1216 0.9852 0.1206
vn 0.5692 -0.4108 0.7122
vn 0.0062 -0.6167 0.7872
vn 0.0712 -0.6028 0.7947
vn 0.2275 -0.5628 0.7947
vn 0.0284 -0.6428 0.7655
vn -0.1781 -0.5540 0.8132
vn 0.2151 -0.4753 0.8531
vn -0.1640 -0.5922 0.7889
vn -0.0608 -0.5849 0.8088
vn -0.6212 -0.3527 0.6998
vn -0.7339 -0.1352 0.6657
vn 0.6360 -0.3272 0.6989
vn 0.3851 -0.6205 0.6831
vn -0.1231 -0.5935 0.7953
vn 0.5539 -0.3412 0.7595
vn 0.5869 -0.2705 0.7632
vn 0.0154 -0.3176 0.9481
vn -0.1507 0.4177 -0.8960
vn -0.3252 -0.4830 0.8130
vn 0.4723 -0.4264 0.7714
vn 0.5041 -0.3604 0.7848
vn 0.2496 0.3323 -0.9095
vn -0.3130 0.3019 -0.9005
vn -0.5491 -0.2636 0.7931
vn -0.4048 0.2337 -0.8841
vn -0.0931 0.9670 -0.2370
vn -0.0971 -0.5617 0.8216
vn 0.0136 -0.5469 0.8371
vn -0.1699 -0.7170 0.6760
vn 0.0555 -0.6201 0.7826
vn -0.3480 -0.5771 0.7388
vn -0.1481 -0.6068 0.7810
vn 0.0542 -0.6588 0.7504
vn 0.2123 -0.4948 0.8427
vn -0.4183 -0.6568 0.6274
vn 0.4471 -0.5561 0.7006
vn -0.6386 -0.3665 0.6767
vn -0.0540 0.4269 -0.9027
vn -0.0015 0.4071 -0.9134
vn 0.0867 0.3913 -0.9162
vn -0.0596 0.4227 -0.9043
vn 0.2996 -0.4084 0.8622
vn -0.5397 -0.2922 0.7895
vn 0.5752 -0.1623 0.8017
vn 0.4606 -0.4269 0.7782
vn -0.2402 0.3729 -0.8962
vn 0.4286 0.2736 -0.8610
vn 0.2756 0.8872 0.3700
vn -0.2169 -0.6930 0.6875
vn 0.2964 -0.3824 0.8752
vn 0.1471 -0.6633 0.7337
vn -0.2039 -0.4077 0.8901
vn -0.4676 -0.5811 0.6661
vn -0.3310 -0.4325 0.8387
vn -0.3256 -0.4502 0.8314
vn 0.4463 -0.4421 0.7781
vn -0.0745 0.3734 -0.9247
vn -0.2401 0.3735 -0.8960
vn -0.2739 0.3256 -0.9050
vn 0.2341 0.2920 -0.9273
vn 0.2828 0.2720 -0.9198
vn 0.3378 0.2911 -0.8951
vn -0.3341 0.2762 -0.9012
vn -0.3530 0.2441 -0.9032
vn 0.5768 -0.1054 0.8100
vn 0.3396 0.5330 -0.7750
vn -0.2779 0.7398 -0.6128
vn -0.1090 0.9505 -0.2911
vn 0.1936 -0.3585 0.9132
vn -0.1680 -0.7219 0.6713
vn -0.3596 -0.5872 0.7252
vn 0.3415 -0.3361 0.8777
vn -0.0055 -0.6451 0.7641
vn -0.2160 -0.4653 0.8584
vn 0.1755 -0.6380 0.7498
vn 0.2354 -0.5059 0.8299
vn 0.5865 -0.2061 0.7833
vn -0.3723 -0.3573 0.8566
vn 0.1387 0.3534 -0.9251
vn -0.4805 -0.4210 0.7693
vn -0.5049 -0.3720 0.7789
vn 0.5120 -0.0908 0.8542
vn 0.4617 0.5004 0.7324
vn -0.3172 0.8475 0.4256
vn 0.1175 0.9449 -0.3057
vn -0.0985 0.9940 0.0467
vn 0.0660 -0.7015 0.7096
vn 0.2477 -0.7202 0.6480
vn -0.0963 -0.4260 0.8996
vn -0.1142 -0.5158 0.8490
vn 0.1430 -0.7902 0.5960
vn 0.0478 -0.6544 0.7546
vn -0.0581 -0.5421 0.8383
vn -0.5081 -0.4682 0.7229
vn 0.2771 -0.5306 0.8010
vn -0.2353 -0.5380 0.8094
vn 0.2024 -0.3772 0.9037
vn 0.0536 -0.4335 0.8996
vn -0.3522 -0.4602 0.8150
vn 0.1307 -0.5252 0.8409
vn -0.3250 -0.3272 0.8873
vn 0.1312 0.3572 -0.9247
vn 0.0542 0.4972 -0.8659
vn 0.2049 0.2921 -0.9342
vn -0.5016 -0.2045 0.8406
vn -0.3083 0.2820 -0.9085
vn 0.4811 0.4567 0.7483
vn 0.0125 0.9829 -0.1836
vn 0.1215 0.9892 0.0825
vn -0.0901 -0.4276 0.8995
vn 0.2024 -0.2946 0.9340
vn 0.3578 -0.2864 0.8888
vn -0.3623 -0.1092 0.9256
vn 0.0482 -0.2853 0.9572
vn 0.2026 -0.1754 0.9634
vn -0.3024 -0.8736 0.3813
vn -0.3211 -0.2483 0.9139
vn 0.3146 -0.6706 0.6718
vn 0.2152 -0.7522 0.6228
vn -0.1776 -0.4537 0.8733
vn -0.3428 -0.1776 0.9224
vn -0.1933 -0.4094 0.8916
vn -0.4736 0.0113 0.8807
vn 0.3747 -0.4192 0.8270
vn -0.4075 -0.4556 0.7914
vn 0.0230 -0.4478 0.8939
vn 0.0867 -0.5233 0.8477
vn 0.2746 -0.2451 0.9298
vn 0.0213 0.3769 -0.9260
vn 0.3562 -0.4665 0.8096
vn -0.1077 0.3670 -0.9240
vn 0.4336 -0.1132 0.8940
vn -0.5197 -0.1820 0.8347
vn 0.4515 -0.3233 0.8316
vn -0.2082 0.3166 -0.9254
vn -0.2112 0.2965 -0.9314
vn -0.2671 0.2788 -0.9225
vn 0.4496 -0.2584 0.8550
vn -0.2800 0.2696 -0.9214
vn 0.5194 -0.1913 0.8328
vn -0.4964 0.4247 0.7571
vn 0.3278 0.7950 0.5105
vn 0.2738 0.8802 0.3876
vn -0.1119 -0.5104 0.8526
vn -0.1283 -0.6416 0.7562
vn 0.2068 -0.5825 0.7861
vn -0.1740 -0.1877 0.9667
vn 0.3128 -0.6063 0.7312
vn 0.4608 -0.3991 0.7927
vn 0.0774 -0.4416 0.8939
vn -0.1870 -0.8245 0.5340
vn -0.0717 -0.9144 0.3983
vn 0.1957 -0.3778 0.9050
vn -0.1613 -0.5959 0.7867
vn 0.2041 -0.3700 0.9063
vn -0.2569 -0.3900 0.8842
vn 0.3734 -0.4238 0.8252
vn -0.3603 -0.3680 0.8572
vn 0.3180 -0.2722 0.9082
vn 0.0315 0.4087 -0.9121
vn 0.4204 -0.3495 0.8373
vn -0.4757 -0.4398 0.7618
vn -0.2793 0.6493 -0.7074
vn 0.1288 -0.3295 0.9353
vn -0.1441 -0.1583 0.9768
vn 0.3364 -0.6491 0.6823
vn 0.0599 -0.2886 0.9556
vn 0.0656 -0.2541 0.9649
vn -0.1436 -0.1702 0.9749
vn -0.3530 -0.5694 0.7424
vn 0.4319 -0.4626 0.7742
vn -0.0749 -0.2011 0.9767
vn 0.4010 -0.4363 0.8055
vn -0.1148 0.3322 -0.9362
vn -0.2349 0.2730 -0.9329
vn -0.0679 0.8942 -0.4426
vn 0.2452 0.5186 -0.8191
vn -0.1944 0.6278 -0.7537
vn 0.2001 0.7654 -0.6117
vn -0.2156 -0.2692 0.9387
vn -0.1888 -0.5412 0.8194
vn -0.1205 -0.3414 0.9322
vn 0.2933 -0.6223 0.7258
vn -0.0557 -0.8448 0.5322
vn 0.0091 -0.5110 0.8595
vn 0.0558 -0.5922 0.8038
vn -0.2028 -0.7640 0.6126
vn -0.2129 -0.7467 0.6302
vn 0.1557 -0.5532 0.8184
vn 0.0585 0.0257 0.9980
vn 0.2032 -0.5618 0.8020
vn 0.2262 -0.5076 0.8314
vn -0.0406 -0.5682 0.8219
vn -0.0298 0.3186 -0.9474
vn -0.4989 -0.2177 0.8389
vn 0.4860 -0.2000 0.8507
vn 0.4516 -0.2574 0.8543
vn -0.1754 0.1084 -0.9785
vn -0.5115 -0.2070 0.8340
vn -0.3603 0.7469 0.5589
vn -0.1394 0.9882 0.0640
vn -0.5026 -0.8240 0.2615
vn -0.0610 -0.4185 0.9062
vn 0.0116 -0.2853 0.9584
vn -0.4765 -0.7497 0.4592
vn 0.4340 -0.5997 0.6724
vn -0.5463 -0.6961 0.4659
vn -0.8000 -0.2937 0.5232
vn -0.4129 -0.3668 0.8336
vn 0.3880 -0.3256 0.8622
vn -0.4568 -0.1735 0.8725
vn -0.0306 0.3089 -0.9506
vn -0.2639 0.2730 -0.9251
vn 0.1555 0.9652 0.2101
vn 0.0923 0.8451 -0.5266
vn -0.1103 0.8307 -0.5457
vn 0.0624 0.9621 -0.2654
vn 0.3828 -0.8708 0.3085
vn -0.0418 -0.5284 0.8480
vn -0.0467 -0.5823 0.8116
vn -0.2019 -0.5613 0.8026
vn 0.1275 -0.3904 0.9118
vn -0.1826 -0.5734 0.7987
vn 0.0109 -0.2861 0.9581
vn -0.4839 -0.5271 0.6986
vn 0.2267 -0.4649 0.8558
vn 0.8553 -0.4171 0.3074
vn 0.2515 -0.5001 0.8286
vn 0.2701 -0.4126 0.8700
vn -0.3313 -0.4614 0.8230
vn -0.3676 -0.4312 0.8240
vn 0.4307 -0.4504 0.7821
vn -0.5053 0.2801 0.8162
vn -0.3029 0.1798 -0.9359
vn -0.0303 0.7919 -0.6099
vn 0.2357 -0.5624 0.7926
vn 0.2091 -0.4912 0.8456
vn -0.0041 -0.4921 0.8706
vn 0.1221 -0.5342 0.8365
vn -0.1994 -0.7220 0.6625
vn -0.2100 -0.4312 0.8775
vn -0.3428 -0.4573 0.8206
vn 0.1658 -0.4400 0.8826
vn -0.3414 -0.4392 0.8310
vn 0.3581 -0.3826 0.8517
vn -0.3971 -0.4357 0.8078
vn 0.0419 0.2952 -0.9545
vn 0.0242 0.2790 -0.9600
vn 0.0690 0.2891 -0.9548
vn -0.0882 0.2767 -0.9569
vn -0.1051 0.2396 -0.9652
vn 0.0982 0.2627 -0.9599
vn 0.4658 0.3760 0.8011
vn -0.0578 -0.5691 0.8202
vn -0.1742 -0.6117 0.7717
vn -0.1042 -0.5732 0.8127
vn 0.1864 -0.3960 0.8991
vn -0.4116 -0.4295 0.8038
vn -0.2836 -0.4642 0.8391
vn 0.2995 -0.3622 0.8827
vn -0.4022 -0.2921 0.8677
vn -0.4420 -0.2233 0.8688
vn -0.0574 0.3441 -0.9372
vn -0.3846 -0.4433 0.8097
vn 0.1513 0.2707 -0.9507
vn -0.1494 0.2368 -0.9600
vn -0.1483 0.2371 -0.9601
vn 0.3464 0.7298 0.5895
vn -0.0071 0.3165 -0.9486
vn -0.2767 0.4472 -0.8506
vn -0.0647 -0.4182 0.9061
vn 0.1627 -0.5061 0.8470
vn 0.0975 -0.4809 0.8713
vn -0.0372 -0.5940 0.8036
vn 0.5901 -0.3962 0.7034
vn 0.2633 -0.4341 0.8615
vn -0.2377 -0.5683 0.7878
vn 0.2339 -0.4258 0.8741
vn -0.0401 -0.5685 0.8217
vn 0.0085 -0.5768 0.8168
vn -0.5306 -0.4841 0.6957
vn 0.5660 -0.3005 0.7677
vn 0.2903 -0.4498 0.8446
vn 0.0816 -0.5621 0.8230
vn 0.3809 -0.3631 0.8504
vn 0.4026 -0.2470 0.8814
vn -0.0049 0.2081 -0.9781
vn 0.0179 0.2382 -0.9711
vn 0.1085 0.2476 -0.9628
vn 0.4685 -0.0692 0.8808
vn -0.2691 -0.5797 0.7691
vn -0.1969 -0.4250 0.8835
vn 0.1685 -0.4664 0.8684
vn -0.2219 -0.4749 0.8516
vn -0.0255 -0.4235 0.9056
vn -0.3658 -0.4069 0.8370
vn 0.0991 -0.5731 0.8135
vn 0.2584 -0.4799 0.8384
vn 0.3934 -0.4503 0.8015
vn -0.4144 -0.4297 0.8023
vn 0.2806 -0.4769 0.8330
vn -0.0083 0.1978 -0.9802
vn -0.4437 -0.1717 0.8796
vn -0.0524 0.2399 -0.9694
vn 0.0876 0.2242 -0.9706
vn -0.0690 0.2082 -0.9756
vn -0.0200 0.1094 -0.9938
vn 0.4195 -0.2023 0.8849
vn 0.0291 0.1140 -0.9931
vn -0.0068 0.1401 -0.9901
vn -0.1329 0.2833 -0.9498
vn 0.2361 0.9636 0.1257
vn 0.1352 0.9894 -0.0538
vn 0.0973 0.9109 -0.4011
vn -0.0439 -0.0389 -0.9983
vn -0.0184 0.1380 -0.9903
vn 0.0116 -0.0029 -0.9999
vn -0.2249 0.0123 -0.9743
vn -0.0056 -0.1456 -0.9893
vn 0.2578 -0.4438 0.8582
vn 0.2112 -0.4502 0.8676
vn 0.3459 -0.0896 0.9340
vn -0.0557 -0.4850 0.8728
vn 0.1608 -0.4097 0.8980
vn -0.1712 -0.4285 0.8872
vn 0.3887 -0.3266 0.8615
vn -0.4376 -0.1799 0.8810
vn 0.0661 0.1782 -0.9818
vn -0.0371 -0.0607 -0.9975
vn 0.4672 0.1390 0.8732
vn 0.0488 0.2764 -0.9598
vn -0.3594 0.7356 0.5743
vn 0.0279 0.0060 -0.9996
vn -0.0206 -0.0474 -0.9987
vn -0.1992 0.9751 -0.0978
vn 0.2723 -0.0036 -0.9622
vn 0.1220 0.1824 -0.9756
vn -0.1186 0.1262 -0.9849
vn 0.0263 0.2077 -0.9778
vn 0.1465 -0.4412 0.8854
vn 0.5195 -0.4165 0.7461
vn -0.0767 -0.4784 0.8748
vn 0.3220 -0.2973 0.8988
vn -0.2550 -0.3516 0.9007
vn -0.2881 -0.4704 0.8341
vn 0.2952 -0.9502 -0.1004
vn -0.4423 -0.2255 0.8680
vn -0.3142 -0.3419 0.8857
vn -0.3753 -0.2837 0.8824
vn -0.4011 -0.2962 0.8668
vn -0.3680 -0.4737 0.8001
vn 0.4292 -0.3017 0.8514
vn 0.0116 0.1475 -0.9890
vn -0.0699 0.0077 -0.9975
vn 0.3434 0.7053 0.6201
vn 0.3705 0.1485 -0.9169
vn -0.0600 0.0929 -0.9939
vn -0.2161 -0.2439 -0.9454
vn 0.0904 0.6761 -0.7312
vn 0.0830 0.2312 -0.9693
vn 0.0391 0.7229 -0.6898
vn 0.0341 0.4645 -0.8849
vn -0.1041 0.1792 -0.9783
vn -0.3138 -0.0069 -0.9495
vn 0.1939 0.2402 -0.9511
vn -0.3172 0.1779 -0.9315
vn -0.3037 0.5087 -0.8056
vn -0.1325 0.4465 -0.8849
vn -0.4234 -0.7620 0.4901
vn -0.1906 -0.6493 0.7363
vn 0.0500 -0.4431 0.8951
vn -0.0533 -0.2384 0.9697
vn -0.1771 -0.6697 0.7212
vn 0.1221 -0.4151 0.9016
vn -0.1565 -0.4246 0.8917
vn 0.1153 -0.3107 0.9435
vn -0.3379 -0.3421 0.8768
vn 0.1942 -0.6250 0.7561
vn 0.4146 -0.4727 0.7776
vn -0.4464 -0.5063 0.7378
vn 0.3498 -0.5465 0.7609
vn -0.3151 -0.3370 0.8872
vn 0.2984 -0.3516 0.8873
vn 0.4168 -0.2059 0.8854
vn 0.4211 -0.2024 0.8841
vn -0.4402 -0.0327 0.8973
vn -0.4461 -0.0575 0.8931
vn -0.2310 0.9711 -0.0596
vn 0.0212 0.0826 -0.9964
vn -0.0554 0.0830 -0.9950
vn -0.0392 0.1950 -0.9800
vn -0.1615 0.2453 -0.9559
vn -0.0605 0.5907 -0.8046
vn 0.0099 0.6137 -0.7895
vn 0.0271 0.1545 -0.9876
vn 0.0367 0.5327 -0.8455
vn 0.2374 0.7963 -0.5564
vn -0.0538 0.1056 -0.9930
vn 0.3841 0.5001 -0.7761
vn -0.4329 0.4101 -0.8028
vn 0.3754 0.3510 -0.8578
vn -0.0553 0.6351 -0.7705
vn 0.0444 -0.3128 0.9488
vn 0.0392 -0.3160 0.9480
vn -0.1444 -0.5629 0.8138
vn -0.2348 -0.1348 0.9626
vn -0.4240 -0.4227 0.8010
vn -0.0296 -0.1065 0.9939
vn 0.0958 -0.4680 0.8785
vn -0.3043 -0.3743 0.8760
vn -0.1211 -0.2741 0.9540
vn -0.2490 -0.2524 0.9350
vn -0.2896 -0.2094 0.9340
vn -0.4268 -0.4226 0.7995
vn 0.3633 -0.2549 0.8961
vn -0.3963 -0.2979 0.8685
vn -0.0844 0.3824 -0.9201
vn -0.1092 0.4027 -0.9088
vn -0.1699 0.2828 -0.9440
vn -0.3063 0.3007 -0.9032
vn 0.7154 0.1776 -0.6758
vn 0.2999 0.3634 -0.8821
vn 0.4453 0.5340 -0.7187
vn -0.0866 0.8627 -0.4983
vn 0.0749 -0.5135 0.8548
vn 0.4213 -0.5321 0.7344
vn 0.5391 -0.4250 0.7271
vn 0.0851 -0.5242 0.8473
vn -0.3530 -0.2890 0.8899
vn 0.2277 -0.4533 0.8618
vn -0.3139 -0.4316 0.8457
vn 0.0415 -0.2437 0.9690
vn -0.3738 -0.4655 0.8022
vn -0.2280 -0.4178 0.8794
vn 0.2574 -0.3102 0.9152
vn -0.4709 -0.0369 0.8814
vn 0.2571 0.9256 0.2779
vn 0.2688 0.5303 -0.8041
vn 0.4525 0.7186 -0.5280
vn 0.2650 0.9070 -0.3273
vn -0.2119 0.5060 0.8361
vn 0.0203 -0.3953 0.9183
vn 0.0913 -0.4066 0.9090
vn 0.1257 -0.4877 0.8639
vn 0.0581 -0.3213 0.9452
vn 0.0819 -0.5654 0.8208
vn 0.0586 -0.1100 0.9922
vn 0.1449 -0.0921 0.9852
vn -0.2365 -0.2208 0.9462
vn 0.2300 -0.2944 0.9276
vn 0.1781 -0.5084 0.8425
vn 0.3242 -0.3539 0.8773
vn -0.3198 -0.4457 0.8361
vn -0.3657 -0.1476 0.9190
vn 0.4236 0.2475 0.8714
vn 0.3433 0.7059 0.6195
vn -0.3388 0.7320 0.5911
vn -0.1728 0.8977 -0.4054
vn 0.3447 0.7679 -0.5399
vn 0.4644 0.5078 -0.7256
vn -0.4933 0.7158 -0.4942
vn -0.6459 0.7628 -0.0314
vn -0.5150 0.8381 -0.1798
vn -0.3023 0.9293 -0.2121
vn -0.1446 -0.5602 0.8157
vn -0.1638 -0.2168 0.9624
vn -0.1683 -0.5627 0.8093
vn 0.1272 -0.1497 0.9805
vn -0.2455 -0.2965 0.9230
vn 0.1517 -0.4058 0.9013
vn -0.1131 0.1060 0.9879
vn 0.0007 -0.4619 0.8869
vn -0.1352 -0.2505 0.9586
vn 0.1895 -0.5852 0.7884
vn -0.2116 -0.0546 0.9758
vn 0.2392 -0.2612 0.9352
vn -0.3542 -0.2911 0.8887
vn 0.0936 -0.4442 0.8910
vn -0.3749 -0.4544 0.8081
vn -0.3185 -0.3375 0.8858
vn -0.2708 -0.4906 0.8282
vn -0.4470 -0.0583 0.8926
vn -0.2723 0.9525 -0.1362
vn 0.5094 0.6142 -0.6027
vn 0.2849 0.9565 -0.0626
vn 0.0201 -0.2310 0.9727
vn -0.0103 -0.0333 0.9994
vn 0.1969 -0.1611 0.9671
vn -0.2163 -0.2610 0.9408
vn 0.4725 -0.5835 0.6605
vn -0.2791 -0.4080 0.8693
vn 0.1527 -0.5416 0.8266
vn -0.1293 -0.5218 0.8432
vn 0.2390 -0.2396 0.9410
vn 0.6637 -0.0154 0.7478
vn -0.1512 -0.3740 0.9150
vn 0.3594 -0.4082 0.8392
vn 0.2183 -0.1706 0.9609
vn -0.3641 -0.4376 0.8221
vn 0.3976 -0.2072 0.8939
vn 0.3895 -0.0645 0.9188
vn -0.3539 0.4565 0.8163
vn -0.3231 0.8660 -0.3816
vn -0.3243 0.8600 -0.3940
vn -0.4836 0.8629 -0.1471
vn 0.5260 0.8504 0.0158
vn -0.2417 -0.5761 0.7808
vn 0.3813 -0.6051 0.6989
vn -0.3768 -0.5077 0.7748
vn -0.1708 -0.3407 0.9245
vn -0.3782 -0.5114 0.7716
vn 0.3156 0.7210 0.6169
vn 0.3453 -0.4521 0.8224
vn 0.0300 -0.4212 0.9065
vn 0.2653 -0.2745 0.9243
vn -0.3090 -0.1289 0.9423
vn 0.3819 -0.2488 0.8901
vn -0.2745 -0.4000 0.8744
vn -0.3387 -0.1798 0.9235
vn -0.2483 0.9590 0.1366
vn 0.2962 0.9510 0.0889
vn 0.2995 0.9258 -0.2305
vn 0.5585 0.8245 0.0906
vn -0.0079 0.9979 0.0643
vn 0.0259 0.9976 0.0642
vn -0.0291 -0.3299 0.9436
vn -0.1953 -0.3906 0.8996
vn 0.3058 -0.0909 0.9478
vn -0.2772 -0.1318 0.9517
vn 0.0357 -0.2508 0.9674
vn -0.0095 -0.3132 0.9496
vn -0.0123 -0.4034 0.9149
vn -0.4716 -0.4387 0.7649
vn 0.1355 -0.4490 0.8832
vn -0.3890 -0.3056 0.8691
vn -0.1540 -0.5905 0.7922
vn 0.2411 -0.2985 0.9235
vn -0.2461 -0.2789 0.9282
vn 0.3598 0.1498 0.9209
vn 0.3904 0.0353 0.9200
vn 0.3403 0.6376 0.6911
vn 0.3556 0.8766 0.3243
vn -0.2847 0.9209 0.2665
vn 0.4558 0.8860 0.0851
vn 0.5774 0.8102 0.1007
vn -0.1471 -0.4921 0.8580
vn 0.1102 -0.1407 0.9839
vn -0.0305 -0.1964 0.9801
vn 0.1253 -0.1293 0.9837
vn -0.0263 -0.3807 0.9243
vn 0.1001 -0.1309 0.9863
vn 0.2966 -0.4578 0.8382
vn 0.0762 -0.4155 0.9064
vn 0.0930 -0.4203 0.9026
vn 0.1991 -0.3078 0.9304
vn -0.2601 -0.1798 0.9487
vn 0.2522 -0.2536 0.9338
vn 0.2658 -0.2827 0.9217
vn -0.1773 -0.4823 0.8579
vn 0.3641 -0.1674 0.9162
vn -0.3278 0.7623 0.5580
vn 0.2647 0.9639 0.0303
vn -0.4038 0.9102 -0.0921
vn 0.5525 0.8300 0.0772
vn -0.0927 0.9897 0.1094
vn 0.0877 -0.4069 0.9093
vn 0.0231 -0.1745 0.9844
vn -0.1261 -0.4132 0.9019
vn -0.1952 -0.5231 0.8296
vn -0.1392 -0.2975 0.9445
vn 0.3056 -0.1059 0.9463
vn 0.3254 -0.2489 0.9122
vn -0.1729 -0.1698 0.9702
vn -0.1780 -0.2969 0.9382
vn -0.0128 -0.3421 0.9396
vn -0.3494 -0.0723 0.9342
vn -0.1075 -0.4856 0.8676
vn -0.1948 -0.1651 0.9668
vn -0.1961 -0.1642 0.9667
vn 0.0272 -0.9387 0.3436
vn 0.2504 -0.2805 0.9266
vn -0.1660 -0.3327 0.9283
vn -0.3181 -0.1521 0.9358
vn -0.6125 0.7750 0.1558
vn 0.5793 0.8094 0.0964
vn -0.4672 0.8680 0.1679
vn 0.2281 -0.2613 0.9379
vn 0.0923 -0.2446 0.9652
vn -0.0378 -0.3964 0.9173
vn 0.3320 -0.0805 0.9398
vn 0.1281 -0.3914 0.9113
vn -0.2110 -0.4097 0.8875
vn -0.3593 -0.3812 0.8518
vn 0.0228 -0.4985 0.8666
vn 0.0816 -0.4102 0.9083
vn 0.0168 -0.3807 0.9245
vn -0.1751 -0.5237 0.8337
vn 0.3166 -0.1763 0.9320
vn -0.4849 -0.3063 0.8192
vn 0.1067 -0.4887 0.8659
vn 0.1824 -0.2528 0.9502
vn -0.0871 -0.3695 0.9252
vn -0.3212 -0.1429 0.9362
vn -0.3329 0.3143 0.8890
vn -0.6436 0.7633 0.0564
vn 0.3523 0.9114 0.2128
vn 0.0407 -0.2357 0.9710
vn 0.3286 -0.0687 0.9420
vn 0.5120 0.6196 0.5950
vn -0.1844 -0.1140 0.9762
vn -0.1030 -0.4358 0.8941
vn -0.2127 -0.1709 0.9621
vn 0.2818 -0.1952 0.9394
vn -0.4198 0.8207 0.3875
vn -0.3603 0.9154 -0.1795
vn 0.3106 0.8145 0.4899
vn 0.4194 -0.1819 0.8894
vn -0.2115 -0.4015 0.8911
vn -0.1682 -0.3976 0.9020
vn 0.3562 -0.0684 0.9319
vn -0.0022 -0.1157 0.9933
vn -0.2202 -0.0639 0.9734
vn -0.4251 -0.5803 0.6947
vn -0.0660 -0.2190 0.9735
vn -0.1783 -0.1168 0.9770
vn 0.4996 0.7452 0.4417
vn -0.4084 0.7730 0.4856
vn -0.0776 0.8437 0.5312
vn 0.3612 -0.0464 0.9313
vn 0.1261 -0.9666 0.2230
vn -0.2778 -0.4206 0.8637
vn -0.1305 -0.3523 0.9268
vn -0.1957 -0.1958 0.9609
vn -0.3630 -0.3863 0.8479
vn 0.4331 -0.4659 0.7716
vn -0.0358 -0.2837 0.9583
vn 0.0104 -0.2678 0.9634
vn 0.2865 -0.0908 0.9538
vn 0.4259 -0.0980 0.8994
vn 0.0934 -0.2541 0.9626
vn -0.1499 -0.1361 0.9793
vn 0.1266 -0.2224 0.9667
vn -0.1446 -0.1642 0.9758
vn 0.1489 -0.3758 0.9147
vn 0.1375 -0.1478 0.9794
vn 0.1380 -0.1586 0.9777
vn 0.2997 0.0958 0.9492
vn 0.2930 0.2939 0.9098
vn 0.3231 0.6018 0.7304
vn 0.3513 0.8204 0.4511
vn 0.3830 0.6811 0.6240
vn -0.4448 0.7348 0.5121
vn -0.5474 0.7192 0.4278
vn -0.5385 0.6830 0.4935
vn -0.4464 0.6921 0.5672
vn 0.1204 0.7487 0.6519
vn 0.1533 0.7543 0.6384
vn -0.1676 -0.0864 0.9821
vn -0.0625 -0.1792 0.9818
vn 0.1493 -0.1467 0.9778
vn 0.2489 -0.1011 0.9632
vn 0.1878 -0.0533 0.9808
vn -0.3784 -0.3109 0.8718
vn 0.0950 -0.3025 0.9484
vn 0.2052 -0.3437 0.9164
vn 0.0243 -0.2835 0.9587
vn 0.0068 -0.3124 0.9499
vn -0.0045 -0.4621 0.8868
vn 0.1387 -0.1459 0.9795
vn -0.0308 -0.4375 0.8987
vn -0.1652 -0.1078 0.9804
vn 0.2342 -0.0496 0.9709
vn 0.1983 -0.2530 0.9469
vn -0.2097 0.0874 0.9738
vn -0.2072 0.3710 0.9052
vn -0.1055 0.2717 0.9566
vn -0.1517 0.4645 0.8725
vn -0.3080 -0.2024 0.9296
vn 0.0939 -0.2880 0.9530
vn -0.1071 -0.3298 0.9380
vn 0.0964 -0.2208 0.9705
vn 0.1014 -0.2217 0.9698
vn -0.0842 -0.2733 0.9582
vn 0.0602 -0.3253 0.9437
vn -0.1992 -0.2804 0.9390
vn 0.0779 -0.1379 0.9874
vn 0.0573 -0.1195 0.9912
vn -0.0355 -0.2524 0.9670
vn -0.1717 -0.0800 0.9819
vn 0.0544 -0.1149 0.9919
vn -0.0799 -0.2078 0.9749
vn -0.0416 -0.1900 0.9809
vn -0.1665 -0.0236 0.9858
vn 0.1739 0.0761 0.9818
vn 0.3335 0.5599 0.7585
vn 0.3473 0.6539 0.6722
vn -0.0706 0.0150 0.9974
vn 0.1256 -0.0032 0.9921
vn 0.3323 0.4642 0.8210
vn 0.3961 0.6325 0.6656
vn -0.2478 0.1198 0.9614
vn 0.2955 0.4670 0.8334
vn -0.0961 -0.2034 0.9744
vn 0.1650 0.1264 0.9782
vn -0.0087 -0.2127 0.9771
vn 0.0145 -0.2489 0.9684
vn -0.0899 0.0805 0.9927
vn 0.0961 -0.1599 0.9824
vn -0.0901 0.0126 0.9959
vn -0.4323 0.1030 0.8958
vn 0.0377 -0.1754 0.9838
vn 0.1096 -0.3654 0.9244
vn 0.1539 -0.0528 0.9867
vn -0.1309 -0.0897 0.9873
vn -0.0298 0.0477 0.9984
vn 0.1484 -0.1506 0.9774
vn -0.1168 0.0800 0.9899
vn -0.0215 -0.2159 0.9762
vn 0.1404 -0.1594 0.9772
vn 0.1656 -0.4013 0.9008
vn -0.1316 0.0290 0.9909
vn -0.0710 0.1431 0.9872
vn 0.2141 -0.1523 0.9649
vn 0.1467 0.0859 0.9854
vn -0.1284 0.2118 0.9688
vn 0.2151 0.3363 0.9169
vn -0.0840 0.1173 0.9895
vn 0.2718 -0.0314 0.9619
vn 0.0014 0.1563 0.9877
vn -0.0761 0.0944 0.9926
vn -0.0892 0.1266 0.9879
vn 0.0630 0.0501 0.9968
vn -0.0858 0.0434 0.9954
vn 0.2698 0.2106 0.9396
vn -0.1291 0.2809 0.9510
vn 0.2038 0.3388 0.9185
vn 0.1959 0.3066 0.9315
vn -0.0285 -0.0876 0.9957
vn -0.0084 -0.0103 0.9999
vn 0.0032 -0.1162 0.9932
vn 0.0418 -0.0157 0.9990
vn -0.0104 -0.1128 0.9936
vn -0.0400 0.0349 0.9986
vn -0.0429 -0.0504 0.9978
vn -0.0625 0.0065 0.9980
vn 0.1006 -0.1566 0.9825
vn 0.1044 0.1339 0.9855
vn -0.1149 -0.1444 0.9828
vn 0.0687 0.0004 0.9976
vn -0.0100 -0.0168 0.9998
vn 0.0888 0.0046 0.9960
vn 0.0040 0.1360 0.9907
vn -0.0263 0.2246 0.9741
vn 0.1689 -0.0367 0.9850
vn 0.2097 0.3417 0.9161
vn -0.0383 0.0439 0.9983
vn -0.0622 0.1142 0.9915
vn 0.0761 0.1068 0.9914
s 0
f 1//1 2//1 3//1
f 3//2 4//2 5//2
f 6//3 7//3 8//3
f 4//4 9//4 5//4
f 3//5 10//5 4//5
f 6//6 11//6 9//6
f 2//7 10//7 3//7
f 6//8 9//8 12//8
f 2//9 13//9 10//9
f 4//10 12//10 9//10
f 6//11 12//11 7//11
f 4//12 10//12 14//12
f 4//13 14//13 12//13
f 15//14 16//14 17//14
f 3//15 5//15 11//15
f 16//16 18//16 19//16
f 6//17 20//17 21//17
f 5//18 9//18 11//18
f 11//19 16//19 15//19
f 6//20 18//20 16//20
f 6//21 21//21 18//21
f 6//22 8//22 22//22
f 6//23 16//23 11//23
f 1//24 23//24 2//24
f 7//25 24//25 8//25
f 25//26 26//26 27//26
f 7//27 28//27 24//27
f 24//28 28//28 25//28
f 25//29 29//29 26//29
f 7//30 30//30 28//30
f 25//31 28//31 29//31
f 2//32 31//32 13//32
f 7//33 32//33 30//33
f 28//34 30//34 29//34
f 7//35 12//35 32//35
f 10//36 13//36 33//36
f 12//37 14//37 32//37
f 10//38 33//38 14//38
f 11//39 15//39 34//39
f 11//40 36//40 35//40
f 20//41 38//41 37//41
f 3//42 35//42 39//42
f 21//43 37//43 40//43
f 3//44 11//44 35//44
f 20//45 37//45 21//45
f 20//46 42//46 41//46
f 16//47 19//47 17//47
f 18//48 43//48 19//48
f 18//49 21//49 43//49
f 6//50 42//50 20//50
f 6//51 22//51 42//51
f 8//52 44//52 45//52
f 8//53 46//53 44//53
f 25//54 45//54 44//54
f 25//55 27//55 45//55
f 8//56 24//56 46//56
f 25//57 44//57 46//57
f 24//58 25//58 46//58
f 27//59 47//59 48//59
f 47//60 49//60 48//60
f 26//61 50//61 27//61
f 27//62 50//62 47//62
f 2//63 51//63 31//63
f 47//64 50//64 52//64
f 47//65 52//65 49//65
f 26//66 29//66 50//66
f 29//67 52//67 50//67
f 29//68 53//68 52//68
f 29//69 30//69 53//69
f 52//70 53//70 54//70
f 30//71 32//71 55//71
f 30//72 55//72 53//72
f 13//73 56//73 33//73
f 53//74 55//74 54//74
f 14//75 33//75 57//75
f 14//76 55//76 32//76
f 14//77 57//77 55//77
f 54//78 55//78 57//78
f 20//79 41//79 58//79
f 11//80 34//80 36//80
f 35//81 36//81 59//81
f 17//82 19//82 43//82
f 21//83 60//83 43//83
f 21//84 40//84 60//84
f 3//85 39//85 61//85
f 8//86 62//86 22//86
f 1//87 3//87 61//87
f 8//88 45//88 62//88
f 45//89 48//89 62//89
f 27//90 48//90 45//90
f 48//91 63//91 62//91
f 48//92 64//92 63//92
f 63//93 64//93 65//93
f 63//94 65//94 66//94
f 2//95 23//95 51//95
f 48//96 49//96 64//96
f 64//97 67//97 65//97
f 49//98 67//98 64//98
f 49//99 52//99 67//99
f 13//100 31//100 51//100
f 52//101 54//101 68//101
f 33//102 56//102 69//102
f 33//103 70//103 57//103
f 54//104 57//104 70//104
f 35//105 71//105 39//105
f 35//106 59//106 71//106
f 20//107 72//107 38//107
f 20//108 58//108 72//108
f 41//109 73//109 58//109
f 17//110 43//110 60//110
f 37//111 38//111 40//111
f 41//112 42//112 74//112
f 22//113 74//113 42//113
f 22//114 62//114 75//114
f 62//115 63//115 75//115
f 63//116 66//116 76//116
f 65//117 67//117 66//117
f 33//118 69//118 70//118
f 36//119 77//119 59//119
f 34//120 77//120 36//120
f 58//121 78//121 72//121
f 38//122 79//122 40//122
f 17//123 60//123 80//123
f 15//124 17//124 81//124
f 82//125 83//125 84//125
f 41//126 82//126 73//126
f 74//127 83//127 82//127
f 41//128 74//128 82//128
f 22//129 85//129 74//129
f 22//130 75//130 85//130
f 1//131 61//131 86//131
f 63//132 87//132 75//132
f 1//133 86//133 23//133
f 63//134 76//134 87//134
f 76//135 88//135 89//135
f 66//136 88//136 76//136
f 88//137 90//137 89//137
f 88//138 91//138 90//138
f 66//139 67//139 88//139
f 13//140 51//140 92//140
f 52//141 93//141 67//141
f 52//142 68//142 93//142
f 54//143 94//143 68//143
f 56//144 95//144 69//144
f 59//145 77//145 96//145
f 34//146 97//146 77//146
f 34//147 81//147 97//147
f 58//148 98//148 78//148
f 40//149 99//149 80//149
f 40//150 79//150 99//150
f 15//151 81//151 34//151
f 84//152 100//152 98//152
f 40//153 80//153 60//153
f 58//154 73//154 98//154
f 82//155 84//155 98//155
f 73//156 82//156 98//156
f 75//157 101//157 85//157
f 75//158 87//158 101//158
f 76//159 101//159 87//159
f 76//160 89//160 101//160
f 23//161 86//161 102//161
f 23//162 102//162 103//162
f 23//163 103//163 51//163
f 88//164 104//164 91//164
f 51//165 103//165 92//165
f 67//166 104//166 88//166
f 13//167 92//167 105//167
f 13//168 106//168 56//168
f 56//169 106//169 95//169
f 54//170 107//170 94//170
f 69//171 108//171 70//171
f 70//172 108//172 109//172
f 54//173 70//173 109//173
f 71//174 110//174 111//174
f 71//175 96//175 112//175
f 59//176 96//176 71//176
f 77//177 97//177 96//177
f 80//178 99//178 113//178
f 39//179 71//179 111//179
f 17//180 97//180 81//180
f 17//181 80//181 97//181
f 38//182 72//182 78//182
f 84//183 114//183 100//183
f 39//184 111//184 61//184
f 61//185 115//185 86//185
f 90//186 91//186 116//186
f 67//187 93//187 104//187
f 68//188 94//188 117//188
f 54//189 109//189 107//189
f 71//190 112//190 110//190
f 110//191 118//191 111//191
f 80//192 113//192 97//192
f 38//193 78//193 79//193
f 98//194 100//194 114//194
f 61//195 111//195 119//195
f 89//196 90//196 116//196
f 102//197 120//197 103//197
f 69//198 95//198 121//198
f 99//199 123//199 122//199
f 96//200 97//200 124//200
f 111//201 118//201 125//201
f 79//202 123//202 99//202
f 97//203 113//203 122//203
f 99//204 122//204 113//204
f 78//205 98//205 126//205
f 98//206 114//206 126//206
f 111//207 125//207 119//207
f 84//208 127//208 114//208
f 83//209 127//209 84//209
f 83//210 128//210 127//210
f 83//211 129//211 128//211
f 61//212 130//212 115//212
f 85//213 101//213 131//213
f 89//214 131//214 101//214
f 91//215 132//215 116//215
f 103//216 120//216 133//216
f 13//217 105//217 106//217
f 68//218 117//218 134//218
f 95//219 106//219 135//219
f 94//220 107//220 136//220
f 108//221 137//221 109//221
f 96//222 110//222 112//222
f 78//223 138//223 123//223
f 138//224 139//224 140//224
f 78//225 139//225 138//225
f 139//226 141//226 140//226
f 122//227 123//227 142//227
f 126//228 141//228 139//228
f 78//229 123//229 79//229
f 97//230 122//230 124//230
f 78//231 126//231 139//231
f 114//232 143//232 126//232
f 114//233 127//233 143//233
f 127//234 128//234 144//234
f 86//235 115//235 145//235
f 89//236 116//236 131//236
f 86//237 145//237 102//237
f 91//238 146//238 132//238
f 92//239 103//239 133//239
f 68//240 147//240 93//240
f 105//241 135//241 106//241
f 94//242 136//242 117//242
f 107//243 109//243 136//243
f 109//244 137//244 136//244
f 96//245 148//245 110//245
f 149//246 150//246 151//246
f 142//247 152//247 151//247
f 96//248 124//248 153//248
f 124//249 150//249 153//249
f 123//250 138//250 154//250
f 124//251 151//251 150//251
f 123//252 152//252 142//252
f 122//253 151//253 124//253
f 122//254 142//254 151//254
f 126//255 143//255 141//255
f 127//256 144//256 143//256
f 61//257 119//257 155//257
f 83//258 156//258 129//258
f 61//259 155//259 130//259
f 74//260 156//260 83//260
f 74//261 157//261 156//261
f 74//262 85//262 157//262
f 85//263 158//263 157//263
f 85//264 159//264 158//264
f 85//265 131//265 159//265
f 116//266 159//266 131//266
f 116//267 132//267 159//267
f 95//268 160//268 121//268
f 69//269 121//269 161//269
f 69//270 137//270 108//270
f 69//271 161//271 137//271
f 152//272 154//272 162//272
f 96//273 163//273 148//273
f 96//274 153//274 163//274
f 151//275 152//275 164//275
f 149//276 151//276 164//276
f 123//277 154//277 152//277
f 138//278 162//278 154//278
f 138//279 165//279 162//279
f 110//280 148//280 166//280
f 110//281 166//281 118//281
f 138//282 140//282 165//282
f 141//283 143//283 144//283
f 129//284 167//284 144//284
f 128//285 129//285 144//285
f 129//286 156//286 168//286
f 132//287 169//287 159//287
f 132//288 146//288 169//288
f 146//289 170//289 169//289
f 91//290 171//290 146//290
f 91//291 104//291 171//291
f 93//292 171//292 104//292
f 95//293 135//293 172//293
f 95//294 172//294 160//294
f 149//295 163//295 153//295
f 149//296 153//296 150//296
f 162//297 165//297 173//297
f 118//298 166//298 125//298
f 140//299 141//299 165//299
f 141//300 174//300 165//300
f 141//301 175//301 174//301
f 141//302 176//302 175//302
f 141//303 144//303 176//303
f 144//304 177//304 176//304
f 144//305 167//305 177//305
f 168//306 179//306 178//306
f 129//307 168//307 178//307
f 156//308 180//308 168//308
f 115//309 181//309 145//309
f 169//310 170//310 182//310
f 102//311 183//311 120//311
f 170//312 184//312 182//312
f 146//313 184//313 170//313
f 92//314 185//314 105//314
f 105//315 186//315 135//315
f 135//316 186//316 187//316
f 135//317 187//317 188//317
f 125//318 190//318 189//318
f 163//319 190//319 166//319
f 125//320 166//320 190//320
f 148//321 163//321 166//321
f 165//322 174//322 191//322
f 174//323 175//323 192//323
f 119//324 125//324 193//324
f 175//325 176//325 194//325
f 167//326 178//326 195//326
f 178//327 179//327 195//327
f 119//328 196//328 155//328
f 129//329 178//329 167//329
f 168//330 180//330 179//330
f 156//331 197//331 180//331
f 156//332 157//332 197//332
f 159//333 169//333 198//333
f 102//334 199//334 183//334
f 120//335 183//335 133//335
f 93//336 147//336 171//336
f 105//337 185//337 200//337
f 68//338 201//338 202//338
f 68//339 134//339 201//339
f 134//340 203//340 201//340
f 117//341 203//341 134//341
f 121//342 160//342 161//342
f 136//343 137//343 204//343
f 137//344 161//344 204//344
f 149//345 190//345 163//345
f 189//346 190//346 205//346
f 162//347 173//347 206//347
f 152//348 206//348 207//348
f 152//349 162//349 206//349
f 125//350 189//350 208//350
f 165//351 191//351 173//351
f 191//352 192//352 209//352
f 174//353 192//353 191//353
f 167//354 210//354 177//354
f 176//355 177//355 194//355
f 167//356 195//356 210//356
f 179//357 211//357 195//357
f 179//358 180//358 211//358
f 180//359 197//359 212//359
f 157//360 213//360 197//360
f 157//361 158//361 213//361
f 115//362 130//362 181//362
f 158//363 159//363 198//363
f 169//364 182//364 198//364
f 102//365 145//365 199//365
f 182//366 184//366 198//366
f 171//367 214//367 184//367
f 147//368 215//368 171//368
f 68//369 202//369 147//369
f 135//370 188//370 172//370
f 117//371 136//371 203//371
f 190//372 216//372 205//372
f 189//373 205//373 217//373
f 173//374 218//374 206//374
f 189//375 217//375 208//375
f 173//376 191//376 219//376
f 191//377 209//377 219//377
f 209//378 221//378 220//378
f 192//379 221//379 209//379
f 125//380 208//380 193//380
f 175//381 221//381 192//381
f 177//382 210//382 194//382
f 119//383 222//383 196//383
f 180//384 223//384 211//384
f 196//385 224//385 225//385
f 155//386 225//386 226//386
f 155//387 196//387 225//387
f 158//388 227//388 213//388
f 158//389 198//389 227//389
f 184//390 214//390 198//390
f 171//391 228//391 214//391
f 146//392 171//392 184//392
f 105//393 200//393 186//393
f 147//394 202//394 229//394
f 202//395 230//395 229//395
f 201//396 230//396 202//396
f 201//397 232//397 231//397
f 187//398 233//398 188//398
f 201//399 203//399 232//399
f 160//400 172//400 234//400
f 136//401 235//401 203//401
f 160//402 234//402 161//402
f 161//403 234//403 236//403
f 136//404 204//404 235//404
f 161//405 236//405 204//405
f 149//406 216//406 190//406
f 149//407 164//407 237//407
f 205//408 238//408 217//408
f 209//409 240//409 239//409
f 152//410 207//410 164//410
f 173//411 219//411 239//411
f 209//412 239//412 219//412
f 206//413 218//413 207//413
f 209//414 220//414 240//414
f 119//415 193//415 222//415
f 195//416 223//416 210//416
f 195//417 211//417 223//417
f 180//418 241//418 223//418
f 180//419 242//419 241//419
f 198//420 214//420 228//420
f 171//421 243//421 228//421
f 92//422 133//422 185//422
f 231//423 232//423 244//423
f 201//424 231//424 245//424
f 203//425 246//425 232//425
f 188//426 233//426 247//426
f 172//427 188//427 247//427
f 204//428 236//428 235//428
f 149//429 237//429 216//429
f 173//430 239//430 248//430
f 173//431 248//431 218//431
f 217//432 249//432 250//432
f 217//433 238//433 249//433
f 239//434 240//434 251//434
f 220//435 251//435 240//435
f 208//436 217//436 250//436
f 193//437 208//437 250//437
f 175//438 252//438 221//438
f 175//439 194//439 252//439
f 194//440 210//440 252//440
f 196//441 222//441 253//441
f 196//442 253//442 224//442
f 180//443 212//443 254//443
f 197//444 254//444 212//444
f 197//445 213//445 255//445
f 171//446 256//446 243//446
f 257//447 258//447 259//447
f 244//448 258//448 257//448
f 231//449 244//449 257//449
f 231//450 257//450 245//450
f 186//451 260//451 187//451
f 201//452 245//452 230//452
f 232//453 246//453 244//453
f 172//454 247//454 234//454
f 234//455 247//455 261//455
f 203//456 235//456 261//456
f 235//457 236//457 261//457
f 234//458 261//458 236//458
f 207//459 218//459 262//459
f 223//460 263//460 264//460
f 223//461 241//461 265//461
f 223//462 265//462 263//462
f 224//463 253//463 266//463
f 241//464 242//464 265//464
f 224//465 226//465 225//465
f 180//466 267//466 242//466
f 180//467 254//467 267//467
f 197//468 268//468 254//468
f 130//469 269//469 181//469
f 130//470 155//470 269//470
f 197//471 255//471 268//471
f 145//472 181//472 270//472
f 228//473 243//473 256//473
f 171//474 271//474 256//474
f 171//475 215//475 271//475
f 257//476 259//476 272//476
f 258//477 273//477 259//477
f 257//478 272//478 274//478
f 233//479 275//479 273//479
f 247//480 273//480 258//480
f 185//481 276//481 200//481
f 245//482 257//482 274//482
f 230//483 245//483 277//483
f 244//484 247//484 258//484
f 229//485 230//485 277//485
f 187//486 260//486 233//486
f 233//487 273//487 247//487
f 244//488 246//488 247//488
f 203//489 247//489 246//489
f 205//490 216//490 238//490
f 193//491 250//491 278//491
f 193//492 278//492 222//492
f 210//493 223//493 252//493
f 263//494 279//494 264//494
f 263//495 265//495 279//495
f 228//496 256//496 280//496
f 259//497 281//497 282//497
f 259//498 273//498 283//498
f 256//499 284//499 280//499
f 259//500 282//500 285//500
f 256//501 271//501 284//501
f 259//502 285//502 272//502
f 133//503 183//503 286//503
f 272//504 287//504 274//504
f 274//505 287//505 288//505
f 245//506 274//506 277//506
f 147//507 229//507 289//507
f 203//508 261//508 247//508
f 216//509 290//509 238//509
f 216//510 237//510 290//510
f 218//511 248//511 291//511
f 218//512 291//512 262//512
f 222//513 278//513 253//513
f 220//514 221//514 252//514
f 223//515 264//515 252//515
f 265//516 292//516 279//516
f 242//517 292//517 265//517
f 155//518 226//518 269//518
f 198//519 228//519 293//519
f 259//520 294//520 281//520
f 259//521 283//521 294//521
f 273//522 275//522 283//522
f 281//523 295//523 282//523
f 282//524 295//524 285//524
f 272//525 285//525 287//525
f 133//526 286//526 185//526
f 233//527 260//527 275//527
f 274//528 288//528 277//528
f 186//529 200//529 296//529
f 186//530 296//530 260//530
f 207//531 298//531 297//531
f 238//532 290//532 299//532
f 207//533 262//533 298//533
f 248//534 300//534 291//534
f 239//535 301//535 248//535
f 249//536 302//536 278//536
f 239//537 251//537 303//537
f 249//538 278//538 250//538
f 220//539 304//539 251//539
f 252//540 306//540 305//540
f 220//541 252//541 305//541
f 252//542 264//542 306//542
f 242//543 307//543 292//543
f 224//544 266//544 226//544
f 242//545 267//545 307//545
f 294//546 308//546 309//546
f 198//547 293//547 227//547
f 145//548 270//548 199//548
f 281//549 294//549 309//549
f 228//550 280//550 293//550
f 285//551 295//551 310//551
f 285//552 310//552 287//552
f 262//553 311//553 298//553
f 248//554 301//554 300//554
f 262//555 291//555 312//555
f 291//556 300//556 312//556
f 238//557 302//557 249//557
f 251//558 313//558 303//558
f 220//559 305//559 304//559
f 279//560 292//560 314//560
f 226//561 266//561 315//561
f 254//562 316//562 267//562
f 254//563 317//563 316//563
f 226//564 318//564 269//564
f 254//565 268//565 317//565
f 255//566 319//566 268//566
f 213//567 320//567 255//567
f 308//568 321//568 309//568
f 281//569 309//569 321//569
f 281//570 321//570 295//570
f 280//571 322//571 323//571
f 280//572 284//572 322//572
f 271//573 322//573 284//573
f 147//574 324//574 215//574
f 200//575 276//575 325//575
f 229//576 277//576 326//576
f 200//577 325//577 296//577
f 301//578 328//578 327//578
f 300//579 301//579 327//579
f 164//580 207//580 297//580
f 239//581 328//581 301//581
f 239//582 303//582 328//582
f 238//583 299//583 302//583
f 253//584 278//584 329//584
f 264//585 279//585 330//585
f 226//586 315//586 318//586
f 267//587 331//587 307//587
f 267//588 316//588 331//588
f 213//589 227//589 320//589
f 308//590 332//590 333//590
f 283//591 334//591 294//591
f 308//592 333//592 321//592
f 275//593 334//593 283//593
f 280//594 323//594 293//594
f 295//595 321//595 335//595
f 295//596 335//596 310//596
f 322//597 336//597 323//597
f 271//598 337//598 322//598
f 215//599 337//599 271//599
f 287//600 338//600 288//600
f 277//601 288//601 338//601
f 260//602 296//602 339//602
f 229//603 326//603 289//603
f 164//604 297//604 237//604
f 262//605 340//605 311//605
f 262//606 312//606 340//606
f 300//607 341//607 312//607
f 327//608 328//608 342//608
f 299//609 343//609 302//609
f 303//610 342//610 328//610
f 251//611 344//611 313//611
f 251//612 304//612 344//612
f 264//613 330//613 345//613
f 253//614 329//614 266//614
f 279//615 314//615 330//615
f 307//616 331//616 316//616
f 316//617 317//617 346//617
f 268//618 347//618 317//618
f 268//619 319//619 347//619
f 294//620 332//620 308//620
f 321//621 333//621 348//621
f 183//622 199//622 349//622
f 287//623 350//623 338//623
f 215//624 351//624 337//624
f 185//625 352//625 276//625
f 290//626 353//626 299//626
f 237//627 353//627 290//627
f 300//628 354//628 341//628
f 300//629 327//629 354//629
f 303//630 344//630 342//630
f 303//631 313//631 344//631
f 304//632 355//632 344//632
f 264//633 345//633 306//633
f 305//634 306//634 355//634
f 304//635 305//635 355//635
f 316//636 346//636 356//636
f 181//637 269//637 357//637
f 294//638 334//638 358//638
f 294//639 358//639 332//639
f 227//640 359//640 320//640
f 181//641 357//641 270//641
f 275//642 360//642 334//642
f 227//643 361//643 359//643
f 227//644 293//644 361//644
f 321//645 362//645 363//645
f 293//646 323//646 361//646
f 321//647 363//647 335//647
f 323//648 364//648 361//648
f 323//649 336//649 364//649
f 260//650 365//650 275//650
f 260//651 339//651 365//651
f 322//652 337//652 336//652
f 336//653 337//653 364//653
f 215//654 324//654 351//654
f 277//655 338//655 366//655
f 147//656 367//656 324//656
f 296//657 325//657 368//657
f 298//658 311//658 369//658
f 297//659 298//659 370//659
f 312//660 341//660 340//660
f 327//661 371//661 354//661
f 327//662 342//662 372//662
f 342//663 373//663 372//663
f 302//664 343//664 374//664
f 302//665 374//665 375//665
f 342//666 344//666 376//666
f 344//667 355//667 376//667
f 355//668 377//668 378//668
f 345//669 377//669 355//669
f 278//670 375//670 329//670
f 306//671 345//671 355//671
f 266//672 329//672 379//672
f 292//673 380//673 314//673
f 266//674 381//674 315//674
f 317//675 347//675 346//675
f 332//676 358//676 382//676
f 332//677 382//677 383//677
f 332//678 383//678 333//678
f 275//679 365//679 360//679
f 310//680 335//680 384//680
f 183//681 349//681 385//681
f 287//682 310//682 384//682
f 287//683 384//683 350//683
f 183//684 385//684 286//684
f 296//685 386//685 339//685
f 296//686 368//686 386//686
f 277//687 366//687 326//687
f 237//688 388//688 387//688
f 237//689 297//689 388//689
f 237//690 389//690 353//690
f 311//691 340//691 369//691
f 340//692 390//692 369//692
f 341//693 391//693 390//693
f 341//694 354//694 391//694
f 340//695 341//695 390//695
f 327//696 392//696 371//696
f 299//697 353//697 393//697
f 327//698 372//698 392//698
f 377//699 395//699 394//699
f 342//700 376//700 373//700
f 376//701 378//701 394//701
f 377//702 394//702 378//702
f 374//703 396//703 375//703
f 355//704 378//704 376//704
f 278//705 302//705 375//705
f 314//706 380//706 397//706
f 307//707 398//707 380//707
f 292//708 307//708 380//708
f 307//709 399//709 398//709
f 307//710 316//710 399//710
f 316//711 356//711 399//711
f 315//712 400//712 318//712
f 346//713 347//713 401//713
f 319//714 402//714 347//714
f 333//715 383//715 348//715
f 321//716 348//716 403//716
f 321//717 403//717 362//717
f 199//718 270//718 349//718
f 335//719 363//719 384//719
f 363//720 404//720 384//720
f 276//721 352//721 325//721
f 289//722 326//722 366//722
f 147//723 405//723 367//723
f 298//724 369//724 406//724
f 237//725 387//725 389//725
f 369//726 390//726 391//726
f 353//727 389//727 393//727
f 354//728 371//728 391//728
f 371//729 407//729 391//729
f 371//730 392//730 407//730
f 299//731 393//731 408//731
f 343//732 408//732 374//732
f 299//733 408//733 343//733
f 374//734 409//734 396//734
f 373//735 376//735 394//735
f 377//736 410//736 395//736
f 345//737 411//737 377//737
f 329//738 412//738 379//738
f 314//739 397//739 330//739
f 356//740 413//740 399//740
f 358//741 414//741 382//741
f 269//742 318//742 415//742
f 382//743 416//743 383//743
f 334//744 417//744 358//744
f 319//745 418//745 402//745
f 255//746 418//746 319//746
f 255//747 320//747 418//747
f 320//748 359//748 419//748
f 362//749 403//749 363//749
f 339//750 420//750 365//750
f 350//751 384//751 421//751
f 338//752 350//752 421//752
f 369//753 422//753 406//753
f 389//754 423//754 393//754
f 387//755 423//755 389//755
f 297//756 424//756 388//756
f 392//757 425//757 407//757
f 374//758 408//758 409//758
f 372//759 426//759 392//759
f 372//760 373//760 426//760
f 395//761 410//761 427//761
f 377//762 428//762 410//762
f 377//763 411//763 428//763
f 345//764 429//764 411//764
f 345//765 397//765 429//765
f 330//766 397//766 345//766
f 380//767 398//767 430//767
f 356//768 431//768 413//768
f 315//769 432//769 400//769
f 346//770 431//770 356//770
f 318//771 400//771 415//771
f 382//772 414//772 433//772
f 382//773 433//773 416//773
f 269//774 415//774 357//774
f 334//775 434//775 417//775
f 402//776 418//776 435//776
f 320//777 419//777 418//777
f 270//778 357//778 436//778
f 334//779 360//779 434//779
f 359//780 361//780 437//780
f 360//781 365//781 438//781
f 361//782 364//782 439//782
f 363//783 440//783 404//783
f 384//784 404//784 421//784
f 147//785 289//785 405//785
f 298//786 441//786 370//786
f 298//787 406//787 441//787
f 369//788 391//788 422//788
f 391//789 407//789 442//789
f 393//790 423//790 408//790
f 407//791 425//791 443//791
f 392//792 426//792 425//792
f 373//793 444//793 445//793
f 373//794 445//794 426//794
f 373//795 394//795 444//795
f 394//796 395//796 427//796
f 396//797 409//797 446//797
f 375//798 396//798 446//798
f 329//799 375//799 447//799
f 398//800 448//800 430//800
f 398//801 449//801 448//801
f 399//802 413//802 450//802
f 315//803 451//803 432//803
f 413//804 452//804 453//804
f 413//805 431//805 452//805
f 346//806 452//806 431//806
f 346//807 401//807 452//807
f 400//808 432//808 415//808
f 358//809 417//809 414//809
f 416//810 433//810 454//810
f 383//811 416//811 454//811
f 270//812 436//812 349//812
f 363//813 403//813 440//813
f 364//814 455//814 439//814
f 337//815 455//815 364//815
f 338//816 421//816 456//816
f 338//817 456//817 457//817
f 338//818 457//818 366//818
f 370//819 441//819 458//819
f 387//820 388//820 459//820
f 388//821 424//821 459//821
f 297//822 458//822 424//822
f 297//823 370//823 458//823
f 422//824 460//824 461//824
f 391//825 460//825 422//825
f 391//826 442//826 460//826
f 407//827 443//827 442//827
f 426//828 445//828 462//828
f 425//829 426//829 463//829
f 394//830 464//830 444//830
f 394//831 427//831 464//831
f 411//832 429//832 465//832
f 266//833 379//833 466//833
f 398//834 399//834 449//834
f 347//835 467//835 401//835
f 347//836 402//836 467//836
f 402//837 435//837 467//837
f 348//838 468//838 403//838
f 339//839 386//839 420//839
f 185//840 286//840 469//840
f 325//841 470//841 368//841
f 289//842 366//842 471//842
f 406//843 422//843 472//843
f 408//844 473//844 409//844
f 425//845 462//845 443//845
f 426//846 462//846 463//846
f 444//847 464//847 474//847
f 464//848 476//848 475//848
f 427//849 476//849 464//849
f 410//850 476//850 427//850
f 375//851 477//851 447//851
f 329//852 447//852 412//852
f 429//853 430//853 465//853
f 397//854 430//854 429//854
f 266//855 466//855 381//855
f 380//856 430//856 397//856
f 448//857 449//857 478//857
f 315//858 381//858 479//858
f 399//859 480//859 449//859
f 452//860 481//860 453//860
f 401//861 467//861 482//861
f 433//862 483//862 454//862
f 418//863 484//863 435//863
f 348//864 383//864 485//864
f 357//865 486//865 436//865
f 361//866 439//866 437//866
f 365//867 420//867 438//867
f 286//868 385//868 469//868
f 337//869 487//869 455//869
f 387//870 459//870 423//870
f 442//871 443//871 488//871
f 409//872 473//872 489//872
f 408//873 490//873 473//873
f 425//874 463//874 462//874
f 444//875 474//875 445//875
f 410//876 428//876 476//876
f 411//877 465//877 491//877
f 412//878 447//878 466//878
f 465//879 492//879 491//879
f 448//880 492//880 465//880
f 379//881 412//881 466//881
f 430//882 448//882 465//882
f 449//883 480//883 478//883
f 399//884 450//884 480//884
f 315//885 493//885 451//885
f 401//886 481//886 452//886
f 401//887 482//887 481//887
f 414//888 494//888 433//888
f 415//889 432//889 495//889
f 417//890 434//890 496//890
f 357//891 415//891 495//891
f 467//892 497//892 482//892
f 435//893 497//893 467//893
f 383//894 454//894 483//894
f 337//895 351//895 487//895
f 366//896 457//896 471//896
f 325//897 352//897 470//897
f 406//898 472//898 441//898
f 422//899 498//899 472//899
f 424//900 499//900 459//900
f 424//901 458//901 500//901
f 408//902 423//902 501//902
f 423//903 502//903 501//903
f 409//904 489//904 446//904
f 464//905 503//905 474//905
f 464//906 475//906 503//906
f 478//907 504//907 505//907
f 478//908 480//908 504//908
f 450//909 506//909 480//909
f 315//910 479//910 493//910
f 413//911 507//911 450//911
f 413//912 453//912 507//912
f 453//913 508//913 507//913
f 453//914 481//914 508//914
f 414//915 510//915 509//915
f 357//916 495//916 511//916
f 435//917 512//917 497//917
f 435//918 484//918 512//918
f 360//919 513//919 434//919
f 348//920 485//920 468//920
f 418//921 514//921 484//921
f 418//922 419//922 514//922
f 404//923 440//923 515//923
f 439//924 455//924 487//924
f 441//925 472//925 516//925
f 422//926 461//926 517//926
f 424//927 500//927 499//927
f 441//928 516//928 458//928
f 442//929 488//929 460//929
f 408//930 501//930 490//930
f 443//931 462//931 488//931
f 445//932 518//932 462//932
f 445//933 519//933 518//933
f 445//934 503//934 520//934
f 445//935 474//935 503//935
f 375//936 446//936 489//936
f 428//937 521//937 476//937
f 411//938 521//938 428//938
f 411//939 491//939 522//939
f 448//940 523//940 492//940
f 448//941 478//941 505//941
f 479//942 524//942 493//942
f 450//943 507//943 506//943
f 414//944 509//944 494//944
f 414//945 417//945 510//945
f 482//946 497//946 525//946
f 434//947 513//947 496//947
f 383//948 526//948 485//948
f 403//949 527//949 440//949
f 349//950 436//950 486//950
f 324//951 528//951 351//951
f 368//952 529//952 386//952
f 499//953 500//953 530//953
f 472//954 531//954 516//954
f 459//955 499//955 532//955
f 422//956 533//956 498//956
f 498//957 533//957 534//957
f 458//958 535//958 500//958
f 472//959 498//959 534//959
f 460//960 488//960 536//960
f 488//961 518//961 537//961
f 462//962 518//962 488//962
f 445//963 520//963 519//963
f 475//964 476//964 538//964
f 476//965 521//965 538//965
f 411//966 522//966 521//966
f 381//967 466//967 539//967
f 447//968 540//968 466//968
f 447//969 477//969 540//969
f 448//970 505//970 523//970
f 480//971 541//971 504//971
f 480//972 506//972 541//972
f 481//973 542//973 508//973
f 432//974 543//974 495//974
f 481//975 482//975 542//975
f 495//976 543//976 511//976
f 482//977 525//977 542//977
f 525//978 544//978 542//978
f 525//979 545//979 544//979
f 497//980 545//980 525//980
f 497//981 512//981 545//981
f 383//982 483//982 526//982
f 484//983 546//983 512//983
f 440//984 527//984 547//984
f 349//985 486//985 385//985
f 439//986 487//986 548//986
f 386//987 549//987 420//987
f 421//988 550//988 456//988
f 351//989 528//989 487//989
f 368//990 470//990 529//990
f 289//991 471//991 405//991
f 422//992 517//992 533//992
f 423//993 459//993 532//993
f 488//994 551//994 536//994
f 488//995 537//995 551//995
f 473//996 552//996 489//996
f 473//997 490//997 552//997
f 518//998 519//998 553//998
f 375//999 489//999 477//999
f 491//1000 554//1000 522//1000
f 466//1001 540//1001 539//1001
f 381//1002 539//1002 479//1002
f 505//1003 555//1003 523//1003
f 505//1004 541//1004 555//1004
f 504//1005 541//1005 505//1005
f 507//1006 556//1006 541//1006
f 506//1007 507//1007 541//1007
f 509//1008 510//1008 557//1008
f 432//1009 451//1009 558//1009
f 508//1010 542//1010 559//1010
f 544//1011 560//1011 559//1011
f 542//1012 544//1012 559//1012
f 544//1013 561//1013 560//1013
f 417//1014 496//1014 510//1014
f 357//1015 511//1015 543//1015
f 433//1016 562//1016 483//1016
f 544//1017 545//1017 561//1017
f 512//1018 561//1018 545//1018
f 484//1019 563//1019 546//1019
f 484//1020 514//1020 563//1020
f 360//1021 438//1021 513//1021
f 419//1022 564//1022 514//1022
f 403//1023 468//1023 527//1023
f 359//1024 437//1024 565//1024
f 440//1025 547//1025 515//1025
f 404//1026 550//1026 421//1026
f 386//1027 529//1027 549//1027
f 352//1028 566//1028 470//1028
f 500//1029 567//1029 530//1029
f 500//1030 535//1030 567//1030
f 460//1031 536//1031 461//1031
f 536//1032 551//1032 568//1032
f 537//1033 568//1033 551//1033
f 489//1034 552//1034 569//1034
f 518//1035 553//1035 537//1035
f 519//1036 520//1036 570//1036
f 520//1037 571//1037 570//1037
f 503//1038 571//1038 520//1038
f 475//1039 572//1039 503//1039
f 477//1040 489//1040 573//1040
f 521//1041 522//1041 554//1041
f 491//1042 574//1042 554//1042
f 477//1043 575//1043 540//1043
f 491//1044 492//1044 574//1044
f 492//1045 523//1045 574//1045
f 523//1046 555//1046 576//1046
f 541//1047 577//1047 555//1047
f 541//1048 556//1048 577//1048
f 494//1049 557//1049 578//1049
f 494//1050 578//1050 579//1050
f 510//1051 580//1051 557//1051
f 494//1052 509//1052 557//1052
f 560//1053 561//1053 581//1053
f 433//1054 494//1054 562//1054
f 357//1055 543//1055 582//1055
f 496//1056 513//1056 583//1056
f 357//1057 584//1057 486//1057
f 359//1058 564//1058 419//1058
f 437//1059 439//1059 585//1059
f 404//1060 515//1060 586//1060
f 456//1061 587//1061 457//1061
f 499//1062 530//1062 588//1062
f 458//1063 589//1063 535//1063
f 458//1064 516//1064 589//1064
f 472//1065 590//1065 531//1065
f 499//1066 588//1066 532//1066
f 472//1067 534//1067 590//1067
f 534//1068 591//1068 590//1068
f 533//1069 591//1069 534//1069
f 517//1070 591//1070 533//1070
f 461//1071 568//1071 517//1071
f 461//1072 536//1072 568//1072
f 423//1073 532//1073 502//1073
f 519//1074 592//1074 553//1074
f 519//1075 570//1075 592//1075
f 503//1076 593//1076 571//1076
f 503//1077 572//1077 593//1077
f 475//1078 538//1078 572//1078
f 521//1079 572//1079 538//1079
f 477//1080 594//1080 575//1080
f 540//1081 575//1081 595//1081
f 539//1082 540//1082 595//1082
f 523//1083 576//1083 574//1083
f 555//1084 577//1084 596//1084
f 556//1085 596//1085 577//1085
f 507//1086 596//1086 556//1086
f 557//1087 580//1087 578//1087
f 507//1088 508//1088 597//1088
f 508//1089 559//1089 597//1089
f 432//1090 558//1090 598//1090
f 432//1091 598//1091 543//1091
f 483//1092 562//1092 599//1092
f 357//1093 582//1093 600//1093
f 512//1094 601//1094 561//1094
f 485//1095 526//1095 602//1095
f 357//1096 600//1096 584//1096
f 468//1097 485//1097 602//1097
f 437//1098 585//1098 565//1098
f 404//1099 586//1099 550//1099
f 487//1100 603//1100 548//1100
f 487//1101 528//1101 603//1101
f 502//1102 532//1102 588//1102
f 477//1103 573//1103 594//1103
f 554//1104 604//1104 572//1104
f 521//1105 554//1105 572//1105
f 555//1106 596//1106 576//1106
f 479//1107 539//1107 524//1107
f 493//1108 524//1108 558//1108
f 507//1109 597//1109 596//1109
f 559//1110 605//1110 597//1110
f 451//1111 493//1111 558//1111
f 494//1112 606//1112 562//1112
f 510//1113 607//1113 580//1113
f 496//1114 607//1114 510//1114
f 560//1115 581//1115 608//1115
f 483//1116 609//1116 526//1116
f 546//1117 563//1117 610//1117
f 439//1118 548//1118 585//1118
f 456//1119 550//1119 587//1119
f 185//1120 469//1120 611//1120
f 185//1121 611//1121 352//1121
f 324//1122 367//1122 528//1122
f 530//1123 612//1123 588//1123
f 516//1124 614//1124 613//1124
f 516//1125 613//1125 589//1125
f 517//1126 615//1126 591//1126
f 517//1127 568//1127 615//1127
f 537//1128 553//1128 616//1128
f 570//1129 617//1129 592//1129
f 489//1130 569//1130 573//1130
f 572//1131 604//1131 593//1131
f 554//1132 618//1132 604//1132
f 575//1133 594//1133 595//1133
f 554//1134 574//1134 619//1134
f 539//1135 595//1135 620//1135
f 574//1136 576//1136 621//1136
f 576//1137 622//1137 621//1137
f 559//1138 624//1138 623//1138
f 596//1139 597//1139 605//1139
f 559//1140 560//1140 624//1140
f 560//1141 608//1141 624//1141
f 543//1142 598//1142 625//1142
f 494//1143 579//1143 606//1143
f 581//1144 626//1144 608//1144
f 496//1145 627//1145 607//1145
f 582//1146 628//1146 600//1146
f 483//1147 599//1147 609//1147
f 512//1148 546//1148 601//1148
f 514//1149 629//1149 563//1149
f 359//1150 565//1150 564//1150
f 468//1151 547//1151 527//1151
f 385//1152 486//1152 630//1152
f 530//1153 631//1153 612//1153
f 516//1154 632//1154 614//1154
f 590//1155 633//1155 634//1155
f 590//1156 591//1156 633//1156
f 537//1157 635//1157 568//1157
f 490//1158 501//1158 552//1158
f 553//1159 592//1159 616//1159
f 570//1160 571//1160 636//1160
f 571//1161 593//1161 636//1161
f 593//1162 604//1162 636//1162
f 604//1163 618//1163 636//1163
f 576//1164 596//1164 622//1164
f 559//1165 623//1165 637//1165
f 559//1166 637//1166 596//1166
f 559//1167 596//1167 605//1167
f 578//1168 638//1168 579//1168
f 579//1169 638//1169 606//1169
f 580//1170 607//1170 639//1170
f 543//1171 625//1171 582//1171
f 561//1172 640//1172 581//1172
f 561//1173 601//1173 640//1173
f 496//1174 583//1174 627//1174
f 438//1175 583//1175 513//1175
f 514//1176 564//1176 629//1176
f 564//1177 641//1177 629//1177
f 468//1178 602//1178 642//1178
f 468//1179 642//1179 547//1179
f 385//1180 630//1180 643//1180
f 385//1181 643//1181 469//1181
f 469//1182 643//1182 644//1182
f 405//1183 471//1183 645//1183
f 530//1184 567//1184 631//1184
f 516//1185 531//1185 632//1185
f 591//1186 615//1186 633//1186
f 501//1187 502//1187 646//1187
f 568//1188 635//1188 615//1188
f 537//1189 616//1189 635//1189
f 570//1190 636//1190 617//1190
f 574//1191 621//1191 619//1191
f 623//1192 647//1192 637//1192
f 596//1193 648//1193 622//1193
f 596//1194 637//1194 648//1194
f 623//1195 649//1195 647//1195
f 623//1196 650//1196 649//1196
f 578//1197 580//1197 651//1197
f 623//1198 624//1198 650//1198
f 562//1199 606//1199 599//1199
f 563//1200 629//1200 610//1200
f 526//1201 609//1201 602//1201
f 515//1202 652//1202 586//1202
f 548//1203 603//1203 653//1203
f 469//1204 644//1204 611//1204
f 470//1205 654//1205 529//1205
f 612//1206 631//1206 655//1206
f 502//1207 588//1207 656//1207
f 615//1208 634//1208 633//1208
f 615//1209 657//1209 634//1209
f 502//1210 656//1210 646//1210
f 615//1211 635//1211 657//1211
f 616//1212 658//1212 659//1212
f 592//1213 658//1213 616//1213
f 592//1214 617//1214 658//1214
f 501//1215 646//1215 552//1215
f 552//1216 660//1216 569//1216
f 569//1217 660//1217 573//1217
f 554//1218 661//1218 618//1218
f 573//1219 595//1219 594//1219
f 554//1220 619//1220 661//1220
f 595//1221 662//1221 620//1221
f 619//1222 621//1222 622//1222
f 637//1223 647//1223 663//1223
f 648//1224 663//1224 664//1224
f 622//1225 648//1225 664//1225
f 637//1226 663//1226 648//1226
f 624//1227 665//1227 650//1227
f 624//1228 666//1228 667//1228
f 608//1229 666//1229 624//1229
f 607//1230 668//1230 639//1230
f 607//1231 627//1231 668//1231
f 601//1232 669//1232 640//1232
f 546//1233 610//1233 670//1233
f 610//1234 629//1234 670//1234
f 629//1235 641//1235 670//1235
f 438//1236 671//1236 583//1236
f 420//1237 671//1237 438//1237
f 564//1238 672//1238 641//1238
f 548//1239 653//1239 585//1239
f 550//1240 586//1240 673//1240
f 550//1241 673//1241 587//1241
f 531//1242 590//1242 674//1242
f 590//1243 675//1243 674//1243
f 590//1244 634//1244 675//1244
f 634//1245 657//1245 676//1245
f 657//1246 677//1246 676//1246
f 588//1247 678//1247 656//1247
f 635//1248 677//1248 657//1248
f 616//1249 659//1249 679//1249
f 616//1250 679//1250 635//1250
f 618//1251 680//1251 636//1251
f 573//1252 660//1252 681//1252
f 618//1253 661//1253 682//1253
f 573//1254 662//1254 595//1254
f 661//1255 684//1255 683//1255
f 619//1256 684//1256 661//1256
f 524//1257 539//1257 685//1257
f 622//1258 664//1258 663//1258
f 647//1259 649//1259 686//1259
f 649//1260 650//1260 686//1260
f 624//1261 667//1261 665//1261
f 581//1262 687//1262 626//1262
f 546//1263 669//1263 601//1263
f 600//1264 628//1264 688//1264
f 602//1265 609//1265 689//1265
f 515//1266 547//1266 652//1266
f 529//1267 654//1267 690//1267
f 470//1268 566//1268 654//1268
f 352//1269 691//1269 566//1269
f 588//1270 612//1270 678//1270
f 535//1271 589//1271 692//1271
f 531//1272 674//1272 632//1272
f 634//1273 676//1273 675//1273
f 646//1274 656//1274 678//1274
f 535//1275 693//1275 567//1275
f 635//1276 679//1276 677//1276
f 552//1277 646//1277 694//1277
f 552//1278 695//1278 660//1278
f 617//1279 636//1279 696//1279
f 636//1280 680//1280 696//1280
f 661//1281 683//1281 682//1281
f 539//1282 620//1282 685//1282
f 619//1283 622//1283 697//1283
f 647//1284 698//1284 663//1284
f 580//1285 639//1285 651//1285
f 581//1286 640//1286 687//1286
f 546//1287 699//1287 669//1287
f 583//1288 671//1288 627//1288
f 641//1289 700//1289 701//1289
f 602//1290 702//1290 642//1290
f 565//1291 585//1291 703//1291
f 420//1292 549//1292 704//1292
f 585//1293 653//1293 705//1293
f 586//1294 652//1294 673//1294
f 529//1295 690//1295 549//1295
f 457//1296 587//1296 645//1296
f 457//1297 645//1297 471//1297
f 589//1298 613//1298 692//1298
f 632//1299 674//1299 706//1299
f 535//1300 692//1300 707//1300
f 676//1301 677//1301 708//1301
f 677//1302 679//1302 709//1302
f 659//1303 709//1303 679//1303
f 552//1304 694//1304 695//1304
f 617//1305 696//1305 658//1305
f 619//1306 710//1306 684//1306
f 619//1307 711//1307 710//1307
f 619//1308 697//1308 711//1308
f 622//1309 663//1309 697//1309
f 647//1310 712//1310 698//1310
f 647//1311 686//1311 712//1311
f 524//1312 713//1312 558//1312
f 639//1313 714//1313 651//1313
f 650//1314 715//1314 686//1314
f 650//1315 665//1315 715//1315
f 666//1316 716//1316 667//1316
f 608//1317 717//1317 666//1317
f 639//1318 668//1318 718//1318
f 608//1319 626//1319 717//1319
f 599//1320 606//1320 719//1320
f 640//1321 721//1321 720//1321
f 640//1322 669//1322 721//1322
f 627//1323 671//1323 722//1323
f 600//1324 688//1324 723//1324
f 546//1325 670//1325 699//1325
f 641//1326 701//1326 670//1326
f 564//1327 724//1327 672//1327
f 486//1328 584//1328 725//1328
f 564//1329 565//1329 724//1329
f 486//1330 725//1330 726//1330
f 612//1331 727//1331 728//1331
f 631//1332 729//1332 730//1332
f 614//1333 632//1333 731//1333
f 612//1334 655//1334 727//1334
f 632//1335 706//1335 731//1335
f 675//1336 676//1336 732//1336
f 612//1337 728//1337 678//1337
f 567//1338 693//1338 631//1338
f 694//1339 734//1339 733//1339
f 677//1340 709//1340 708//1340
f 659//1341 708//1341 709//1341
f 694//1342 733//1342 695//1342
f 660//1343 695//1343 681//1343
f 682//1344 683//1344 735//1344
f 684//1345 710//1345 736//1345
f 663//1346 737//1346 697//1346
f 663//1347 698//1347 737//1347
f 697//1348 737//1348 738//1348
f 686//1349 715//1349 712//1349
f 665//1350 667//1350 715//1350
f 606//1351 638//1351 739//1351
f 582//1352 625//1352 740//1352
f 626//1353 741//1353 717//1353
f 628//1354 742//1354 688//1354
f 640//1355 720//1355 687//1355
f 627//1356 722//1356 668//1356
f 670//1357 743//1357 699//1357
f 670//1358 701//1358 743//1358
f 602//1359 689//1359 744//1359
f 602//1360 744//1360 702//1360
f 420//1361 704//1361 671//1361
f 641//1362 672//1362 700//1362
f 549//1363 745//1363 704//1363
f 549//1364 746//1364 745//1364
f 549//1365 690//1365 746//1365
f 603//1366 747//1366 653//1366
f 352//1367 611//1367 691//1367
f 614//1368 731//1368 748//1368
f 631//1369 730//1369 655//1369
f 613//1370 749//1370 692//1370
f 613//1371 614//1371 749//1371
f 631//1372 693//1372 729//1372
f 674//1373 731//1373 706//1373
f 676//1374 708//1374 732//1374
f 733//1375 734//1375 750//1375
f 646//1376 734//1376 694//1376
f 695//1377 733//1377 750//1377
f 573//1378 681//1378 751//1378
f 681//1379 695//1379 751//1379
f 618//1380 682//1380 680//1380
f 573//1381 752//1381 662//1381
f 662//1382 752//1382 753//1382
f 683//1383 684//1383 735//1383
f 620//1384 662//1384 754//1384
f 710//1385 755//1385 736//1385
f 710//1386 756//1386 755//1386
f 710//1387 711//1387 756//1387
f 711//1388 738//1388 756//1388
f 737//1389 756//1389 738//1389
f 697//1390 738//1390 711//1390
f 524//1391 685//1391 713//1391
f 558//1392 713//1392 598//1392
f 578//1393 757//1393 638//1393
f 638//1394 758//1394 739//1394
f 667//1395 759//1395 715//1395
f 667//1396 716//1396 760//1396
f 598//1397 740//1397 625//1397
f 666//1398 717//1398 716//1398
f 582//1399 742//1399 628//1399
f 626//1400 687//1400 741//1400
f 606//1401 761//1401 719//1401
f 688//1402 742//1402 723//1402
f 599//1403 689//1403 609//1403
f 486//1404 726//1404 630//1404
f 653//1405 747//1405 705//1405
f 674//1406 675//1406 732//1406
f 655//1407 763//1407 762//1407
f 655//1408 762//1408 727//1408
f 646//1409 678//1409 764//1409
f 646//1410 764//1410 734//1410
f 658//1411 765//1411 659//1411
f 573//1412 751//1412 766//1412
f 573//1413 766//1413 752//1413
f 662//1414 753//1414 754//1414
f 684//1415 736//1415 735//1415
f 737//1416 755//1416 756//1416
f 737//1417 767//1417 755//1417
f 578//1418 651//1418 757//1418
f 638//1419 757//1419 758//1419
f 667//1420 760//1420 759//1420
f 606//1421 739//1421 761//1421
f 699//1422 743//1422 768//1422
f 584//1423 600//1423 723//1423
f 547//1424 642//1424 702//1424
f 547//1425 769//1425 652//1425
f 643//1426 770//1426 644//1426
f 674//1427 771//1427 731//1427
f 614//1428 748//1428 749//1428
f 674//1429 732//1429 771//1429
f 728//1430 773//1430 772//1430
f 655//1431 730//1431 763//1431
f 727//1432 774//1432 728//1432
f 727//1433 762//1433 774//1433
f 678//1434 772//1434 764//1434
f 678//1435 728//1435 772//1435
f 734//1436 776//1436 775//1436
f 734//1437 775//1437 750//1437
f 750//1438 775//1438 777//1438
f 695//1439 750//1439 777//1439
f 695//1440 777//1440 751//1440
f 735//1441 736//1441 778//1441
f 620//1442 754//1442 685//1442
f 698//1443 767//1443 737//1443
f 698//1444 712//1444 779//1444
f 712//1445 715//1445 779//1445
f 598//1446 713//1446 780//1446
f 716//1447 717//1447 781//1447
f 582//1448 740//1448 742//1448
f 687//1449 782//1449 741//1449
f 687//1450 720//1450 782//1450
f 669//1451 783//1451 721//1451
f 699//1452 768//1452 783//1452
f 669//1453 699//1453 783//1453
f 743//1454 784//1454 768//1454
f 584//1455 723//1455 785//1455
f 671//1456 786//1456 787//1456
f 585//1457 705//1457 788//1457
f 630//1458 789//1458 643//1458
f 603//1459 790//1459 747//1459
f 528//1460 790//1460 603//1460
f 405//1461 645//1461 791//1461
f 729//1462 792//1462 730//1462
f 762//1463 793//1463 774//1463
f 728//1464 774//1464 773//1464
f 734//1465 794//1465 776//1465
f 734//1466 764//1466 794//1466
f 764//1467 772//1467 794//1467
f 708//1468 795//1468 732//1468
f 659//1469 795//1469 708//1469
f 658//1470 696//1470 796//1470
f 680//1471 797//1471 696//1471
f 682//1472 735//1472 778//1472
f 755//1473 767//1473 798//1473
f 715//1474 799//1474 779//1474
f 598//1475 800//1475 740//1475
f 716//1476 801//1476 760//1476
f 716//1477 802//1477 801//1477
f 716//1478 781//1478 802//1478
f 717//1479 741//1479 781//1479
f 668//1480 803//1480 804//1480
f 668//1481 804//1481 718//1481
f 720//1482 783//1482 805//1482
f 720//1483 721//1483 783//1483
f 743//1484 806//1484 784//1484
f 723//1485 807//1485 785//1485
f 671//1486 787//1486 808//1486
f 701//1487 806//1487 743//1487
f 700//1488 806//1488 701//1488
f 584//1489 785//1489 809//1489
f 584//1490 809//1490 810//1490
f 671//1491 704//1491 786//1491
f 672//1492 811//1492 700//1492
f 547//1493 702//1493 769//1493
f 692//1494 812//1494 707//1494
f 772//1495 773//1495 794//1495
f 774//1496 793//1496 813//1496
f 535//1497 814//1497 693//1497
f 535//1498 707//1498 814//1498
f 732//1499 795//1499 771//1499
f 658//1500 815//1500 765//1500
f 751//1501 816//1501 766//1501
f 751//1502 777//1502 816//1502
f 752//1503 766//1503 753//1503
f 682//1504 778//1504 817//1504
f 798//1505 818//1505 819//1505
f 767//1506 818//1506 798//1506
f 698//1507 818//1507 767//1507
f 685//1508 820//1508 713//1508
f 715//1509 759//1509 799//1509
f 801//1510 802//1510 821//1510
f 781//1511 822//1511 802//1511
f 741//1512 782//1512 781//1512
f 720//1513 805//1513 782//1513
f 723//1514 742//1514 807//1514
f 702//1515 744//1515 823//1515
f 565//1516 703//1516 724//1516
f 585//1517 824//1517 703//1517
f 585//1518 788//1518 824//1518
f 704//1519 745//1519 825//1519
f 643//1520 789//1520 770//1520
f 587//1521 791//1521 645//1521
f 762//1522 763//1522 826//1522
f 693//1523 792//1523 729//1523
f 773//1524 813//1524 793//1524
f 659//1525 827//1525 795//1525
f 773//1526 774//1526 813//1526
f 775//1527 776//1527 828//1527
f 659//1528 765//1528 815//1528
f 658//1529 796//1529 815//1529
f 696//1530 797//1530 796//1530
f 680//1531 682//1531 797//1531
f 736//1532 829//1532 778//1532
f 639//1533 830//1533 714//1533
f 739//1534 831//1534 761//1534
f 802//1535 822//1535 821//1535
f 781//1536 782//1536 822//1536
f 782//1537 805//1537 822//1537
f 668//1538 832//1538 803//1538
f 742//1539 833//1539 807//1539
f 768//1540 784//1540 783//1540
f 671//1541 808//1541 834//1541
f 700//1542 835//1542 806//1542
f 785//1543 807//1543 809//1543
f 700//1544 811//1544 836//1544
f 809//1545 837//1545 810//1545
f 672//1546 836//1546 811//1546
f 702//1547 823//1547 769//1547
f 652//1548 838//1548 673//1548
f 566//1549 691//1549 654//1549
f 762//1550 839//1550 793//1550
f 762//1551 826//1551 839//1551
f 730//1552 840//1552 763//1552
f 692//1553 841//1553 812//1553
f 692//1554 749//1554 841//1554
f 731//1555 842//1555 748//1555
f 731//1556 771//1556 843//1556
f 771//1557 827//1557 843//1557
f 773//1558 793//1558 839//1558
f 763//1559 840//1559 826//1559
f 771//1560 795//1560 827//1560
f 682//1561 844//1561 797//1561
f 682//1562 817//1562 844//1562
f 736//1563 755//1563 845//1563
f 755//1564 798//1564 846//1564
f 685//1565 847//1565 820//1565
f 759//1566 848//1566 799//1566
f 759//1567 760//1567 848//1567
f 760//1568 801//1568 849//1568
f 740//1569 850//1569 851//1569
f 740//1570 800//1570 850//1570
f 740//1571 851//1571 742//1571
f 805//1572 821//1572 822//1572
f 719//1573 761//1573 831//1573
f 803//1574 832//1574 852//1574
f 668//1575 852//1575 832//1575
f 668//1576 722//1576 852//1576
f 783//1577 784//1577 853//1577
f 599//1578 719//1578 854//1578
f 784//1579 806//1579 855//1579
f 671//1580 834//1580 722//1580
f 806//1581 835//1581 855//1581
f 599//1582 854//1582 689//1582
f 807//1583 837//1583 809//1583
f 584//1584 810//1584 856//1584
f 630//1585 726//1585 789//1585
f 745//1586 746//1586 825//1586
f 644//1587 770//1587 857//1587
f 587//1588 858//1588 791//1588
f 654//1589 691//1589 859//1589
f 748//1590 860//1590 749//1590
f 659//1591 861//1591 827//1591
f 775//1592 828//1592 862//1592
f 775//1593 862//1593 777//1593
f 777//1594 862//1594 816//1594
f 817//1595 829//1595 863//1595
f 778//1596 829//1596 817//1596
f 755//1597 846//1597 845//1597
f 798//1598 819//1598 846//1598
f 819//1599 864//1599 846//1599
f 819//1600 865//1600 864//1600
f 818//1601 865//1601 819//1601
f 698//1602 865//1602 818//1602
f 698//1603 779//1603 865//1603
f 779//1604 799//1604 866//1604
f 739//1605 758//1605 867//1605
f 801//1606 821//1606 868//1606
f 805//1607 868//1607 821//1607
f 718//1608 804//1608 869//1608
f 742//1609 870//1609 833//1609
f 783//1610 853//1610 805//1610
f 803//1611 852//1611 804//1611
f 807//1612 871//1612 837//1612
f 689//1613 854//1613 744//1613
f 700//1614 836//1614 835//1614
f 810//1615 837//1615 856//1615
f 704//1616 872//1616 786//1616
f 584//1617 856//1617 725//1617
f 652//1618 873//1618 838//1618
f 654//1619 859//1619 690//1619
f 367//1620 874//1620 528//1620
f 731//1621 875//1621 842//1621
f 731//1622 843//1622 875//1622
f 826//1623 840//1623 876//1623
f 730//1624 792//1624 877//1624
f 773//1625 839//1625 878//1625
f 773//1626 878//1626 794//1626
f 828//1627 879//1627 862//1627
f 766//1628 816//1628 880//1628
f 753//1629 881//1629 882//1629
f 753//1630 882//1630 754//1630
f 779//1631 866//1631 865//1631
f 757//1632 867//1632 758//1632
f 799//1633 848//1633 883//1633
f 760//1634 849//1634 848//1634
f 639//1635 718//1635 830//1635
f 718//1636 869//1636 884//1636
f 805//1637 853//1637 868//1637
f 807//1638 833//1638 871//1638
f 835//1639 885//1639 855//1639
f 672//1640 886//1640 836//1640
f 704//1641 825//1641 887//1641
f 705//1642 824//1642 788//1642
f 652//1643 769//1643 873//1643
f 839//1644 876//1644 878//1644
f 826//1645 876//1645 839//1645
f 730//1646 877//1646 840//1646
f 707//1647 812//1647 814//1647
f 748//1648 842//1648 860//1648
f 796//1649 888//1649 815//1649
f 796//1650 889//1650 888//1650
f 753//1651 766//1651 880//1651
f 817//1652 863//1652 844//1652
f 754//1653 882//1653 890//1653
f 685//1654 754//1654 891//1654
f 736//1655 863//1655 829//1655
f 736//1656 845//1656 863//1656
f 845//1657 846//1657 892//1657
f 864//1658 865//1658 893//1658
f 799//1659 883//1659 866//1659
f 598//1660 780//1660 894//1660
f 598//1661 895//1661 800//1661
f 800//1662 895//1662 850//1662
f 801//1663 896//1663 849//1663
f 801//1664 868//1664 896//1664
f 742//1665 851//1665 870//1665
f 784//1666 897//1666 853//1666
f 719//1667 898//1667 899//1667
f 722//1668 834//1668 900//1668
f 837//1669 871//1669 901//1669
f 835//1670 836//1670 885//1670
f 672//1671 902//1671 886//1671
f 705//1672 747//1672 903//1672
f 587//1673 838//1673 858//1673
f 691//1674 904//1674 859//1674
f 840//1675 905//1675 876//1675
f 840//1676 877//1676 905//1676
f 749//1677 860//1677 841//1677
f 827//1678 906//1678 843//1678
f 693//1679 814//1679 792//1679
f 796//1680 797//1680 889//1680
f 816//1681 862//1681 880//1681
f 846//1682 907//1682 892//1682
f 846//1683 864//1683 907//1683
f 713//1684 820//1684 780//1684
f 598//1685 894//1685 895//1685
f 833//1686 870//1686 871//1686
f 719//1687 899//1687 854//1687
f 837//1688 901//1688 908//1688
f 837//1689 908//1689 856//1689
f 744//1690 909//1690 823//1690
f 856//1691 910//1691 911//1691
f 825//1692 912//1692 887//1692
f 587//1693 673//1693 838//1693
f 876//1694 913//1694 878//1694
f 776//1695 794//1695 914//1695
f 828//1696 914//1696 879//1696
f 776//1697 914//1697 828//1697
f 753//1698 880//1698 915//1698
f 862//1699 879//1699 880//1699
f 879//1700 916//1700 880//1700
f 797//1701 844//1701 917//1701
f 753//1702 915//1702 881//1702
f 844//1703 863//1703 918//1703
f 754//1704 890//1704 891//1704
f 845//1705 892//1705 863//1705
f 865//1706 866//1706 893//1706
f 849//1707 919//1707 883//1707
f 848//1708 849//1708 883//1708
f 849//1709 896//1709 919//1709
f 868//1710 919//1710 896//1710
f 868//1711 920//1711 919//1711
f 853//1712 897//1712 920//1712
f 853//1713 920//1713 868//1713
f 784//1714 921//1714 897//1714
f 784//1715 855//1715 921//1715
f 855//1716 923//1716 922//1716
f 855//1717 885//1717 923//1717
f 836//1718 924//1718 885//1718
f 856//1719 908//1719 910//1719
f 836//1720 886//1720 925//1720
f 704//1721 887//1721 872//1721
f 672//1722 724//1722 902//1722
f 705//1723 903//1723 824//1723
f 726//1724 926//1724 789//1724
f 747//1725 790//1725 927//1725
f 690//1726 928//1726 746//1726
f 690//1727 859//1727 928//1727
f 611//1728 929//1728 691//1728
f 859//1729 904//1729 928//1729
f 792//1730 814//1730 877//1730
f 814//1731 930//1731 877//1731
f 794//1732 931//1732 914//1732
f 794//1733 878//1733 931//1733
f 659//1734 932//1734 861//1734
f 659//1735 815//1735 932//1735
f 880//1736 933//1736 934//1736
f 880//1737 916//1737 933//1737
f 864//1738 935//1738 907//1738
f 780//1739 820//1739 894//1739
f 864//1740 893//1740 936//1740
f 866//1741 883//1741 937//1741
f 757//1742 938//1742 867//1742
f 883//1743 919//1743 937//1743
f 739//1744 867//1744 939//1744
f 850//1745 940//1745 851//1745
f 897//1746 941//1746 920//1746
f 719//1747 831//1747 942//1747
f 722//1748 943//1748 852//1748
f 871//1749 944//1749 901//1749
f 808//1750 900//1750 834//1750
f 836//1751 945//1751 924//1751
f 786//1752 946//1752 787//1752
f 886//1753 947//1753 925//1753
f 725//1754 856//1754 911//1754
f 769//1755 823//1755 948//1755
f 769//1756 948//1756 873//1756
f 789//1757 926//1757 949//1757
f 747//1758 927//1758 903//1758
f 770//1759 789//1759 949//1759
f 611//1760 857//1760 950//1760
f 611//1761 644//1761 857//1761
f 528//1762 874//1762 951//1762
f 877//1763 930//1763 905//1763
f 812//1764 952//1764 814//1764
f 842//1765 875//1765 860//1765
f 878//1766 913//1766 953//1766
f 827//1767 954//1767 906//1767
f 879//1768 914//1768 955//1768
f 827//1769 861//1769 954//1769
f 880//1770 934//1770 956//1770
f 879//1771 933//1771 916//1771
f 880//1772 956//1772 957//1772
f 797//1773 917//1773 889//1773
f 880//1774 957//1774 915//1774
f 863//1775 892//1775 958//1775
f 892//1776 907//1776 935//1776
f 864//1777 936//1777 935//1777
f 866//1778 959//1778 893//1778
f 866//1779 937//1779 959//1779
f 919//1780 920//1780 941//1780
f 852//1781 943//1781 960//1781
f 855//1782 922//1782 961//1782
f 901//1783 944//1783 962//1783
f 787//1784 963//1784 808//1784
f 836//1785 925//1785 945//1785
f 886//1786 902//1786 947//1786
f 703//1787 964//1787 724//1787
f 770//1788 965//1788 857//1788
f 611//1789 950//1789 929//1789
f 528//1790 951//1790 790//1790
f 691//1791 929//1791 904//1791
f 367//1792 405//1792 874//1792
f 876//1793 905//1793 966//1793
f 812//1794 841//1794 952//1794
f 876//1795 966//1795 913//1795
f 814//1796 952//1796 930//1796
f 841//1797 860//1797 967//1797
f 878//1798 953//1798 931//1798
f 914//1799 931//1799 955//1799
f 843//1800 906//1800 954//1800
f 861//1801 968//1801 954//1801
f 815//1802 888//1802 932//1802
f 889//1803 917//1803 969//1803
f 844//1804 970//1804 917//1804
f 915//1805 971//1805 972//1805
f 881//1806 915//1806 972//1806
f 882//1807 972//1807 890//1807
f 881//1808 972//1808 882//1808
f 685//1809 891//1809 973//1809
f 685//1810 973//1810 847//1810
f 892//1811 974//1811 958//1811
f 892//1812 935//1812 974//1812
f 919//1813 975//1813 937//1813
f 850//1814 895//1814 976//1814
f 850//1815 976//1815 940//1815
f 739//1816 977//1816 831//1816
f 718//1817 884//1817 830//1817
f 851//1818 940//1818 870//1818
f 719//1819 942//1819 898//1819
f 870//1820 978//1820 871//1820
f 804//1821 852//1821 960//1821
f 855//1822 961//1822 921//1822
f 885//1823 979//1823 923//1823
f 901//1824 962//1824 980//1824
f 885//1825 981//1825 982//1825
f 808//1826 963//1826 900//1826
f 885//1827 924//1827 981//1827
f 908//1828 983//1828 910//1828
f 786//1829 872//1829 946//1829
f 725//1830 911//1830 726//1830
f 726//1831 984//1831 926//1831
f 838//1832 873//1832 985//1832
f 791//1833 858//1833 986//1833
f 905//1834 930//1834 952//1834
f 843//1835 987//1835 875//1835
f 861//1836 932//1836 968//1836
f 933//1837 988//1837 934//1837
f 879//1838 988//1838 933//1838
f 915//1839 956//1839 971//1839
f 915//1840 957//1840 956//1840
f 863//1841 958//1841 918//1841
f 893//1842 989//1842 936//1842
f 893//1843 959//1843 989//1843
f 937//1844 990//1844 959//1844
f 651//1845 714//1845 991//1845
f 714//1846 830//1846 992//1846
f 937//1847 975//1847 993//1847
f 739//1848 939//1848 977//1848
f 919//1849 941//1849 975//1849
f 897//1850 921//1850 994//1850
f 871//1851 995//1851 944//1851
f 922//1852 923//1852 961//1852
f 722//1853 900//1853 996//1853
f 885//1854 982//1854 979//1854
f 854//1855 899//1855 997//1855
f 744//1856 854//1856 909//1856
f 902//1857 998//1857 947//1857
f 903//1858 927//1858 999//1858
f 770//1859 949//1859 965//1859
f 790//1860 999//1860 927//1860
f 841//1861 967//1861 952//1861
f 860//1862 1000//1862 967//1862
f 913//1863 1001//1863 953//1863
f 971//1864 1002//1864 972//1864
f 890//1865 972//1865 1002//1865
f 918//1866 958//1866 974//1866
f 890//1867 1003//1867 891//1867
f 935//1868 1004//1868 974//1868
f 820//1869 847//1869 894//1869
f 935//1870 936//1870 1005//1870
f 936//1871 989//1871 1005//1871
f 937//1872 993//1872 1006//1872
f 975//1873 1006//1873 993//1873
f 940//1874 976//1874 1007//1874
f 941//1875 1008//1875 975//1875
f 870//1876 940//1876 978//1876
f 871//1877 978//1877 995//1877
f 923//1878 1009//1878 961//1878
f 923//1879 979//1879 1009//1879
f 722//1880 996//1880 943//1880
f 924//1881 945//1881 1010//1881
f 925//1882 947//1882 1011//1882
f 910//1883 983//1883 911//1883
f 823//1884 1012//1884 948//1884
f 726//1885 911//1885 984//1885
f 703//1886 1013//1886 964//1886
f 703//1887 824//1887 1013//1887
f 905//1888 1014//1888 966//1888
f 913//1889 966//1889 1001//1889
f 860//1890 875//1890 987//1890
f 931//1891 953//1891 1015//1891
f 931//1892 1016//1892 955//1892
f 932//1893 1017//1893 968//1893
f 879//1894 955//1894 988//1894
f 888//1895 1018//1895 932//1895
f 934//1896 988//1896 1019//1896
f 888//1897 889//1897 1018//1897
f 844//1898 1020//1898 970//1898
f 844//1899 918//1899 1020//1899
f 918//1900 974//1900 1020//1900
f 891//1901 1003//1901 973//1901
f 890//1902 1002//1902 1003//1902
f 935//1903 1005//1903 1004//1903
f 714//1904 992//1904 991//1904
f 975//1905 1021//1905 1006//1905
f 975//1906 1008//1906 1021//1906
f 831//1907 977//1907 1022//1907
f 941//1908 1023//1908 1008//1908
f 897//1909 1023//1909 941//1909
f 831//1910 1022//1910 942//1910
f 944//1911 980//1911 962//1911
f 901//1912 980//1912 908//1912
f 924//1913 1010//1913 981//1913
f 787//1914 946//1914 963//1914
f 945//1915 1011//1915 1010//1915
f 925//1916 1011//1916 945//1916
f 947//1917 1024//1917 1011//1917
f 823//1918 909//1918 1012//1918
f 872//1919 887//1919 946//1919
f 902//1920 1025//1920 998//1920
f 824//1921 903//1921 1026//1921
f 838//1922 1027//1922 858//1922
f 746//1923 928//1923 1028//1923
f 405//1924 791//1924 1029//1924
f 405//1925 1029//1925 874//1925
f 905//1926 952//1926 1014//1926
f 860//1927 987//1927 1000//1927
f 843//1928 954//1928 1000//1928
f 954//1929 1017//1929 1000//1929
f 955//1930 1030//1930 1019//1930
f 955//1931 1019//1931 988//1931
f 889//1932 1031//1932 1018//1932
f 973//1933 1003//1933 1032//1933
f 974//1934 1004//1934 1020//1934
f 1004//1935 1005//1935 1033//1935
f 959//1936 990//1936 989//1936
f 867//1937 938//1937 939//1937
f 894//1938 976//1938 895//1938
f 1008//1939 1023//1939 1034//1939
f 921//1940 1035//1940 994//1940
f 921//1941 961//1941 1035//1941
f 804//1942 960//1942 869//1942
f 943//1943 1036//1943 960//1943
f 982//1944 1038//1944 1037//1944
f 981//1945 1038//1945 982//1945
f 908//1946 980//1946 1039//1946
f 908//1947 1039//1947 1040//1947
f 908//1948 1040//1948 983//1948
f 947//1949 998//1949 1024//1949
f 887//1950 1041//1950 946//1950
f 724//1951 964//1951 902//1951
f 902//1952 964//1952 1025//1952
f 824//1953 1026//1953 1013//1953
f 952//1954 1000//1954 1014//1954
f 952//1955 967//1955 1000//1955
f 843//1956 1000//1956 987//1956
f 932//1957 1018//1957 1017//1957
f 934//1958 1019//1958 1042//1958
f 955//1959 1016//1959 1030//1959
f 954//1960 968//1960 1017//1960
f 889//1961 969//1961 1031//1961
f 956//1962 1043//1962 971//1962
f 917//1963 970//1963 969//1963
f 971//1964 1043//1964 1002//1964
f 973//1965 1032//1965 1044//1965
f 1002//1966 1032//1966 1003//1966
f 1005//1967 1045//1967 1033//1967
f 989//1968 1045//1968 1005//1968
f 989//1969 990//1969 1045//1969
f 757//1970 1046//1970 938//1970
f 937//1971 1047//1971 990//1971
f 937//1972 1006//1972 1047//1972
f 1006//1973 1021//1973 1047//1973
f 1008//1974 1034//1974 1048//1974
f 898//1975 1049//1975 899//1975
f 943//1976 996//1976 1036//1976
f 1037//1977 1038//1977 1050//1977
f 900//1978 963//1978 1051//1978
f 981//1979 1010//1979 1038//1979
f 983//1980 1040//1980 1052//1980
f 911//1981 983//1981 1052//1981
f 873//1982 948//1982 1053//1982
f 903//1983 1054//1983 1026//1983
f 903//1984 999//1984 1054//1984
f 791//1985 986//1985 1029//1985
f 966//1986 1014//1986 1001//1986
f 931//1987 1055//1987 1016//1987
f 931//1988 1015//1988 1055//1988
f 953//1989 1055//1989 1015//1989
f 953//1990 1001//1990 1055//1990
f 934//1991 1042//1991 1056//1991
f 1019//1992 1030//1992 1042//1992
f 934//1993 1056//1993 956//1993
f 973//1994 1044//1994 1057//1994
f 847//1995 973//1995 1057//1995
f 847//1996 1057//1996 1058//1996
f 847//1997 1058//1997 894//1997
f 894//1998 1058//1998 976//1998
f 897//1999 994//1999 1059//1999
f 944//2000 995//2000 1060//2000
f 979//2001 1061//2001 1009//2001
f 944//2002 1060//2002 980//2002
f 899//2003 1049//2003 997//2003
f 979//2004 982//2004 1037//2004
f 900//2005 1051//2005 996//2005
f 946//2006 1062//2006 963//2006
f 1010//2007 1011//2007 1063//2007
f 1011//2008 1024//2008 1063//2008
f 911//2009 1064//2009 984//2009
f 746//2010 1065//2010 825//2010
f 1001//2011 1014//2011 1066//2011
f 1000//2012 1067//2012 1014//2012
f 1016//2013 1055//2013 1030//2013
f 1042//2014 1068//2014 1056//2014
f 1018//2015 1031//2015 1069//2015
f 969//2016 1070//2016 1071//2016
f 969//2017 970//2017 1070//2017
f 1002//2018 1043//2018 1032//2018
f 1004//2019 1072//2019 1020//2019
f 1004//2020 1033//2020 1072//2020
f 976//2021 1058//2021 1073//2021
f 1008//2022 1048//2022 1021//2022
f 897//2023 1059//2023 1023//2023
f 980//2024 1060//2024 1039//2024
f 1038//2025 1074//2025 1050//2025
f 1010//2026 1074//2026 1038//2026
f 1010//2027 1063//2027 1074//2027
f 854//2028 1075//2028 909//2028
f 1024//2029 1076//2029 1063//2029
f 998//2030 1076//2030 1024//2030
f 790//2031 1077//2031 999//2031
f 1001//2032 1078//2032 1055//2032
f 1017//2033 1018//2033 1069//2033
f 1030//2034 1068//2034 1042//2034
f 956//2035 1056//2035 1079//2035
f 956//2036 1079//2036 1080//2036
f 956//2037 1080//2037 1043//2037
f 1032//2038 1043//2038 1081//2038
f 1033//2039 1045//2039 1082//2039
f 651//2040 1046//2040 757//2040
f 990//2041 1083//2041 1045//2041
f 939//2042 1084//2042 977//2042
f 869//2043 1085//2043 884//2043
f 898//2044 942//2044 1086//2044
f 961//2045 1009//2045 1035//2045
f 995//2046 1087//2046 1060//2046
f 979//2047 1037//2047 1088//2047
f 1037//2048 1050//2048 1088//2048
f 1050//2049 1074//2049 1088//2049
f 963//2050 1062//2050 1051//2050
f 1040//2051 1089//2051 1052//2051
f 998//2052 1025//2052 1076//2052
f 873//2053 1053//2053 985//2053
f 858//2054 1090//2054 986//2054
f 904//2055 1091//2055 928//2055
f 904//2056 929//2056 1091//2056
f 929//2057 1092//2057 1091//2057
f 1014//2058 1067//2058 1066//2058
f 1000//2059 1093//2059 1067//2059
f 1001//2060 1066//2060 1078//2060
f 1030//2061 1055//2061 1078//2061
f 1000//2062 1017//2062 1069//2062
f 1020//2063 1072//2063 1094//2063
f 1044//2064 1095//2064 1057//2064
f 990//2065 1047//2065 1083//2065
f 938//2066 1096//2066 939//2066
f 1021//2067 1097//2067 1047//2067
f 940//2068 1007//2068 1098//2068
f 1023//2069 1059//2069 1034//2069
f 978//2070 1087//2070 995//2070
f 979//2071 1099//2071 1061//2071
f 1039//2072 1060//2072 1100//2072
f 979//2073 1101//2073 1099//2073
f 979//2074 1102//2074 1101//2074
f 979//2075 1088//2075 1102//2075
f 1039//2076 1103//2076 1040//2076
f 1063//2077 1104//2077 1074//2077
f 1063//2078 1076//2078 1104//2078
f 999//2079 1105//2079 1054//2079
f 838//2080 985//2080 1027//2080
f 746//2081 1106//2081 1065//2081
f 746//2082 1028//2082 1106//2082
f 858//2083 1027//2083 1090//2083
f 857//2084 1107//2084 950//2084
f 1000//2085 1069//2085 1093//2085
f 1030//2086 1078//2086 1108//2086
f 969//2087 1109//2087 1031//2087
f 969//2088 1071//2088 1109//2088
f 1043//2089 1080//2089 1081//2089
f 970//2090 1020//2090 1070//2090
f 1020//2091 1094//2091 1110//2091
f 1032//2092 1111//2092 1044//2092
f 1033//2093 1112//2093 1072//2093
f 1045//2094 1083//2094 1082//2094
f 1007//2095 1113//2095 1098//2095
f 1034//2096 1114//2096 1048//2096
f 830//2097 884//2097 1115//2097
f 977//2098 1086//2098 1022//2098
f 940//2099 1116//2099 978//2099
f 942//2100 1022//2100 1086//2100
f 978//2101 1116//2101 1087//2101
f 994//2102 1035//2102 1117//2102
f 1009//2103 1117//2103 1035//2103
f 1009//2104 1061//2104 1117//2104
f 1099//2105 1101//2105 1118//2105
f 1039//2106 1100//2106 1119//2106
f 1074//2107 1120//2107 1088//2107
f 1074//2108 1104//2108 1120//2108
f 887//2109 1121//2109 1041//2109
f 825//2110 1065//2110 912//2110
f 999//2111 1122//2111 1105//2111
f 1067//2112 1093//2112 1123//2112
f 1056//2113 1068//2113 1079//2113
f 1031//2114 1109//2114 1069//2114
f 1079//2115 1124//2115 1080//2115
f 1020//2116 1110//2116 1070//2116
f 1072//2117 1112//2117 1094//2117
f 1033//2118 1125//2118 1112//2118
f 1033//2119 1126//2119 1125//2119
f 1033//2120 1082//2120 1127//2120
f 651//2121 1128//2121 1046//2121
f 938//2122 1046//2122 1129//2122
f 1082//2123 1083//2123 1130//2123
f 976//2124 1073//2124 1131//2124
f 1083//2125 1097//2125 1130//2125
f 1047//2126 1097//2126 1083//2126
f 976//2127 1131//2127 1007//2127
f 1034//2128 1059//2128 1132//2128
f 994//2129 1133//2129 1059//2129
f 1059//2130 1133//2130 1132//2130
f 994//2131 1117//2131 1133//2131
f 869//2132 1134//2132 1085//2132
f 869//2133 960//2133 1134//2133
f 1101//2134 1135//2134 1118//2134
f 1039//2135 1136//2135 1103//2135
f 1040//2136 1103//2136 1137//2136
f 1104//2137 1138//2137 1120//2137
f 1040//2138 1137//2138 1089//2138
f 909//2139 1075//2139 1012//2139
f 946//2140 1041//2140 1062//2140
f 948//2141 1139//2141 1053//2141
f 857//2142 965//2142 1107//2142
f 929//2143 950//2143 1140//2143
f 1066//2144 1067//2144 1141//2144
f 1067//2145 1123//2145 1141//2145
f 1030//2146 1108//2146 1068//2146
f 1080//2147 1124//2147 1081//2147
f 1044//2148 1111//2148 1142//2148
f 1057//2149 1095//2149 1058//2149
f 1058//2150 1131//2150 1073//2150
f 1007//2151 1131//2151 1113//2151
f 1034//2152 1143//2152 1114//2152
f 1060//2153 1087//2153 1144//2153
f 1061//2154 1099//2154 1145//2154
f 1060//2155 1144//2155 1100//2155
f 1099//2156 1118//2156 1145//2156
f 1118//2157 1135//2157 1145//2157
f 898//2158 1146//2158 1049//2158
f 997//2159 1049//2159 1147//2159
f 1039//2160 1119//2160 1136//2160
f 997//2161 1147//2161 1148//2161
f 1025//2162 1149//2162 1076//2162
f 948//2163 1012//2163 1150//2163
f 984//2164 1064//2164 1151//2164
f 999//2165 1077//2165 1122//2165
f 874//2166 1029//2166 1152//2166
f 1068//2167 1124//2167 1079//2167
f 1125//2168 1126//2168 1153//2168
f 1082//2169 1130//2169 1127//2169
f 938//2170 1129//2170 1096//2170
f 939//2171 1096//2171 1084//2171
f 1021//2172 1048//2172 1097//2172
f 1048//2173 1114//2173 1143//2173
f 977//2174 1154//2174 1086//2174
f 1132//2175 1133//2175 1155//2175
f 1061//2176 1156//2176 1133//2176
f 1061//2177 1133//2177 1117//2177
f 1101//2178 1102//2178 1135//2178
f 1102//2179 1157//2179 1135//2179
f 996//2180 1158//2180 1036//2180
f 1120//2181 1138//2181 1159//2181
f 1076//2182 1138//2182 1104//2182
f 1012//2183 1075//2183 1150//2183
f 1052//2184 1089//2184 1160//2184
f 1041//2185 1161//2185 1062//2185
f 911//2186 1052//2186 1160//2186
f 964//2187 1013//2187 1162//2187
f 887//2188 912//2188 1121//2188
f 1013//2189 1026//2189 1163//2189
f 1013//2190 1163//2190 1164//2190
f 1026//2191 1054//2191 1163//2191
f 790//2192 951//2192 1165//2192
f 1091//2193 1092//2193 1166//2193
f 1066//2194 1141//2194 1167//2194
f 1123//2195 1168//2195 1141//2195
f 1069//2196 1169//2196 1093//2196
f 1069//2197 1109//2197 1169//2197
f 1081//2198 1124//2198 1170//2198
f 1032//2199 1081//2199 1170//2199
f 1094//2200 1112//2200 1171//2200
f 1044//2201 1142//2201 1095//2201
f 1058//2202 1095//2202 1172//2202
f 1058//2203 1172//2203 1131//2203
f 977//2204 1084//2204 1154//2204
f 1034//2205 1132//2205 1173//2205
f 1087//2206 1174//2206 1175//2206
f 1061//2207 1145//2207 1156//2207
f 1087//2208 1175//2208 1144//2208
f 1100//2209 1144//2209 1119//2209
f 960//2210 1036//2210 1176//2210
f 1088//2211 1157//2211 1102//2211
f 1088//2212 1177//2212 1157//2212
f 1088//2213 1120//2213 1177//2213
f 1089//2214 1137//2214 1178//2214
f 1062//2215 1161//2215 1179//2215
f 964//2216 1162//2216 1025//2216
f 1028//2217 1180//2217 1106//2217
f 928//2218 1181//2218 1028//2218
f 790//2219 1165//2219 1077//2219
f 928//2220 1091//2220 1181//2220
f 1070//2221 1109//2221 1071//2221
f 1070//2222 1182//2222 1109//2222
f 1112//2223 1125//2223 1171//2223
f 1126//2224 1183//2224 1153//2224
f 1033//2225 1127//2225 1126//2225
f 1046//2226 1128//2226 1184//2226
f 1133//2227 1185//2227 1186//2227
f 1133//2228 1156//2228 1185//2228
f 1135//2229 1157//2229 1145//2229
f 1103//2230 1187//2230 1137//2230
f 854//2231 997//2231 1148//2231
f 854//2232 1148//2232 1075//2232
f 996//2233 1051//2233 1158//2233
f 1051//2234 1062//2234 1158//2234
f 911//2235 1160//2235 1064//2235
f 1028//2236 1181//2236 1180//2236
f 950//2237 1107//2237 1140//2237
f 1070//2238 1110//2238 1182//2238
f 1032//2239 1170//2239 1188//2239
f 1111//2240 1189//2240 1190//2240
f 1032//2241 1189//2241 1111//2241
f 1125//2242 1191//2242 1171//2242
f 1111//2243 1192//2243 1142//2243
f 1095//2244 1142//2244 1193//2244
f 1127//2245 1130//2245 1194//2245
f 1046//2246 1184//2246 1129//2246
f 1034//2247 1173//2247 1143//2247
f 1103//2248 1136//2248 1187//2248
f 1120//2249 1159//2249 1195//2249
f 1025//2250 1196//2250 1149//2250
f 948//2251 1150//2251 1197//2251
f 926//2252 984//2252 1151//2252
f 926//2253 1151//2253 949//2253
f 965//2254 1198//2254 1107//2254
f 929//2255 1140//2255 1092//2255
f 1093//2256 1169//2256 1123//2256
f 1068//2257 1170//2257 1124//2257
f 1109//2258 1182//2258 1199//2258
f 1094//2259 1182//2259 1110//2259
f 1032//2260 1188//2260 1189//2260
f 1125//2261 1153//2261 1200//2261
f 1095//2262 1193//2262 1172//2262
f 1126//2263 1194//2263 1183//2263
f 1126//2264 1127//2264 1194//2264
f 1048//2265 1143//2265 1097//2265
f 1098//2266 1113//2266 1201//2266
f 940//2267 1202//2267 1116//2267
f 940//2268 1098//2268 1202//2268
f 1132//2269 1155//2269 1203//2269
f 1133//2270 1186//2270 1155//2270
f 1145//2271 1204//2271 1156//2271
f 1119//2272 1144//2272 1205//2272
f 1119//2273 1205//2273 1136//2273
f 1120//2274 1195//2274 1177//2274
f 1138//2275 1206//2275 1159//2275
f 1076//2276 1206//2276 1138//2276
f 1089//2277 1178//2277 1207//2277
f 1076//2278 1149//2278 1206//2278
f 948//2279 1197//2279 1139//2279
f 1013//2280 1164//2280 1162//2280
f 1054//2281 1105//2281 1163//2281
f 949//2282 1208//2282 965//2282
f 986//2283 1090//2283 1209//2283
f 1092//2284 1140//2284 1166//2284
f 1091//2285 1166//2285 1181//2285
f 874//2286 1165//2286 951//2286
f 874//2287 1152//2287 1210//2287
f 1123//2288 1211//2288 1168//2288
f 1123//2289 1169//2289 1211//2289
f 1068//2290 1212//2290 1170//2290
f 1111//2291 1190//2291 1192//2291
f 1125//2292 1213//2292 1191//2292
f 1131//2293 1172//2293 1214//2293
f 651//2294 991//2294 1128//2294
f 1097//2295 1215//2295 1130//2295
f 1132//2296 1216//2296 1173//2296
f 884//2297 1217//2297 1115//2297
f 1086//2298 1154//2298 1218//2298
f 898//2299 1219//2299 1146//2299
f 1157//2300 1177//2300 1220//2300
f 960//2301 1221//2301 1134//2301
f 960//2302 1176//2302 1221//2302
f 1036//2303 1222//2303 1176//2303
f 1049//2304 1223//2304 1147//2304
f 1036//2305 1224//2305 1222//2305
f 1137//2306 1187//2306 1178//2306
f 1089//2307 1207//2307 1160//2307
f 1149//2308 1225//2308 1206//2308
f 1149//2309 1196//2309 1225//2309
f 1064//2310 1160//2310 1226//2310
f 1170//2311 1212//2311 1188//2311
f 1109//2312 1199//2312 1169//2312
f 1094//2313 1199//2313 1182//2313
f 1125//2314 1200//2314 1213//2314
f 1153//2315 1183//2315 1200//2315
f 1172//2316 1193//2316 1214//2316
f 1130//2317 1215//2317 1194//2317
f 1113//2318 1131//2318 1201//2318
f 1097//2319 1143//2319 1227//2319
f 1098//2320 1201//2320 1202//2320
f 830//2321 1115//2321 992//2321
f 1132//2322 1203//2322 1216//2322
f 1155//2323 1186//2323 1203//2323
f 1087//2324 1228//2324 1174//2324
f 1145//2325 1157//2325 1220//2325
f 1136//2326 1229//2326 1187//2326
f 1041//2327 1230//2327 1161//2327
f 985//2328 1053//2328 1231//2328
f 1065//2329 1106//2329 1232//2329
f 1105//2330 1122//2330 1163//2330
f 986//2331 1209//2331 1029//2331
f 874//2332 1210//2332 1233//2332
f 1141//2333 1234//2333 1167//2333
f 1068//2334 1108//2334 1235//2334
f 1068//2335 1235//2335 1212//2335
f 1094//2336 1236//2336 1199//2336
f 1094//2337 1171//2337 1236//2337
f 1142//2338 1192//2338 1237//2338
f 1142//2339 1238//2339 1193//2339
f 1183//2340 1194//2340 1239//2340
f 1097//2341 1227//2341 1215//2341
f 1084//2342 1240//2342 1154//2342
f 1185//2343 1241//2343 1186//2343
f 1087//2344 1116//2344 1242//2344
f 1156//2345 1243//2345 1185//2345
f 1174//2346 1228//2346 1175//2346
f 884//2347 1085//2347 1217//2347
f 1085//2348 1134//2348 1244//2348
f 1145//2349 1220//2349 1204//2349
f 1159//2350 1245//2350 1195//2350
f 1178//2351 1187//2351 1229//2351
f 1159//2352 1206//2352 1245//2352
f 1062//2353 1179//2353 1158//2353
f 1196//2354 1246//2354 1225//2354
f 1025//2355 1247//2355 1196//2355
f 1025//2356 1162//2356 1247//2356
f 912//2357 1065//2357 1232//2357
f 1122//2358 1248//2358 1163//2358
f 874//2359 1233//2359 1165//2359
f 1188//2360 1212//2360 1235//2360
f 1191//2361 1213//2361 1236//2361
f 1171//2362 1191//2362 1236//2362
f 1142//2363 1237//2363 1238//2363
f 1183//2364 1249//2364 1200//2364
f 1193//2365 1238//2365 1214//2365
f 991//2366 1250//2366 1251//2366
f 991//2367 1251//2367 1128//2367
f 1131//2368 1214//2368 1252//2368
f 1131//2369 1252//2369 1201//2369
f 1143//2370 1173//2370 1227//2370
f 1116//2371 1253//2371 1242//2371
f 1186//2372 1241//2372 1203//2372
f 1185//2373 1254//2373 1241//2373
f 1185//2374 1255//2374 1254//2374
f 1185//2375 1243//2375 1255//2375
f 1156//2376 1256//2376 1243//2376
f 1156//2377 1204//2377 1256//2377
f 898//2378 1086//2378 1219//2378
f 1136//2379 1205//2379 1257//2379
f 1136//2380 1258//2380 1229//2380
f 1049//2381 1146//2381 1223//2381
f 1178//2382 1229//2382 1207//2382
f 1160//2383 1207//2383 1259//2383
f 1206//2384 1225//2384 1260//2384
f 1196//2385 1247//2385 1246//2385
f 912//2386 1232//2386 1121//2386
f 949//2387 1151//2387 1261//2387
f 1166//2388 1262//2388 1181//2388
f 1029//2389 1209//2389 1152//2389
f 1066//2390 1167//2390 1078//2390
f 1168//2391 1211//2391 1263//2391
f 1169//2392 1199//2392 1264//2392
f 1188//2393 1235//2393 1189//2393
f 1128//2394 1251//2394 1184//2394
f 1214//2395 1265//2395 1252//2395
f 1173//2396 1266//2396 1227//2396
f 1116//2397 1202//2397 1267//2397
f 1116//2398 1267//2398 1268//2398
f 1087//2399 1242//2399 1228//2399
f 1144//2400 1175//2400 1269//2400
f 1136//2401 1257//2401 1270//2401
f 1136//2402 1270//2402 1258//2402
f 1147//2403 1223//2403 1148//2403
f 1206//2404 1271//2404 1245//2404
f 1225//2405 1246//2405 1260//2405
f 1041//2406 1121//2406 1230//2406
f 1053//2407 1139//2407 1197//2407
f 949//2408 1272//2408 1208//2408
f 1077//2409 1273//2409 1122//2409
f 965//2410 1208//2410 1198//2410
f 1140//2411 1274//2411 1166//2411
f 1168//2412 1275//2412 1276//2412
f 1199//2413 1236//2413 1264//2413
f 1200//2414 1277//2414 1213//2414
f 1129//2415 1184//2415 1278//2415
f 1214//2416 1238//2416 1265//2416
f 1096//2417 1129//2417 1278//2417
f 1201//2418 1252//2418 1279//2418
f 1194//2419 1215//2419 1280//2419
f 991//2420 992//2420 1250//2420
f 1215//2421 1227//2421 1280//2421
f 1084//2422 1096//2422 1240//2422
f 1116//2423 1268//2423 1253//2423
f 1175//2424 1228//2424 1269//2424
f 1204//2425 1281//2425 1256//2425
f 1204//2426 1220//2426 1281//2426
f 1144//2427 1269//2427 1205//2427
f 1177//2428 1195//2428 1282//2428
f 1195//2429 1245//2429 1283//2429
f 1229//2430 1258//2430 1284//2430
f 1207//2431 1229//2431 1285//2431
f 1160//2432 1259//2432 1286//2432
f 1075//2433 1287//2433 1150//2433
f 1160//2434 1286//2434 1226//2434
f 1168//2435 1263//2435 1275//2435
f 1108//2436 1288//2436 1235//2436
f 1078//2437 1288//2437 1108//2437
f 1213//2438 1289//2438 1236//2438
f 1213//2439 1277//2439 1289//2439
f 1190//2440 1237//2440 1192//2440
f 1200//2441 1249//2441 1277//2441
f 1183//2442 1239//2442 1290//2442
f 1194//2443 1290//2443 1239//2443
f 1252//2444 1265//2444 1279//2444
f 1154//2445 1240//2445 1218//2445
f 1241//2446 1254//2446 1291//2446
f 1254//2447 1255//2447 1291//2447
f 1243//2448 1291//2448 1255//2448
f 1085//2449 1244//2449 1217//2449
f 1134//2450 1221//2450 1244//2450
f 1229//2451 1284//2451 1285//2451
f 1176//2452 1222//2452 1221//2452
f 1246//2453 1292//2453 1260//2453
f 1246//2454 1247//2454 1293//2454
f 949//2455 1261//2455 1272//2455
f 985//2456 1294//2456 1027//2456
f 1077//2457 1165//2457 1273//2457
f 1141//2458 1276//2458 1234//2458
f 1183//2459 1295//2459 1249//2459
f 1238//2460 1296//2460 1265//2460
f 1265//2461 1296//2461 1297//2461
f 1194//2462 1280//2462 1298//2462
f 1227//2463 1266//2463 1280//2463
f 1201//2464 1279//2464 1202//2464
f 1202//2465 1279//2465 1267//2465
f 1173//2466 1216//2466 1266//2466
f 1203//2467 1241//2467 1299//2467
f 1205//2468 1269//2468 1257//2468
f 1245//2469 1271//2469 1283//2469
f 1207//2470 1285//2470 1259//2470
f 1206//2471 1260//2471 1271//2471
f 1226//2472 1286//2472 1300//2472
f 1246//2473 1293//2473 1292//2473
f 1150//2474 1301//2474 1197//2474
f 1064//2475 1302//2475 1151//2475
f 1106//2476 1303//2476 1232//2476
f 1122//2477 1273//2477 1248//2477
f 1141//2478 1168//2478 1276//2478
f 1189//2479 1235//2479 1304//2479
f 1189//2480 1304//2480 1305//2480
f 1189//2481 1305//2481 1190//2481
f 1190//2482 1306//2482 1237//2482
f 1190//2483 1305//2483 1306//2483
f 1183//2484 1290//2484 1295//2484
f 1194//2485 1298//2485 1290//2485
f 1265//2486 1297//2486 1279//2486
f 1266//2487 1307//2487 1280//2487
f 992//2488 1115//2488 1308//2488
f 1216//2489 1309//2489 1266//2489
f 1203//2490 1299//2490 1216//2490
f 1257//2491 1269//2491 1310//2491
f 1177//2492 1311//2492 1220//2492
f 1257//2493 1312//2493 1270//2493
f 1195//2494 1313//2494 1282//2494
f 1195//2495 1283//2495 1313//2495
f 1258//2496 1270//2496 1284//2496
f 1271//2497 1314//2497 1283//2497
f 1146//2498 1315//2498 1223//2498
f 1284//2499 1316//2499 1285//2499
f 1271//2500 1317//2500 1314//2500
f 1271//2501 1318//2501 1317//2501
f 1036//2502 1158//2502 1224//2502
f 1260//2503 1318//2503 1271//2503
f 1158//2504 1179//2504 1319//2504
f 1260//2505 1292//2505 1320//2505
f 1064//2506 1226//2506 1321//2506
f 1053//2507 1197//2507 1231//2507
f 1078//2508 1322//2508 1288//2508
f 1250//2509 1323//2509 1251//2509
f 1290//2510 1298//2510 1324//2510
f 1279//2511 1297//2511 1325//2511
f 1267//2512 1325//2512 1326//2512
f 1267//2513 1279//2513 1325//2513
f 1216//2514 1327//2514 1309//2514
f 1267//2515 1326//2515 1268//2515
f 1266//2516 1309//2516 1307//2516
f 1253//2517 1268//2517 1326//2517
f 1216//2518 1299//2518 1328//2518
f 1228//2519 1242//2519 1329//2519
f 1228//2520 1329//2520 1269//2520
f 1086//2521 1330//2521 1219//2521
f 1285//2522 1316//2522 1331//2522
f 1259//2523 1285//2523 1331//2523
f 1259//2524 1331//2524 1286//2524
f 1075//2525 1148//2525 1332//2525
f 1260//2526 1320//2526 1318//2526
f 1226//2527 1300//2527 1321//2527
f 1292//2528 1293//2528 1333//2528
f 1064//2529 1321//2529 1302//2529
f 1121//2530 1334//2530 1230//2530
f 985//2531 1335//2531 1294//2531
f 1027//2532 1294//2532 1090//2532
f 1078//2533 1167//2533 1322//2533
f 1169//2534 1336//2534 1211//2534
f 1169//2535 1264//2535 1336//2535
f 1304//2536 1337//2536 1305//2536
f 1305//2537 1337//2537 1306//2537
f 1249//2538 1338//2538 1277//2538
f 1237//2539 1339//2539 1238//2539
f 1249//2540 1295//2540 1338//2540
f 1290//2541 1324//2541 1295//2541
f 1280//2542 1307//2542 1298//2542
f 1299//2543 1340//2543 1341//2543
f 1241//2544 1340//2544 1299//2544
f 1241//2545 1291//2545 1340//2545
f 1269//2546 1329//2546 1342//2546
f 1269//2547 1342//2547 1310//2547
f 1217//2548 1244//2548 1343//2548
f 1086//2549 1218//2549 1330//2549
f 1283//2550 1314//2550 1313//2550
f 1146//2551 1219//2551 1315//2551
f 1158//2552 1319//2552 1224//2552
f 1075//2553 1332//2553 1287//2553
f 1318//2554 1320//2554 1344//2554
f 1292//2555 1345//2555 1320//2555
f 1292//2556 1333//2556 1345//2556
f 1161//2557 1230//2557 1179//2557
f 1293//2558 1346//2558 1333//2558
f 1121//2559 1232//2559 1334//2559
f 1180//2560 1181//2560 1347//2560
f 1166//2561 1274//2561 1262//2561
f 1211//2562 1275//2562 1263//2562
f 1211//2563 1336//2563 1348//2563
f 1277//2564 1349//2564 1289//2564
f 1277//2565 1338//2565 1349//2565
f 1237//2566 1306//2566 1339//2566
f 1184//2567 1251//2567 1350//2567
f 1295//2568 1324//2568 1351//2568
f 1298//2569 1352//2569 1324//2569
f 1297//2570 1326//2570 1325//2570
f 1307//2571 1309//2571 1353//2571
f 1216//2572 1328//2572 1354//2572
f 1242//2573 1253//2573 1355//2573
f 1242//2574 1355//2574 1329//2574
f 1220//2575 1356//2575 1281//2575
f 1220//2576 1311//2576 1356//2576
f 1313//2577 1314//2577 1357//2577
f 1270//2578 1358//2578 1284//2578
f 1316//2579 1359//2579 1331//2579
f 1221//2580 1222//2580 1360//2580
f 1148//2581 1223//2581 1361//2581
f 1317//2582 1344//2582 1362//2582
f 1317//2583 1318//2583 1344//2583
f 1320//2584 1333//2584 1363//2584
f 1320//2585 1345//2585 1333//2585
f 985//2586 1231//2586 1364//2586
f 1163//2587 1248//2587 1365//2587
f 1248//2588 1273//2588 1365//2588
f 1181//2589 1366//2589 1347//2589
f 1181//2590 1262//2590 1366//2590
f 1167//2591 1367//2591 1322//2591
f 1238//2592 1339//2592 1306//2592
f 1295//2593 1351//2593 1338//2593
f 1324//2594 1352//2594 1351//2594
f 1184//2595 1350//2595 1278//2595
f 1296//2596 1368//2596 1297//2596
f 1298//2597 1369//2597 1352//2597
f 1298//2598 1370//2598 1369//2598
f 1307//2599 1353//2599 1370//2599
f 1298//2600 1307//2600 1370//2600
f 1297//2601 1371//2601 1326//2601
f 1326//2602 1371//2602 1372//2602
f 1253//2603 1326//2603 1355//2603
f 1291//2604 1373//2604 1340//2604
f 1243//2605 1373//2605 1291//2605
f 1243//2606 1256//2606 1281//2606
f 1257//2607 1310//2607 1374//2607
f 1177//2608 1282//2608 1311//2608
f 1257//2609 1374//2609 1375//2609
f 1257//2610 1375//2610 1312//2610
f 1221//2611 1376//2611 1244//2611
f 1270//2612 1312//2612 1358//2612
f 1284//2613 1359//2613 1316//2613
f 1314//2614 1317//2614 1357//2614
f 1320//2615 1377//2615 1344//2615
f 1162//2616 1164//2616 1378//2616
f 1163//2617 1365//2617 1379//2617
f 985//2618 1364//2618 1335//2618
f 1198//2619 1208//2619 1380//2619
f 1090//2620 1381//2620 1209//2620
f 1107//2621 1198//2621 1382//2621
f 1167//2622 1234//2622 1367//2622
f 1275//2623 1383//2623 1276//2623
f 1235//2624 1288//2624 1384//2624
f 1235//2625 1384//2625 1304//2625
f 1236//2626 1289//2626 1385//2626
f 1338//2627 1351//2627 1349//2627
f 1238//2628 1386//2628 1296//2628
f 1296//2629 1386//2629 1368//2629
f 1096//2630 1387//2630 1388//2630
f 1096//2631 1388//2631 1240//2631
f 1115//2632 1217//2632 1308//2632
f 1326//2633 1372//2633 1355//2633
f 1328//2634 1341//2634 1354//2634
f 1299//2635 1341//2635 1328//2635
f 1221//2636 1360//2636 1376//2636
f 1317//2637 1362//2637 1357//2637
f 1331//2638 1359//2638 1389//2638
f 1286//2639 1331//2639 1390//2639
f 1148//2640 1361//2640 1391//2640
f 1320//2641 1363//2641 1377//2641
f 1151//2642 1302//2642 1392//2642
f 1208//2643 1272//2643 1380//2643
f 1306//2644 1337//2644 1393//2644
f 1289//2645 1349//2645 1385//2645
f 1349//2646 1351//2646 1394//2646
f 1238//2647 1306//2647 1386//2647
f 1351//2648 1352//2648 1394//2648
f 1096//2649 1278//2649 1387//2649
f 1297//2650 1395//2650 1371//2650
f 1329//2651 1355//2651 1342//2651
f 1218//2652 1240//2652 1330//2652
f 1312//2653 1375//2653 1358//2653
f 1284//2654 1396//2654 1359//2654
f 1344//2655 1397//2655 1362//2655
f 1331//2656 1389//2656 1390//2656
f 1222//2657 1224//2657 1360//2657
f 1148//2658 1391//2658 1332//2658
f 1363//2659 1398//2659 1377//2659
f 1333//2660 1346//2660 1399//2660
f 1106//2661 1180//2661 1347//2661
f 1107//2662 1382//2662 1140//2662
f 1152//2663 1209//2663 1210//2663
f 1234//2664 1400//2664 1367//2664
f 1234//2665 1276//2665 1383//2665
f 1236//2666 1385//2666 1264//2666
f 1306//2667 1393//2667 1401//2667
f 1306//2668 1401//2668 1386//2668
f 1352//2669 1369//2669 1394//2669
f 1297//2670 1368//2670 1395//2670
f 1353//2671 1402//2671 1370//2671
f 1309//2672 1403//2672 1353//2672
f 1309//2673 1327//2673 1403//2673
f 1216//2674 1404//2674 1327//2674
f 1216//2675 1354//2675 1404//2675
f 1243//2676 1281//2676 1405//2676
f 1310//2677 1342//2677 1406//2677
f 1313//2678 1357//2678 1407//2678
f 1357//2679 1408//2679 1407//2679
f 1284//2680 1358//2680 1396//2680
f 1357//2681 1362//2681 1409//2681
f 1389//2682 1410//2682 1390//2682
f 1344//2683 1377//2683 1411//2683
f 1377//2684 1398//2684 1412//2684
f 1333//2685 1399//2685 1363//2685
f 1179//2686 1230//2686 1413//2686
f 1247//2687 1414//2687 1293//2687
f 1151//2688 1392//2688 1415//2688
f 1211//2689 1416//2689 1275//2689
f 1211//2690 1348//2690 1417//2690
f 1304//2691 1418//2691 1337//2691
f 1349//2692 1419//2692 1385//2692
f 1349//2693 1394//2693 1419//2693
f 1369//2694 1370//2694 1402//2694
f 992//2695 1420//2695 1250//2695
f 992//2696 1308//2696 1420//2696
f 1353//2697 1421//2697 1402//2697
f 1353//2698 1403//2698 1421//2698
f 1371//2699 1422//2699 1372//2699
f 1243//2700 1405//2700 1373//2700
f 1342//2701 1355//2701 1406//2701
f 1281//2702 1356//2702 1405//2702
f 1311//2703 1423//2703 1356//2703
f 1244//2704 1376//2704 1343//2704
f 1219//2705 1330//2705 1424//2705
f 1223//2706 1315//2706 1425//2706
f 1377//2707 1412//2707 1411//2707
f 1363//2708 1399//2708 1398//2708
f 1140//2709 1382//2709 1274//2709
f 1209//2710 1426//2710 1210//2710
f 1211//2711 1417//2711 1416//2711
f 1304//2712 1384//2712 1418//2712
f 1327//2713 1427//2713 1403//2713
f 1327//2714 1404//2714 1427//2714
f 1371//2715 1395//2715 1422//2715
f 1310//2716 1406//2716 1374//2716
f 1282//2717 1428//2717 1311//2717
f 1282//2718 1313//2718 1428//2718
f 1357//2719 1409//2719 1408//2719
f 1359//2720 1396//2720 1389//2720
f 1344//2721 1429//2721 1397//2721
f 1286//2722 1390//2722 1430//2722
f 1344//2723 1411//2723 1429//2723
f 1300//2724 1432//2724 1431//2724
f 1150//2725 1287//2725 1301//2725
f 1302//2726 1321//2726 1392//2726
f 1293//2727 1414//2727 1346//2727
f 1162//2728 1378//2728 1247//2728
f 1230//2729 1334//2729 1433//2729
f 1197//2730 1364//2730 1231//2730
f 1164//2731 1434//2731 1378//2731
f 1151//2732 1415//2732 1261//2732
f 1163//2733 1434//2733 1164//2733
f 1090//2734 1294//2734 1381//2734
f 1209//2735 1381//2735 1426//2735
f 1234//2736 1383//2736 1400//2736
f 1337//2737 1418//2737 1393//2737
f 1386//2738 1401//2738 1393//2738
f 1369//2739 1402//2739 1394//2739
f 1354//2740 1435//2740 1404//2740
f 1372//2741 1422//2741 1436//2741
f 1340//2742 1437//2742 1341//2742
f 1340//2743 1373//2743 1437//2743
f 1373//2744 1405//2744 1438//2744
f 1356//2745 1439//2745 1405//2745
f 1311//2746 1428//2746 1440//2746
f 1374//2747 1441//2747 1375//2747
f 1313//2748 1407//2748 1442//2748
f 1407//2749 1408//2749 1442//2749
f 1389//2750 1396//2750 1410//2750
f 1223//2751 1425//2751 1361//2751
f 1286//2752 1430//2752 1300//2752
f 1411//2753 1443//2753 1429//2753
f 1411//2754 1444//2754 1443//2754
f 1300//2755 1445//2755 1432//2755
f 1224//2756 1319//2756 1446//2756
f 1179//2757 1446//2757 1319//2757
f 1287//2758 1332//2758 1447//2758
f 1398//2759 1448//2759 1412//2759
f 1163//2760 1449//2760 1434//2760
f 1163//2761 1379//2761 1449//2761
f 1261//2762 1450//2762 1272//2762
f 1275//2763 1416//2763 1383//2763
f 1394//2764 1402//2764 1419//2764
f 1368//2765 1386//2765 1393//2765
f 1217//2766 1343//2766 1308//2766
f 1405//2767 1439//2767 1438//2767
f 1311//2768 1440//2768 1423//2768
f 1358//2769 1375//2769 1441//2769
f 1362//2770 1451//2770 1409//2770
f 1219//2771 1425//2771 1315//2771
f 1397//2772 1452//2772 1453//2772
f 1397//2773 1429//2773 1452//2773
f 1224//2774 1454//2774 1360//2774
f 1224//2775 1446//2775 1454//2775
f 1411//2776 1412//2776 1444//2776
f 1398//2777 1399//2777 1448//2777
f 1287//2778 1447//2778 1301//2778
f 1346//2779 1455//2779 1399//2779
f 1300//2780 1431//2780 1321//2780
f 1321//2781 1431//2781 1392//2781
f 1346//2782 1414//2782 1456//2782
f 1230//2783 1457//2783 1413//2783
f 1197//2784 1458//2784 1459//2784
f 1247//2785 1378//2785 1460//2785
f 1197//2786 1459//2786 1364//2786
f 1232//2787 1303//2787 1461//2787
f 1106//2788 1462//2788 1303//2788
f 1165//2789 1463//2789 1273//2789
f 1165//2790 1233//2790 1463//2790
f 1233//2791 1464//2791 1463//2791
f 1348//2792 1465//2792 1417//2792
f 1251//2793 1323//2793 1350//2793
f 1368//2794 1393//2794 1395//2794
f 1402//2795 1421//2795 1466//2795
f 1403//2796 1427//2796 1421//2796
f 1341//2797 1435//2797 1354//2797
f 1372//2798 1436//2798 1467//2798
f 1341//2799 1437//2799 1468//2799
f 1373//2800 1438//2800 1437//2800
f 1356//2801 1423//2801 1439//2801
f 1362//2802 1397//2802 1451//2802
f 1390//2803 1410//2803 1469//2803
f 1346//2804 1456//2804 1455//2804
f 1197//2805 1301//2805 1458//2805
f 1303//2806 1462//2806 1461//2806
f 1273//2807 1470//2807 1365//2807
f 1262//2808 1274//2808 1471//2808
f 1402//2809 1466//2809 1419//2809
f 1355//2810 1372//2810 1472//2810
f 1423//2811 1474//2811 1473//2811
f 1423//2812 1440//2812 1474//2812
f 1330//2813 1475//2813 1476//2813
f 1358//2814 1441//2814 1477//2814
f 1358//2815 1477//2815 1478//2815
f 1358//2816 1478//2816 1396//2816
f 1397//2817 1479//2817 1451//2817
f 1397//2818 1453//2818 1479//2818
f 1219//2819 1424//2819 1425//2819
f 1390//2820 1469//2820 1430//2820
f 1412//2821 1448//2821 1444//2821
f 1399//2822 1480//2822 1448//2822
f 1230//2823 1481//2823 1457//2823
f 1272//2824 1450//2824 1380//2824
f 1106//2825 1347//2825 1482//2825
f 1274//2826 1382//2826 1483//2826
f 1264//2827 1484//2827 1336//2827
f 1264//2828 1385//2828 1419//2828
f 1395//2829 1485//2829 1422//2829
f 1404//2830 1435//2830 1427//2830
f 1422//2831 1485//2831 1436//2831
f 1341//2832 1468//2832 1435//2832
f 1372//2833 1467//2833 1472//2833
f 1240//2834 1486//2834 1330//2834
f 1355//2835 1472//2835 1406//2835
f 1423//2836 1473//2836 1439//2836
f 1374//2837 1406//2837 1487//2837
f 1428//2838 1488//2838 1440//2838
f 1300//2839 1430//2839 1445//2839
f 1332//2840 1391//2840 1361//2840
f 1414//2841 1489//2841 1456//2841
f 1247//2842 1460//2842 1414//2842
f 1232//2843 1461//2843 1334//2843
f 1379//2844 1490//2844 1449//2844
f 1365//2845 1491//2845 1379//2845
f 1106//2846 1482//2846 1462//2846
f 1273//2847 1463//2847 1470//2847
f 1210//2848 1464//2848 1233//2848
f 1262//2849 1471//2849 1366//2849
f 1384//2850 1492//2850 1418//2850
f 1336//2851 1493//2851 1348//2851
f 1264//2852 1419//2852 1494//2852
f 1393//2853 1485//2853 1395//2853
f 1421//2854 1427//2854 1495//2854
f 1427//2855 1435//2855 1496//2855
f 1240//2856 1388//2856 1486//2856
f 1439//2857 1473//2857 1474//2857
f 1374//2858 1487//2858 1497//2858
f 1374//2859 1497//2859 1441//2859
f 1313//2860 1442//2860 1428//2860
f 1441//2861 1497//2861 1498//2861
f 1409//2862 1451//2862 1479//2862
f 1408//2863 1409//2863 1479//2863
f 1396//2864 1478//2864 1499//2864
f 1396//2865 1469//2865 1410//2865
f 1429//2866 1443//2866 1500//2866
f 1431//2867 1432//2867 1501//2867
f 1179//2868 1413//2868 1446//2868
f 1261//2869 1415//2869 1450//2869
f 1294//2870 1502//2870 1381//2870
f 1198//2871 1380//2871 1503//2871
f 1288//2872 1322//2872 1504//2872
f 1264//2873 1494//2873 1484//2873
f 1250//2874 1420//2874 1323//2874
f 1421//2875 1495//2875 1466//2875
f 1427//2876 1496//2876 1495//2876
f 1435//2877 1468//2877 1505//2877
f 1437//2878 1506//2878 1468//2878
f 1437//2879 1438//2879 1506//2879
f 1428//2880 1507//2880 1488//2880
f 1428//2881 1442//2881 1507//2881
f 1477//2882 1498//2882 1508//2882
f 1441//2883 1498//2883 1477//2883
f 1429//2884 1500//2884 1452//2884
f 1430//2885 1509//2885 1445//2885
f 1443//2886 1444//2886 1480//2886
f 1444//2887 1448//2887 1480//2887
f 1431//2888 1501//2888 1510//2888
f 1455//2889 1456//2889 1511//2889
f 1413//2890 1457//2890 1512//2890
f 1230//2891 1433//2891 1481//2891
f 1364//2892 1459//2892 1513//2892
f 1379//2893 1491//2893 1490//2893
f 1365//2894 1470//2894 1491//2894
f 1198//2895 1503//2895 1382//2895
f 1400//2896 1514//2896 1515//2896
f 1383//2897 1514//2897 1400//2897
f 1336//2898 1484//2898 1493//2898
f 1436//2899 1485//2899 1516//2899
f 1435//2900 1505//2900 1496//2900
f 1408//2901 1517//2901 1442//2901
f 1396//2902 1499//2902 1518//2902
f 1396//2903 1518//2903 1469//2903
f 1432//2904 1445//2904 1501//2904
f 1399//2905 1455//2905 1480//2905
f 1431//2906 1510//2906 1519//2906
f 1392//2907 1431//2907 1520//2907
f 1392//2908 1521//2908 1415//2908
f 1434//2909 1449//2909 1490//2909
f 1294//2910 1335//2910 1502//2910
f 1522//2911 1523//2911 1524//2911
f 1522//2912 1525//2912 1523//2912
f 1367//2913 1400//2913 1515//2913
f 1322//2914 1367//2914 1504//2914
f 1288//2915 1526//2915 1384//2915
f 1384//2916 1526//2916 1492//2916
f 1278//2917 1350//2917 1527//2917
f 1436//2918 1516//2918 1467//2918
f 1467//2919 1528//2919 1472//2919
f 1439//2920 1529//2920 1530//2920
f 1439//2921 1474//2921 1529//2921
f 1440//2922 1488//2922 1531//2922
f 1440//2923 1531//2923 1474//2923
f 1330//2924 1476//2924 1532//2924
f 1330//2925 1532//2925 1424//2925
f 1477//2926 1499//2926 1478//2926
f 1446//2927 1533//2927 1454//2927
f 1332//2928 1361//2928 1534//2928
f 1431//2929 1519//2929 1520//2929
f 1301//2930 1447//2930 1535//2930
f 1301//2931 1535//2931 1458//2931
f 1490//2932 1491//2932 1536//2932
f 1463//2933 1537//2933 1470//2933
f 1523//2934 1538//2934 1524//2934
f 1523//2935 1539//2935 1538//2935
f 1523//2936 1540//2936 1539//2936
f 1522//2937 1541//2937 1525//2937
f 1367//2938 1515//2938 1542//2938
f 1383//2939 1416//2939 1543//2939
f 1393//2940 1544//2940 1485//2940
f 1496//2941 1505//2941 1545//2941
f 1467//2942 1516//2942 1528//2942
f 1438//2943 1439//2943 1546//2943
f 1474//2944 1531//2944 1529//2944
f 1487//2945 1498//2945 1497//2945
f 1408//2946 1479//2946 1517//2946
f 1469//2947 1518//2947 1509//2947
f 1430//2948 1469//2948 1509//2948
f 1445//2949 1509//2949 1501//2949
f 1455//2950 1547//2950 1480//2950
f 1392//2951 1548//2951 1521//2951
f 1335//2952 1364//2952 1549//2952
f 1470//2953 1536//2953 1491//2953
f 1470//2954 1537//2954 1536//2954
f 1274//2955 1483//2955 1471//2955
f 1522//2956 1524//2956 1550//2956
f 1522//2957 1550//2957 1551//2957
f 1522//2958 1551//2958 1541//2958
f 1523//2959 1525//2959 1540//2959
f 1525//2960 1541//2960 1552//2960
f 1525//2961 1552//2961 1540//2961
f 1383//2962 1543//2962 1553//2962
f 1417//2963 1465//2963 1554//2963
f 1393//2964 1418//2964 1544//2964
f 1406//2965 1472//2965 1487//2965
f 1439//2966 1530//2966 1546//2966
f 1488//2967 1507//2967 1531//2967
f 1479//2968 1555//2968 1517//2968
f 1443//2969 1556//2969 1500//2969
f 1443//2970 1480//2970 1556//2970
f 1480//2971 1557//2971 1556//2971
f 1480//2972 1547//2972 1557//2972
f 1455//2973 1511//2973 1547//2973
f 1392//2974 1520//2974 1558//2974
f 1414//2975 1560//2975 1559//2975
f 1457//2976 1481//2976 1561//2976
f 1458//2977 1562//2977 1459//2977
f 1414//2978 1460//2978 1560//2978
f 1378//2979 1560//2979 1460//2979
f 1490//2980 1536//2980 1563//2980
f 1381//2981 1564//2981 1426//2981
f 1550//2982 1565//2982 1551//2982
f 1538//2983 1539//2983 1566//2983
f 1539//2984 1540//2984 1567//2984
f 1288//2985 1504//2985 1526//2985
f 1348//2986 1493//2986 1465//2986
f 1419//2987 1466//2987 1568//2987
f 1472//2988 1569//2988 1487//2988
f 1507//2989 1570//2989 1531//2989
f 1498//2990 1571//2990 1508//2990
f 1477//2991 1572//2991 1499//2991
f 1452//2992 1479//2992 1453//2992
f 1499//2993 1573//2993 1518//2993
f 1456//2994 1489//2994 1574//2994
f 1414//2995 1575//2995 1489//2995
f 1392//2996 1558//2996 1576//2996
f 1392//2997 1576//2997 1548//2997
f 1415//2998 1521//2998 1450//2998
f 1364//2999 1513//2999 1549//2999
f 1335//3000 1549//3000 1502//3000
f 1381//3001 1502//3001 1577//3001
f 1463//3002 1578//3002 1537//3002
f 1366//3003 1471//3003 1579//3003
f 1210//3004 1426//3004 1580//3004
f 1210//3005 1580//3005 1464//3005
f 1524//3006 1538//3006 1581//3006
f 1538//3007 1566//3007 1581//3007
f 1541//3008 1582//3008 1552//3008
f 1540//3009 1552//3009 1583//3009
f 1383//3010 1553//3010 1514//3010
f 1466//3011 1495//3011 1568//3011
f 1485//3012 1544//3012 1516//3012
f 1505//3013 1584//3013 1545//3013
f 1529//3014 1531//3014 1530//3014
f 1330//3015 1585//3015 1475//3015
f 1487//3016 1586//3016 1498//3016
f 1475//3017 1587//3017 1476//3017
f 1452//3018 1555//3018 1479//3018
f 1452//3019 1500//3019 1588//3019
f 1509//3020 1518//3020 1589//3020
f 1509//3021 1589//3021 1590//3021
f 1501//3022 1509//3022 1590//3022
f 1361//3023 1425//3023 1591//3023
f 1556//3024 1557//3024 1592//3024
f 1501//3025 1590//3025 1510//3025
f 1510//3026 1590//3026 1593//3026
f 1510//3027 1593//3027 1519//3027
f 1332//3028 1534//3028 1447//3028
f 1489//3029 1575//3029 1574//3029
f 1414//3030 1559//3030 1575//3030
f 1434//3031 1490//3031 1594//3031
f 1536//3032 1537//3032 1563//3032
f 1537//3033 1595//3033 1563//3033
f 1537//3034 1578//3034 1595//3034
f 1347//3035 1366//3035 1596//3035
f 1524//3036 1597//3036 1550//3036
f 1524//3037 1581//3037 1597//3037
f 1539//3038 1567//3038 1566//3038
f 1541//3039 1551//3039 1598//3039
f 1540//3040 1583//3040 1599//3040
f 1416//3041 1600//3041 1543//3041
f 1484//3042 1494//3042 1601//3042
f 1419//3043 1601//3043 1494//3043
f 1419//3044 1568//3044 1601//3044
f 1323//3045 1420//3045 1602//3045
f 1495//3046 1496//3046 1603//3046
f 1495//3047 1603//3047 1604//3047
f 1387//3048 1605//3048 1388//3048
f 1330//3049 1486//3049 1606//3049
f 1438//3050 1607//3050 1506//3050
f 1507//3051 1608//3051 1570//3051
f 1477//3052 1508//3052 1609//3052
f 1476//3053 1587//3053 1532//3053
f 1452//3054 1588//3054 1555//3054
f 1360//3055 1454//3055 1610//3055
f 1500//3056 1556//3056 1588//3056
f 1557//3057 1611//3057 1592//3057
f 1547//3058 1611//3058 1557//3058
f 1454//3059 1533//3059 1610//3059
f 1511//3060 1612//3060 1547//3060
f 1456//3061 1574//3061 1511//3061
f 1559//3062 1613//3062 1575//3062
f 1574//3063 1575//3063 1613//3063
f 1378//3064 1434//3064 1560//3064
f 1434//3065 1594//3065 1560//3065
f 1490//3066 1563//3066 1614//3066
f 1382//3067 1503//3067 1615//3067
f 1381//3068 1577//3068 1564//3068
f 1550//3069 1616//3069 1565//3069
f 1566//3070 1567//3070 1617//3070
f 1540//3071 1618//3071 1567//3071
f 1514//3072 1619//3072 1515//3072
f 1514//3073 1553//3073 1620//3073
f 1515//3074 1619//3074 1542//3074
f 1416//3075 1417//3075 1600//3075
f 1278//3076 1527//3076 1621//3076
f 1496//3077 1545//3077 1603//3077
f 1516//3078 1622//3078 1528//3078
f 1472//3079 1528//3079 1569//3079
f 1487//3080 1569//3080 1586//3080
f 1531//3081 1570//3081 1623//3081
f 1330//3082 1606//3082 1585//3082
f 1498//3083 1586//3083 1571//3083
f 1442//3084 1517//3084 1624//3084
f 1508//3085 1571//3085 1609//3085
f 1477//3086 1609//3086 1572//3086
f 1499//3087 1572//3087 1625//3087
f 1556//3088 1592//3088 1611//3088
f 1547//3089 1612//3089 1611//3089
f 1590//3090 1626//3090 1593//3090
f 1457//3091 1561//3091 1512//3091
f 1347//3092 1596//3092 1482//3092
f 1566//3093 1617//3093 1581//3093
f 1551//3094 1627//3094 1598//3094
f 1540//3095 1599//3095 1618//3095
f 1552//3096 1582//3096 1583//3096
f 1582//3097 1628//3097 1583//3097
f 1583//3098 1628//3098 1629//3098
f 1583//3099 1629//3099 1599//3099
f 1514//3100 1620//3100 1619//3100
f 1367//3101 1542//3101 1504//3101
f 1417//3102 1554//3102 1600//3102
f 1323//3103 1602//3103 1630//3103
f 1516//3104 1544//3104 1631//3104
f 1468//3105 1632//3105 1505//3105
f 1468//3106 1607//3106 1632//3106
f 1468//3107 1506//3107 1607//3107
f 1438//3108 1546//3108 1607//3108
f 1507//3109 1624//3109 1608//3109
f 1442//3110 1624//3110 1507//3110
f 1555//3111 1588//3111 1633//3111
f 1424//3112 1634//3112 1425//3112
f 1360//3113 1610//3113 1635//3113
f 1556//3114 1636//3114 1588//3114
f 1556//3115 1611//3115 1637//3115
f 1611//3116 1612//3116 1638//3116
f 1519//3117 1593//3117 1626//3117
f 1511//3118 1638//3118 1612//3118
f 1511//3119 1574//3119 1638//3119
f 1574//3120 1639//3120 1638//3120
f 1574//3121 1613//3121 1639//3121
f 1461//3122 1462//3122 1640//3122
f 1426//3123 1564//3123 1641//3123
f 1581//3124 1617//3124 1642//3124
f 1551//3125 1565//3125 1627//3125
f 1567//3126 1643//3126 1617//3126
f 1541//3127 1598//3127 1644//3127
f 1599//3128 1629//3128 1645//3128
f 1582//3129 1646//3129 1628//3129
f 1620//3130 1645//3130 1629//3130
f 1620//3131 1628//3131 1646//3131
f 1620//3132 1629//3132 1628//3132
f 1619//3133 1620//3133 1646//3133
f 1553//3134 1647//3134 1620//3134
f 1323//3135 1630//3135 1350//3135
f 1350//3136 1630//3136 1527//3136
f 1495//3137 1604//3137 1568//3137
f 1516//3138 1648//3138 1622//3138
f 1505//3139 1632//3139 1584//3139
f 1569//3140 1649//3140 1586//3140
f 1570//3141 1608//3141 1623//3141
f 1571//3142 1586//3142 1650//3142
f 1588//3143 1651//3143 1633//3143
f 1499//3144 1625//3144 1573//3144
f 1556//3145 1637//3145 1636//3145
f 1413//3146 1652//3146 1446//3146
f 1548//3147 1576//3147 1653//3147
f 1459//3148 1562//3148 1513//3148
f 1334//3149 1461//3149 1640//3149
f 1380//3150 1654//3150 1503//3150
f 1503//3151 1654//3151 1615//3151
f 1366//3152 1579//3152 1655//3152
f 1426//3153 1641//3153 1580//3153
f 1565//3154 1616//3154 1627//3154
f 1598//3155 1627//3155 1656//3155
f 1567//3156 1657//3156 1643//3156
f 1541//3157 1644//3157 1582//3157
f 1582//3158 1644//3158 1658//3158
f 1599//3159 1645//3159 1618//3159
f 1582//3160 1659//3160 1646//3160
f 1620//3161 1647//3161 1645//3161
f 1619//3162 1646//3162 1659//3162
f 1504//3163 1542//3163 1660//3163
f 1418//3164 1661//3164 1544//3164
f 1484//3165 1662//3165 1493//3165
f 1278//3166 1621//3166 1387//3166
f 1516//3167 1631//3167 1648//3167
f 1545//3168 1663//3168 1603//3168
f 1308//3169 1664//3169 1420//3169
f 1388//3170 1665//3170 1486//3170
f 1528//3171 1666//3171 1569//3171
f 1569//3172 1667//3172 1649//3172
f 1608//3173 1668//3173 1623//3173
f 1608//3174 1624//3174 1668//3174
f 1571//3175 1669//3175 1670//3175
f 1517//3176 1671//3176 1624//3176
f 1571//3177 1670//3177 1609//3177
f 1360//3178 1635//3178 1376//3178
f 1424//3179 1532//3179 1634//3179
f 1588//3180 1636//3180 1651//3180
f 1518//3181 1573//3181 1672//3181
f 1636//3182 1637//3182 1673//3182
f 1637//3183 1674//3183 1673//3183
f 1611//3184 1674//3184 1637//3184
f 1611//3185 1675//3185 1674//3185
f 1611//3186 1638//3186 1675//3186
f 1638//3187 1676//3187 1675//3187
f 1519//3188 1626//3188 1677//3188
f 1559//3189 1639//3189 1613//3189
f 1458//3190 1678//3190 1562//3190
f 1521//3191 1548//3191 1679//3191
f 1380//3192 1450//3192 1680//3192
f 1563//3193 1681//3193 1614//3193
f 1564//3194 1577//3194 1682//3194
f 1598//3195 1656//3195 1644//3195
f 1567//3196 1618//3196 1657//3196
f 1618//3197 1645//3197 1683//3197
f 1645//3198 1647//3198 1683//3198
f 1528//3199 1622//3199 1684//3199
f 1584//3200 1632//3200 1685//3200
f 1569//3201 1686//3201 1667//3201
f 1530//3202 1531//3202 1623//3202
f 1571//3203 1650//3203 1669//3203
f 1624//3204 1671//3204 1668//3204
f 1518//3205 1672//3205 1589//3205
f 1589//3206 1672//3206 1687//3206
f 1589//3207 1626//3207 1590//3207
f 1519//3208 1677//3208 1558//3208
f 1519//3209 1558//3209 1520//3209
f 1413//3210 1512//3210 1652//3210
f 1559//3211 1688//3211 1639//3211
f 1433//3212 1561//3212 1481//3212
f 1563//3213 1595//3213 1681//3213
f 1366//3214 1655//3214 1596//3214
f 1483//3215 1689//3215 1579//3215
f 1471//3216 1483//3216 1579//3216
f 1550//3217 1690//3217 1616//3217
f 1581//3218 1642//3218 1597//3218
f 1617//3219 1643//3219 1691//3219
f 1618//3220 1683//3220 1657//3220
f 1582//3221 1658//3221 1659//3221
f 1658//3222 1692//3222 1659//3222
f 1647//3223 1693//3223 1683//3223
f 1619//3224 1659//3224 1692//3224
f 1542//3225 1619//3225 1692//3225
f 1553//3226 1693//3226 1647//3226
f 1543//3227 1693//3227 1553//3227
f 1543//3228 1600//3228 1694//3228
f 1418//3229 1492//3229 1661//3229
f 1387//3230 1621//3230 1605//3230
f 1545//3231 1584//3231 1685//3231
f 1528//3232 1684//3232 1666//3232
f 1569//3233 1666//3233 1686//3233
f 1546//3234 1695//3234 1607//3234
f 1530//3235 1695//3235 1546//3235
f 1530//3236 1623//3236 1668//3236
f 1517//3237 1696//3237 1671//3237
f 1517//3238 1555//3238 1696//3238
f 1555//3239 1633//3239 1697//3239
f 1589//3240 1687//3240 1626//3240
f 1425//3241 1698//3241 1591//3241
f 1638//3242 1699//3242 1676//3242
f 1638//3243 1639//3243 1699//3243
f 1548//3244 1700//3244 1679//3244
f 1462//3245 1701//3245 1640//3245
f 1550//3246 1702//3246 1690//3246
f 1644//3247 1703//3247 1658//3247
f 1542//3248 1692//3248 1660//3248
f 1504//3249 1660//3249 1526//3249
f 1465//3250 1493//3250 1662//3250
f 1484//3251 1601//3251 1662//3251
f 1622//3252 1648//3252 1704//3252
f 1603//3253 1663//3253 1604//3253
f 1388//3254 1605//3254 1705//3254
f 1308//3255 1706//3255 1664//3255
f 1545//3256 1685//3256 1663//3256
f 1308//3257 1343//3257 1706//3257
f 1607//3258 1685//3258 1632//3258
f 1530//3259 1668//3259 1695//3259
f 1668//3260 1671//3260 1696//3260
f 1475//3261 1585//3261 1587//3261
f 1555//3262 1697//3262 1696//3262
f 1633//3263 1651//3263 1707//3263
f 1626//3264 1708//3264 1677//3264
f 1677//3265 1708//3265 1709//3265
f 1675//3266 1676//3266 1710//3266
f 1639//3267 1711//3267 1699//3267
f 1639//3268 1688//3268 1711//3268
f 1548//3269 1712//3269 1700//3269
f 1334//3270 1713//3270 1433//3270
f 1490//3271 1614//3271 1594//3271
f 1462//3272 1482//3272 1701//3272
f 1463//3273 1464//3273 1714//3273
f 1464//3274 1580//3274 1715//3274
f 1690//3275 1702//3275 1716//3275
f 1550//3276 1597//3276 1717//3276
f 1550//3277 1717//3277 1702//3277
f 1617//3278 1691//3278 1642//3278
f 1643//3279 1718//3279 1691//3279
f 1657//3280 1683//3280 1719//3280
f 1683//3281 1693//3281 1719//3281
f 1526//3282 1660//3282 1720//3282
f 1568//3283 1721//3283 1722//3283
f 1388//3284 1705//3284 1665//3284
f 1586//3285 1649//3285 1650//3285
f 1668//3286 1723//3286 1724//3286
f 1668//3287 1696//3287 1723//3287
f 1572//3288 1609//3288 1725//3288
f 1376//3289 1635//3289 1726//3289
f 1651//3290 1727//3290 1707//3290
f 1573//3291 1625//3291 1672//3291
f 1636//3292 1673//3292 1651//3292
f 1425//3293 1634//3293 1698//3293
f 1626//3294 1687//3294 1708//3294
f 1674//3295 1675//3295 1728//3295
f 1361//3296 1591//3296 1729//3296
f 1676//3297 1699//3297 1710//3297
f 1677//3298 1709//3298 1730//3298
f 1558//3299 1677//3299 1730//3299
f 1447//3300 1534//3300 1535//3300
f 1699//3301 1711//3301 1731//3301
f 1458//3302 1535//3302 1678//3302
f 1548//3303 1653//3303 1712//3303
f 1513//3304 1562//3304 1549//3304
f 1450//3305 1732//3305 1680//3305
f 1578//3306 1714//3306 1595//3306
f 1463//3307 1714//3307 1578//3307
f 1382//3308 1615//3308 1483//3308
f 1616//3309 1733//3309 1627//3309
f 1627//3310 1733//3310 1734//3310
f 1702//3311 1717//3311 1735//3311
f 1658//3312 1703//3312 1736//3312
f 1543//3313 1694//3313 1693//3313
f 1600//3314 1737//3314 1694//3314
f 1554//3315 1737//3315 1600//3315
f 1492//3316 1526//3316 1661//3316
f 1465//3317 1662//3317 1738//3317
f 1527//3318 1630//3318 1739//3318
f 1420//3319 1664//3319 1602//3319
f 1648//3320 1740//3320 1704//3320
f 1631//3321 1740//3321 1648//3321
f 1568//3322 1604//3322 1721//3322
f 1604//3323 1663//3323 1721//3323
f 1650//3324 1686//3324 1669//3324
f 1376//3325 1726//3325 1741//3325
f 1609//3326 1670//3326 1725//3326
f 1633//3327 1707//3327 1697//3327
f 1651//3328 1673//3328 1727//3328
f 1708//3329 1742//3329 1709//3329
f 1591//3330 1743//3330 1729//3330
f 1361//3331 1729//3331 1534//3331
f 1699//3332 1744//3332 1710//3332
f 1709//3333 1742//3333 1730//3333
f 1334//3334 1745//3334 1713//3334
f 1334//3335 1640//3335 1745//3335
f 1702//3336 1746//3336 1716//3336
f 1702//3337 1735//3337 1746//3337
f 1644//3338 1656//3338 1747//3338
f 1643//3339 1657//3339 1718//3339
f 1658//3340 1736//3340 1692//3340
f 1693//3341 1694//3341 1748//3341
f 1568//3342 1722//3342 1601//3342
f 1607//3343 1695//3343 1749//3343
f 1343//3344 1750//3344 1706//3344
f 1649//3345 1686//3345 1650//3345
f 1669//3346 1751//3346 1670//3346
f 1697//3347 1707//3347 1752//3347
f 1572//3348 1725//3348 1625//3348
f 1625//3349 1725//3349 1672//3349
f 1672//3350 1753//3350 1687//3350
f 1673//3351 1674//3351 1728//3351
f 1708//3352 1754//3352 1742//3352
f 1591//3353 1698//3353 1755//3353
f 1699//3354 1731//3354 1744//3354
f 1558//3355 1756//3355 1576//3355
f 1688//3356 1757//3356 1711//3356
f 1559//3357 1757//3357 1688//3357
f 1559//3358 1560//3358 1757//3358
f 1560//3359 1758//3359 1759//3359
f 1380//3360 1680//3360 1760//3360
f 1482//3361 1596//3361 1761//3361
f 1580//3362 1641//3362 1762//3362
f 1716//3363 1746//3363 1763//3363
f 1627//3364 1764//3364 1656//3364
f 1656//3365 1764//3365 1747//3365
f 1644//3366 1747//3366 1703//3366
f 1657//3367 1719//3367 1765//3367
f 1526//3368 1766//3368 1661//3368
f 1465//3369 1738//3369 1554//3369
f 1544//3370 1661//3370 1740//3370
f 1622//3371 1704//3371 1684//3371
f 1663//3372 1685//3372 1767//3372
f 1649//3373 1667//3373 1686//3373
f 1668//3374 1724//3374 1768//3374
f 1672//3375 1725//3375 1753//3375
f 1673//3376 1769//3376 1727//3376
f 1591//3377 1755//3377 1743//3377
f 1576//3378 1756//3378 1653//3378
f 1711//3379 1757//3379 1731//3379
f 1512//3380 1561//3380 1770//3380
f 1450//3381 1521//3381 1732//3381
f 1380//3382 1760//3382 1654//3382
f 1579//3383 1771//3383 1655//3383
f 1564//3384 1772//3384 1641//3384
f 1690//3385 1716//3385 1773//3385
f 1597//3386 1642//3386 1774//3386
f 1597//3387 1775//3387 1717//3387
f 1642//3388 1691//3388 1774//3388
f 1716//3389 1763//3389 1773//3389
f 1735//3390 1776//3390 1746//3390
f 1691//3391 1718//3391 1777//3391
f 1657//3392 1778//3392 1718//3392
f 1703//3393 1779//3393 1736//3393
f 1660//3394 1692//3394 1780//3394
f 1544//3395 1740//3395 1631//3395
f 1486//3396 1665//3396 1606//3396
f 1668//3397 1768//3397 1695//3397
f 1343//3398 1741//3398 1750//3398
f 1707//3399 1781//3399 1752//3399
f 1707//3400 1727//3400 1781//3400
f 1532//3401 1587//3401 1782//3401
f 1687//3402 1783//3402 1708//3402
f 1558//3403 1730//3403 1756//3403
f 1700//3404 1712//3404 1784//3404
f 1560//3405 1759//3405 1757//3405
f 1502//3406 1785//3406 1577//3406
f 1763//3407 1786//3407 1773//3407
f 1717//3408 1776//3408 1735//3408
f 1627//3409 1734//3409 1764//3409
f 1693//3410 1748//3410 1719//3410
f 1666//3411 1684//3411 1787//3411
f 1669//3412 1686//3412 1788//3412
f 1723//3413 1789//3413 1724//3413
f 1669//3414 1788//3414 1751//3414
f 1696//3415 1697//3415 1790//3415
f 1697//3416 1752//3416 1791//3416
f 1670//3417 1751//3417 1792//3417
f 1670//3418 1792//3418 1725//3418
f 1752//3419 1781//3419 1793//3419
f 1708//3420 1783//3420 1754//3420
f 1675//3421 1794//3421 1728//3421
f 1675//3422 1710//3422 1794//3422
f 1731//3423 1795//3423 1744//3423
f 1731//3424 1796//3424 1795//3424
f 1512//3425 1770//3425 1652//3425
f 1433//3426 1713//3426 1797//3426
f 1614//3427 1681//3427 1798//3427
f 1595//3428 1798//3428 1681//3428
f 1616//3429 1799//3429 1733//3429
f 1746//3430 1800//3430 1763//3430
f 1763//3431 1800//3431 1786//3431
f 1657//3432 1765//3432 1778//3432
f 1692//3433 1736//3433 1779//3433
f 1692//3434 1779//3434 1780//3434
f 1526//3435 1720//3435 1766//3435
f 1554//3436 1801//3436 1737//3436
f 1601//3437 1722//3437 1662//3437
f 1684//3438 1704//3438 1787//3438
f 1663//3439 1767//3439 1721//3439
f 1666//3440 1787//3440 1802//3440
f 1695//3441 1803//3441 1749//3441
f 1695//3442 1768//3442 1803//3442
f 1343//3443 1376//3443 1741//3443
f 1724//3444 1789//3444 1768//3444
f 1723//3445 1804//3445 1789//3445
f 1696//3446 1804//3446 1723//3446
f 1696//3447 1790//3447 1804//3447
f 1751//3448 1788//3448 1792//3448
f 1697//3449 1791//3449 1790//3449
f 1752//3450 1805//3450 1791//3450
f 1752//3451 1806//3451 1805//3451
f 1752//3452 1793//3452 1806//3452
f 1781//3453 1807//3453 1793//3453
f 1781//3454 1808//3454 1807//3454
f 1727//3455 1808//3455 1781//3455
f 1727//3456 1769//3456 1808//3456
f 1446//3457 1652//3457 1809//3457
f 1731//3458 1757//3458 1796//3458
f 1653//3459 1784//3459 1712//3459
f 1757//3460 1810//3460 1811//3460
f 1433//3461 1797//3461 1561//3461
f 1482//3462 1812//3462 1701//3462
f 1577//3463 1785//3463 1682//3463
f 1579//3464 1689//3464 1771//3464
f 1641//3465 1772//3465 1762//3465
f 1733//3466 1813//3466 1734//3466
f 1717//3467 1775//3467 1776//3467
f 1691//3468 1777//3468 1774//3468
f 1773//3469 1786//3469 1800//3469
f 1660//3470 1780//3470 1720//3470
f 1554//3471 1738//3471 1801//3471
f 1704//3472 1740//3472 1787//3472
f 1666//3473 1802//3473 1686//3473
f 1788//3474 1814//3474 1815//3474
f 1788//3475 1815//3475 1792//3475
f 1725//3476 1792//3476 1815//3476
f 1725//3477 1816//3477 1753//3477
f 1532//3478 1817//3478 1634//3478
f 1753//3479 1818//3479 1783//3479
f 1687//3480 1753//3480 1783//3480
f 1710//3481 1819//3481 1794//3481
f 1730//3482 1742//3482 1820//3482
f 1446//3483 1809//3483 1533//3483
f 1534//3484 1821//3484 1535//3484
f 1730//3485 1822//3485 1756//3485
f 1795//3486 1796//3486 1823//3486
f 1653//3487 1756//3487 1784//3487
f 1757//3488 1811//3488 1796//3488
f 1561//3489 1797//3489 1770//3489
f 1757//3490 1759//3490 1810//3490
f 1594//3491 1614//3491 1824//3491
f 1502//3492 1549//3492 1825//3492
f 1502//3493 1825//3493 1785//3493
f 1596//3494 1826//3494 1761//3494
f 1596//3495 1655//3495 1826//3495
f 1595//3496 1714//3496 1827//3496
f 1564//3497 1682//3497 1828//3497
f 1564//3498 1828//3498 1772//3498
f 1464//3499 1715//3499 1714//3499
f 1734//3500 1813//3500 1829//3500
f 1746//3501 1776//3501 1830//3501
f 1703//3502 1747//3502 1779//3502
f 1694//3503 1737//3503 1831//3503
f 1630//3504 1832//3504 1739//3504
f 1661//3505 1833//3505 1740//3505
f 1662//3506 1722//3506 1834//3506
f 1686//3507 1814//3507 1788//3507
f 1793//3508 1835//3508 1806//3508
f 1725//3509 1815//3509 1816//3509
f 1807//3510 1808//3510 1836//3510
f 1753//3511 1816//3511 1818//3511
f 1673//3512 1728//3512 1769//3512
f 1794//3513 1819//3513 1837//3513
f 1710//3514 1744//3514 1819//3514
f 1744//3515 1795//3515 1838//3515
f 1730//3516 1820//3516 1822//3516
f 1560//3517 1594//3517 1839//3517
f 1614//3518 1798//3518 1824//3518
f 1595//3519 1840//3519 1798//3519
f 1615//3520 1654//3520 1841//3520
f 1733//3521 1799//3521 1813//3521
f 1773//3522 1800//3522 1842//3522
f 1734//3523 1829//3523 1764//3523
f 1718//3524 1843//3524 1777//3524
f 1718//3525 1778//3525 1843//3525
f 1719//3526 1844//3526 1765//3526
f 1719//3527 1748//3527 1844//3527
f 1694//3528 1845//3528 1748//3528
f 1662//3529 1846//3529 1738//3529
f 1605//3530 1621//3530 1847//3530
f 1607//3531 1749//3531 1685//3531
f 1768//3532 1789//3532 1803//3532
f 1790//3533 1848//3533 1804//3533
f 1790//3534 1791//3534 1848//3534
f 1791//3535 1805//3535 1806//3535
f 1807//3536 1836//3536 1849//3536
f 1815//3537 1850//3537 1816//3537
f 1532//3538 1782//3538 1817//3538
f 1816//3539 1850//3539 1818//3539
f 1769//3540 1851//3540 1808//3540
f 1742//3541 1754//3541 1852//3541
f 1744//3542 1838//3542 1819//3542
f 1533//3543 1853//3543 1610//3543
f 1535//3544 1821//3544 1854//3544
f 1756//3545 1822//3545 1784//3545
f 1562//3546 1678//3546 1855//3546
f 1679//3547 1700//3547 1784//3547
f 1549//3548 1562//3548 1825//3548
f 1640//3549 1701//3549 1856//3549
f 1483//3550 1615//3550 1857//3550
f 1690//3551 1773//3551 1858//3551
f 1597//3552 1859//3552 1775//3552
f 1774//3553 1777//3553 1860//3553
f 1773//3554 1842//3554 1861//3554
f 1830//3555 1861//3555 1842//3555
f 1800//3556 1830//3556 1842//3556
f 1746//3557 1830//3557 1800//3557
f 1661//3558 1862//3558 1833//3558
f 1662//3559 1834//3559 1863//3559
f 1602//3560 1664//3560 1864//3560
f 1721//3561 1865//3561 1722//3561
f 1686//3562 1866//3562 1814//3562
f 1686//3563 1802//3563 1866//3563
f 1814//3564 1867//3564 1815//3564
f 1815//3565 1867//3565 1868//3565
f 1793//3566 1807//3566 1849//3566
f 1808//3567 1851//3567 1836//3567
f 1728//3568 1851//3568 1769//3568
f 1754//3569 1783//3569 1852//3569
f 1795//3570 1823//3570 1838//3570
f 1796//3571 1869//3571 1823//3571
f 1560//3572 1839//3572 1758//3572
f 1640//3573 1856//3573 1745//3573
f 1562//3574 1870//3574 1825//3574
f 1615//3575 1841//3575 1857//3575
f 1595//3576 1871//3576 1840//3576
f 1595//3577 1827//3577 1871//3577
f 1616//3578 1872//3578 1799//3578
f 1773//3579 1873//3579 1858//3579
f 1773//3580 1861//3580 1873//3580
f 1765//3581 1844//3581 1778//3581
f 1748//3582 1845//3582 1844//3582
f 1738//3583 1874//3583 1801//3583
f 1602//3584 1832//3584 1630//3584
f 1721//3585 1767//3585 1875//3585
f 1789//3586 1804//3586 1876//3586
f 1806//3587 1835//3587 1877//3587
f 1585//3588 1782//3588 1587//3588
f 1815//3589 1868//3589 1878//3589
f 1815//3590 1878//3590 1850//3590
f 1743//3591 1755//3591 1879//3591
f 1652//3592 1880//3592 1809//3592
f 1784//3593 1822//3593 1881//3593
f 1535//3594 1854//3594 1678//3594
f 1796//3595 1811//3595 1882//3595
f 1701//3596 1812//3596 1883//3596
f 1482//3597 1884//3597 1812//3597
f 1482//3598 1761//3598 1884//3598
f 1655//3599 1771//3599 1826//3599
f 1597//3600 1774//3600 1885//3600
f 1775//3601 1886//3601 1776//3601
f 1830//3602 1887//3602 1861//3602
f 1662//3603 1863//3603 1846//3603
f 1605//3604 1888//3604 1705//3604
f 1740//3605 1833//3605 1787//3605
f 1685//3606 1875//3606 1767//3606
f 1787//3607 1889//3607 1802//3607
f 1685//3608 1749//3608 1875//3608
f 1802//3609 1889//3609 1866//3609
f 1814//3610 1866//3610 1890//3610
f 1789//3611 1876//3611 1803//3611
f 1585//3612 1891//3612 1782//3612
f 1793//3613 1892//3613 1835//3613
f 1793//3614 1849//3614 1892//3614
f 1818//3615 1850//3615 1878//3615
f 1728//3616 1893//3616 1851//3616
f 1728//3617 1794//3617 1893//3617
f 1818//3618 1878//3618 1894//3618
f 1783//3619 1818//3619 1894//3619
f 1783//3620 1894//3620 1852//3620
f 1819//3621 1895//3621 1837//3621
f 1534//3622 1729//3622 1821//3622
f 1810//3623 1882//3623 1811//3623
f 1759//3624 1882//3624 1810//3624
f 1679//3625 1784//3625 1881//3625
f 1758//3626 1839//3626 1896//3626
f 1654//3627 1760//3627 1841//3627
f 1714//3628 1715//3628 1897//3628
f 1616//3629 1690//3629 1872//3629
f 1774//3630 1860//3630 1885//3630
f 1861//3631 1898//3631 1873//3631
f 1861//3632 1887//3632 1898//3632
f 1720//3633 1899//3633 1766//3633
f 1737//3634 1801//3634 1900//3634
f 1721//3635 1875//3635 1865//3635
f 1866//3636 1889//3636 1901//3636
f 1606//3637 1665//3637 1902//3637
f 1804//3638 1848//3638 1876//3638
f 1791//3639 1806//3639 1903//3639
f 1867//3640 1904//3640 1868//3640
f 1835//3641 1905//3641 1906//3641
f 1835//3642 1892//3642 1905//3642
f 1635//3643 1907//3643 1726//3643
f 1868//3644 1908//3644 1878//3644
f 1836//3645 1851//3645 1893//3645
f 1610//3646 1909//3646 1635//3646
f 1634//3647 1817//3647 1698//3647
f 1852//3648 1894//3648 1910//3648
f 1698//3649 1879//3649 1755//3649
f 1819//3650 1838//3650 1895//3650
f 1533//3651 1809//3651 1853//3651
f 1729//3652 1879//3652 1821//3652
f 1823//3653 1911//3653 1838//3653
f 1820//3654 1881//3654 1822//3654
f 1796//3655 1882//3655 1869//3655
f 1562//3656 1855//3656 1870//3656
f 1521//3657 1912//3657 1732//3657
f 1798//3658 1840//3658 1824//3658
f 1682//3659 1913//3659 1828//3659
f 1690//3660 1914//3660 1872//3660
f 1799//3661 1915//3661 1813//3661
f 1775//3662 1859//3662 1886//3662
f 1777//3663 1843//3663 1860//3663
f 1747//3664 1916//3664 1779//3664
f 1778//3665 1844//3665 1917//3665
f 1738//3666 1846//3666 1874//3666
f 1605//3667 1847//3667 1888//3667
f 1665//3668 1705//3668 1918//3668
f 1866//3669 1901//3669 1890//3669
f 1803//3670 1876//3670 1919//3670
f 1814//3671 1890//3671 1920//3671
f 1814//3672 1920//3672 1867//3672
f 1794//3673 1921//3673 1893//3673
f 1878//3674 1922//3674 1894//3674
f 1794//3675 1837//3675 1921//3675
f 1837//3676 1923//3676 1921//3676
f 1837//3677 1924//3677 1923//3677
f 1837//3678 1895//3678 1924//3678
f 1838//3679 1925//3679 1895//3679
f 1729//3680 1743//3680 1879//3680
f 1820//3681 1926//3681 1881//3681
f 1652//3682 1770//3682 1880//3682
f 1678//3683 1854//3683 1927//3683
f 1758//3684 1928//3684 1759//3684
f 1758//3685 1896//3685 1928//3685
f 1701//3686 1929//3686 1856//3686
f 1701//3687 1883//3687 1929//3687
f 1483//3688 1930//3688 1689//3688
f 1580//3689 1762//3689 1715//3689
f 1931//3690 1932//3690 1933//3690
f 1932//3691 1934//3691 1933//3691
f 1931//3692 1935//3692 1932//3692
f 1690//3693 1858//3693 1914//3693
f 1764//3694 1829//3694 1916//3694
f 1778//3695 1936//3695 1843//3695
f 1694//3696 1937//3696 1845//3696
f 1766//3697 1899//3697 1938//3697
f 1661//3698 1766//3698 1938//3698
f 1527//3699 1739//3699 1939//3699
f 1527//3700 1847//3700 1621//3700
f 1749//3701 1940//3701 1875//3701
f 1749//3702 1803//3702 1940//3702
f 1803//3703 1919//3703 1940//3703
f 1848//3704 1941//3704 1876//3704
f 1791//3705 1941//3705 1848//3705
f 1791//3706 1903//3706 1941//3706
f 1867//3707 1920//3707 1904//3707
f 1806//3708 1877//3708 1942//3708
f 1835//3709 1906//3709 1877//3709
f 1726//3710 1907//3710 1741//3710
f 1894//3711 1922//3711 1910//3711
f 1742//3712 1852//3712 1910//3712
f 1895//3713 1925//3713 1943//3713
f 1838//3714 1911//3714 1925//3714
f 1823//3715 1869//3715 1911//3715
f 1682//3716 1785//3716 1944//3716
f 1827//3717 1945//3717 1871//3717
f 1714//3718 1945//3718 1827//3718
f 1933//3719 1934//3719 1946//3719
f 1931//3720 1933//3720 1947//3720
f 1932//3721 1935//3721 1948//3721
f 1931//3722 1947//3722 1935//3722
f 1597//3723 1885//3723 1859//3723
f 1843//3724 1949//3724 1860//3724
f 1747//3725 1764//3725 1916//3725
f 1801//3726 1874//3726 1900//3726
f 1661//3727 1938//3727 1862//3727
f 1527//3728 1939//3728 1847//3728
f 1664//3729 1706//3729 1864//3729
f 1722//3730 1865//3730 1834//3730
f 1787//3731 1950//3731 1889//3731
f 1585//3732 1606//3732 1902//3732
f 1890//3733 1951//3733 1920//3733
f 1585//3734 1902//3734 1891//3734
f 1903//3735 1942//3735 1941//3735
f 1806//3736 1942//3736 1903//3736
f 1868//3737 1952//3737 1908//3737
f 1878//3738 1908//3738 1922//3738
f 1610//3739 1853//3739 1909//3739
f 1742//3740 1910//3740 1820//3740
f 1770//3741 1953//3741 1880//3741
f 1678//3742 1927//3742 1855//3742
f 1594//3743 1824//3743 1954//3743
f 1680//3744 1732//3744 1760//3744
f 1682//3745 1944//3745 1913//3745
f 1933//3746 1956//3746 1955//3746
f 1933//3747 1946//3747 1956//3747
f 1934//3748 1957//3748 1946//3748
f 1934//3749 1948//3749 1958//3749
f 1933//3750 1955//3750 1947//3750
f 1947//3751 1955//3751 1959//3751
f 1932//3752 1948//3752 1934//3752
f 1935//3753 1947//3753 1960//3753
f 1873//3754 1898//3754 1961//3754
f 1898//3755 1962//3755 1961//3755
f 1887//3756 1962//3756 1898//3756
f 1778//3757 1917//3757 1936//3757
f 1779//3758 1916//3758 1963//3758
f 1779//3759 1963//3759 1780//3759
f 1720//3760 1780//3760 1964//3760
f 1694//3761 1831//3761 1937//3761
f 1890//3762 1901//3762 1965//3762
f 1919//3763 1966//3763 1967//3763
f 1876//3764 1966//3764 1919//3764
f 1876//3765 1941//3765 1966//3765
f 1868//3766 1904//3766 1968//3766
f 1868//3767 1968//3767 1952//3767
f 1836//3768 1969//3768 1849//3768
f 1836//3769 1893//3769 1970//3769
f 1893//3770 1921//3770 1970//3770
f 1921//3771 1923//3771 1924//3771
f 1820//3772 1910//3772 1971//3772
f 1881//3773 1926//3773 1972//3773
f 1759//3774 1928//3774 1882//3774
f 1679//3775 1881//3775 1972//3775
f 1594//3776 1954//3776 1839//3776
f 1785//3777 1825//3777 1870//3777
f 1946//3778 1973//3778 1956//3778
f 1934//3779 1958//3779 1957//3779
f 1955//3780 1974//3780 1959//3780
f 1935//3781 1975//3781 1948//3781
f 1813//3782 1976//3782 1829//3782
f 1813//3783 1915//3783 1976//3783
f 1843//3784 1936//3784 1949//3784
f 1720//3785 1964//3785 1977//3785
f 1846//3786 1978//3786 1874//3786
f 1846//3787 1863//3787 1978//3787
f 1665//3788 1918//3788 1902//3788
f 1875//3789 1940//3789 1979//3789
f 1889//3790 1980//3790 1901//3790
f 1890//3791 1965//3791 1981//3791
f 1890//3792 1981//3792 1951//3792
f 1941//3793 1942//3793 1982//3793
f 1877//3794 1983//3794 1942//3794
f 1877//3795 1906//3795 1983//3795
f 1908//3796 1952//3796 1984//3796
f 1849//3797 1985//3797 1892//3797
f 1895//3798 1986//3798 1924//3798
f 1820//3799 1971//3799 1926//3799
f 1869//3800 1987//3800 1911//3800
f 1869//3801 1882//3801 1988//3801
f 1770//3802 1797//3802 1953//3802
f 1882//3803 1928//3803 1988//3803
f 1824//3804 1840//3804 1989//3804
f 1812//3805 1884//3805 1883//3805
f 1840//3806 1871//3806 1990//3806
f 1871//3807 1945//3807 1991//3807
f 1946//3808 1957//3808 1992//3808
f 1957//3809 1958//3809 1992//3809
f 1947//3810 1959//3810 1960//3810
f 1799//3811 1872//3811 1915//3811
f 1858//3812 1873//3812 1993//3812
f 1873//3813 1961//3813 1993//3813
f 1844//3814 1937//3814 1917//3814
f 1844//3815 1845//3815 1937//3815
f 1875//3816 1979//3816 1994//3816
f 1901//3817 1980//3817 1965//3817
f 1942//3818 1983//3818 1982//3818
f 1905//3819 1995//3819 1906//3819
f 1908//3820 1984//3820 1996//3820
f 1849//3821 1969//3821 1985//3821
f 1908//3822 1996//3822 1922//3822
f 1836//3823 1970//3823 1969//3823
f 1969//3824 1970//3824 1997//3824
f 1921//3825 1998//3825 1970//3825
f 1910//3826 1922//3826 1999//3826
f 1921//3827 1986//3827 2000//3827
f 1921//3828 1924//3828 1986//3828
f 1926//3829 1971//3829 2001//3829
f 1925//3830 1987//3830 2002//3830
f 1911//3831 1987//3831 1925//3831
f 1926//3832 2003//3832 1972//3832
f 1869//3833 1988//3833 2004//3833
f 1679//3834 1972//3834 2005//3834
f 1883//3835 1884//3835 1929//3835
f 1840//3836 1990//3836 1989//3836
f 1871//3837 1991//3837 1990//3837
f 1714//3838 1897//3838 1945//3838
f 1689//3839 1930//3839 2006//3839
f 1955//3840 1956//3840 1973//3840
f 1946//3841 1992//3841 1973//3841
f 1948//3842 2007//3842 1958//3842
f 1830//3843 1962//3843 1887//3843
f 1720//3844 1977//3844 1899//3844
f 1847//3845 2008//3845 1888//3845
f 1706//3846 2009//3846 1864//3846
f 1906//3847 1995//3847 1983//3847
f 1892//3848 1985//3848 2010//3848
f 1970//3849 1998//3849 1997//3849
f 1921//3850 2000//3850 1998//3850
f 1986//3851 1998//3851 2000//3851
f 1922//3852 2011//3852 1999//3852
f 1910//3853 1999//3853 2012//3853
f 1910//3854 2012//3854 1971//3854
f 1895//3855 2013//3855 1986//3855
f 1895//3856 1943//3856 2013//3856
f 1925//3857 2013//3857 1943//3857
f 1925//3858 2002//3858 2013//3858
f 1926//3859 2001//3859 2003//3859
f 1869//3860 2004//3860 1987//3860
f 1972//3861 2003//3861 2014//3861
f 1972//3862 2014//3862 2005//3862
f 1928//3863 2015//3863 1988//3863
f 1855//3864 2016//3864 1870//3864
f 1839//3865 1954//3865 2017//3865
f 1785//3866 1870//3866 2018//3866
f 1824//3867 1989//3867 1954//3867
f 1732//3868 2019//3868 1760//3868
f 1955//3869 1973//3869 2020//3869
f 1955//3870 2020//3870 1974//3870
f 1959//3871 1974//3871 2021//3871
f 1959//3872 2021//3872 1960//3872
f 1948//3873 1975//3873 2022//3873
f 1858//3874 2023//3874 1914//3874
f 1859//3875 1885//3875 2024//3875
f 1860//3876 2025//3876 1885//3876
f 1860//3877 1949//3877 2026//3877
f 1780//3878 1963//3878 1964//3878
f 1787//3879 1833//3879 1950//3879
f 1889//3880 2027//3880 1980//3880
f 1965//3881 1980//3881 1981//3881
f 1919//3882 2028//3882 1940//3882
f 1919//3883 1967//3883 2028//3883
f 1966//3884 2029//3884 1967//3884
f 1904//3885 1920//3885 1951//3885
f 1941//3886 2029//3886 1966//3886
f 1892//3887 2010//3887 1905//3887
f 1984//3888 2030//3888 1996//3888
f 1635//3889 2031//3889 1907//3889
f 1922//3890 1996//3890 2032//3890
f 1986//3891 2033//3891 1998//3891
f 1971//3892 2012//3892 2001//3892
f 1988//3893 2034//3893 2004//3893
f 1713//3894 2035//3894 1797//3894
f 1839//3895 2017//3895 1896//3895
f 1745//3896 1856//3896 2035//3896
f 1689//3897 2036//3897 1771//3897
f 1715//3898 1762//3898 2037//3898
f 1948//3899 2022//3899 2007//3899
f 1860//3900 2026//3900 2025//3900
f 1961//3901 1962//3901 1993//3901
f 1829//3902 1976//3902 1916//3902
f 1737//3903 2038//3903 1831//3903
f 1737//3904 1900//3904 2038//3904
f 1833//3905 1862//3905 2039//3905
f 1940//3906 2028//3906 1979//3906
f 1941//3907 1982//3907 2029//3907
f 1904//3908 1951//3908 1968//3908
f 1983//3909 1995//3909 2040//3909
f 1905//3910 2040//3910 1995//3910
f 1952//3911 2030//3911 1984//3911
f 1922//3912 2032//3912 2011//3912
f 1997//3913 1998//3913 2033//3913
f 1986//3914 2041//3914 2033//3914
f 1987//3915 2004//3915 2002//3915
f 1797//3916 2042//3916 1953//3916
f 1797//3917 2043//3917 2042//3917
f 1797//3918 2035//3918 2043//3918
f 1521//3919 1679//3919 1912//3919
f 1856//3920 1929//3920 2035//3920
f 1483//3921 1857//3921 1930//3921
f 1689//3922 2006//3922 2036//3922
f 1958//3923 2007//3923 1992//3923
f 1974//3924 2044//3924 2021//3924
f 1935//3925 1960//3925 2045//3925
f 1915//3926 2046//3926 1976//3926
f 1602//3927 1864//3927 1832//3927
f 1834//3928 2047//3928 1863//3928
f 1705//3929 2048//3929 1918//3929
f 1865//3930 1875//3930 1994//3930
f 1889//3931 1950//3931 2027//3931
f 1967//3932 2049//3932 2028//3932
f 1982//3933 2050//3933 2029//3933
f 1982//3934 1983//3934 2050//3934
f 1952//3935 1968//3935 2051//3935
f 1905//3936 2010//3936 2040//3936
f 1969//3937 2052//3937 1985//3937
f 1996//3938 2030//3938 2032//3938
f 1986//3939 2053//3939 2041//3939
f 1999//3940 2011//3940 2054//3940
f 1986//3941 2055//3941 2053//3941
f 1698//3942 2056//3942 1879//3942
f 1896//3943 2015//3943 1928//3943
f 1896//3944 2057//3944 2015//3944
f 1679//3945 2058//3945 1912//3945
f 1761//3946 1826//3946 2059//3946
f 1772//3947 1828//3947 1913//3947
f 1975//3948 2060//3948 2022//3948
f 1858//3949 1993//3949 2023//3949
f 1859//3950 2061//3950 1886//3950
f 1739//3951 1832//3951 2062//3951
f 1705//3952 1888//3952 2008//3952
f 1863//3953 2047//3953 1978//3953
f 1918//3954 2048//3954 2063//3954
f 1979//3955 2064//3955 1994//3955
f 1979//3956 2065//3956 2064//3956
f 1979//3957 2028//3957 2065//3957
f 2028//3958 2066//3958 2065//3958
f 1951//3959 1981//3959 1980//3959
f 2028//3960 2049//3960 2066//3960
f 1983//3961 2040//3961 2050//3961
f 1952//3962 2051//3962 2030//3962
f 1782//3963 2067//3963 1817//3963
f 1969//3964 1997//3964 2052//3964
f 2033//3965 2041//3965 2053//3965
f 1698//3966 1817//3966 2056//3966
f 1999//3967 2054//3967 2012//3967
f 2002//3968 2068//3968 2013//3968
f 2001//3969 2069//3969 2003//3969
f 2003//3970 2069//3970 2070//3970
f 2004//3971 2034//3971 2071//3971
f 2003//3972 2070//3972 2014//3972
f 2014//3973 2070//3973 2072//3973
f 1988//3974 2015//3974 2034//3974
f 1713//3975 1745//3975 2035//3975
f 1732//3976 1912//3976 2019//3976
f 1761//3977 2073//3977 1884//3977
f 1771//3978 2036//3978 1826//3978
f 1945//3979 2074//3979 1991//3979
f 1897//3980 2074//3980 1945//3980
f 1992//3981 2007//3981 2075//3981
f 2007//3982 2022//3982 2076//3982
f 1935//3983 2077//3983 1975//3983
f 1960//3984 2078//3984 2045//3984
f 1872//3985 1914//3985 2079//3985
f 1885//3986 2080//3986 2024//3986
f 1962//3987 2081//3987 1993//3987
f 1776//3988 1886//3988 2082//3988
f 1949//3989 2083//3989 2026//3989
f 1936//3990 2083//3990 1949//3990
f 1706//3991 1750//3991 2084//3991
f 1950//3992 2085//3992 2027//3992
f 1994//3993 2064//3993 2086//3993
f 1967//3994 2087//3994 2049//3994
f 1967//3995 2029//3995 2050//3995
f 1951//3996 2088//3996 1968//3996
f 1985//3997 2052//3997 2010//3997
f 1986//3998 2013//3998 2068//3998
f 2001//3999 2012//3999 2089//3999
f 2002//4000 2004//4000 2090//4000
f 2002//4001 2090//4001 2068//4001
f 2034//4002 2091//4002 2071//4002
f 2005//4003 2014//4003 2092//4003
f 1855//4004 1927//4004 2093//4004
f 2015//4005 2094//4005 2034//4005
f 1679//4006 2092//4006 2095//4006
f 1870//4007 2016//4007 2018//4007
f 1989//4008 1990//4008 2096//4008
f 1762//4009 1772//4009 2097//4009
f 1715//4010 2098//4010 1897//4010
f 1715//4011 2099//4011 2098//4011
f 1715//4012 2037//4012 2099//4012
f 1739//4013 2062//4013 1939//4013
f 1834//4014 1865//4014 2047//4014
f 2027//4015 2100//4015 2101//4015
f 2064//4016 2065//4016 2102//4016
f 1980//4017 2027//4017 2101//4017
f 2065//4018 2066//4018 2102//4018
f 1951//4019 1980//4019 2101//4019
f 1951//4020 2101//4020 2088//4020
f 1968//4021 2088//4021 2051//4021
f 1967//4022 2050//4022 2040//4022
f 2030//4023 2051//4023 2103//4023
f 1782//4024 1891//4024 2104//4024
f 2030//4025 2103//4025 2032//4025
f 2011//4026 2032//4026 2105//4026
f 2033//4027 2053//4027 2106//4027
f 2012//4028 2054//4028 2089//4028
f 1986//4029 2068//4029 2055//4029
f 2034//4030 2094//4030 2107//4030
f 1855//4031 2093//4031 2016//4031
f 1826//4032 2036//4032 2059//4032
f 1913//4033 1944//4033 2108//4033
f 1772//4034 1913//4034 2097//4034
f 1930//4035 2109//4035 2006//4035
f 2007//4036 2076//4036 2075//4036
f 2022//4037 2110//4037 2076//4037
f 1935//4038 2045//4038 2077//4038
f 2025//4039 2026//4039 2111//4039
f 1864//4040 2009//4040 2112//4040
f 1833//4041 2039//4041 1950//4041
f 1706//4042 2084//4042 2009//4042
f 1741//4043 2113//4043 1750//4043
f 1891//4044 1902//4044 2114//4044
f 2049//4045 2115//4045 2066//4045
f 2049//4046 2087//4046 2115//4046
f 1967//4047 2040//4047 2116//4047
f 2040//4048 2117//4048 2116//4048
f 2010//4049 2117//4049 2040//4049
f 2010//4050 2052//4050 2117//4050
f 2055//4051 2068//4051 2118//4051
f 2001//4052 2089//4052 2069//4052
f 2004//4053 2091//4053 2090//4053
f 2004//4054 2071//4054 2091//4054
f 2069//4055 2119//4055 2070//4055
f 2034//4056 2120//4056 2091//4056
f 2034//4057 2121//4057 2120//4057
f 2034//4058 2107//4058 2121//4058
f 2014//4059 2072//4059 2092//4059
f 1679//4060 2005//4060 2092//4060
f 1954//4061 1989//4061 2122//4061
f 1884//4062 2073//4062 1929//4062
f 1785//4063 2018//4063 2123//4063
f 1989//4064 2096//4064 2122//4064
f 1761//4065 2059//4065 2073//4065
f 1841//4066 2124//4066 1857//4066
f 1991//4067 2074//4067 2125//4067
f 1885//4068 2025//4068 2126//4068
f 1993//4069 2127//4069 2023//4069
f 1993//4070 2081//4070 2127//4070
f 1962//4071 2128//4071 2081//4071
f 1830//4072 2128//4072 1962//4072
f 1916//4073 1976//4073 2129//4073
f 1936//4074 2130//4074 2083//4074
f 1917//4075 2130//4075 1936//4075
f 1917//4076 1937//4076 2131//4076
f 1831//4077 2038//4077 1937//4077
f 1862//4078 1938//4078 2132//4078
f 1862//4079 2132//4079 2039//4079
f 2100//4080 2133//4080 2101//4080
f 2066//4081 2115//4081 2102//4081
f 2088//4082 2101//4082 2134//4082
f 2011//4083 2105//4083 2135//4083
f 2053//4084 2055//4084 2118//4084
f 1809//4085 1880//4085 2136//4085
f 1880//4086 2137//4086 2136//4086
f 1990//4087 1991//4087 2125//4087
f 2076//4088 2110//4088 2138//4088
f 1960//4089 2021//4089 2139//4089
f 2022//4090 2060//4090 2110//4090
f 1976//4091 2140//4091 2129//4091
f 1832//4092 2141//4092 2062//4092
f 1865//4093 1994//4093 2142//4093
f 1994//4094 2086//4094 2142//4094
f 2027//4095 2085//4095 2100//4095
f 2064//4096 2102//4096 2143//4096
f 1967//4097 2144//4097 2087//4097
f 2051//4098 2088//4098 2134//4098
f 1741//4099 1907//4099 2145//4099
f 2052//4100 2146//4100 2117//4100
f 1997//4101 2146//4101 2052//4101
f 1635//4102 2147//4102 2031//4102
f 1635//4103 1909//4103 2147//4103
f 2011//4104 2135//4104 2054//4104
f 1817//4105 2148//4105 2056//4105
f 2070//4106 2119//4106 2072//4106
f 2091//4107 2120//4107 2149//4107
f 2015//4108 2150//4108 2094//4108
f 2092//4109 2151//4109 2095//4109
f 1896//4110 2017//4110 2057//4110
f 1679//4111 2095//4111 2152//4111
f 1785//4112 2123//4112 2153//4112
f 1785//4113 2153//4113 1944//4113
f 1762//4114 2097//4114 2154//4114
f 1762//4115 2154//4115 2037//4115
f 2075//4116 2076//4116 2138//4116
f 1963//4117 2155//4117 1964//4117
f 1964//4118 2155//4118 2156//4118
f 1832//4119 1864//4119 2112//4119
f 1847//4120 2157//4120 2008//4120
f 1874//4121 1978//4121 2158//4121
f 1705//4122 2008//4122 2048//4122
f 1902//4123 1918//4123 2063//4123
f 2087//4124 2144//4124 2159//4124
f 1967//4125 2116//4125 2144//4125
f 2051//4126 2160//4126 2103//4126
f 2032//4127 2103//4127 2160//4127
f 1782//4128 2104//4128 2067//4128
f 1997//4129 2161//4129 2146//4129
f 1997//4130 2033//4130 2162//4130
f 2069//4131 2089//4131 2119//4131
f 2091//4132 2149//4132 2163//4132
f 2094//4133 2121//4133 2107//4133
f 2095//4134 2151//4134 2164//4134
f 1679//4135 2152//4135 2058//4135
f 1954//4136 2122//4136 2017//4136
f 1990//4137 2125//4137 2096//4137
f 1992//4138 2075//4138 2165//4138
f 1974//4139 2020//4139 2044//4139
f 2021//4140 2044//4140 2166//4140
f 1872//4141 2167//4141 1915//4141
f 2026//4142 2168//4142 2111//4142
f 2081//4143 2169//4143 2127//4143
f 1939//4144 2062//4144 2141//4144
f 2100//4145 2170//4145 2133//4145
f 2102//4146 2171//4146 2143//4146
f 2101//4147 2133//4147 2172//4147
f 2087//4148 2159//4148 2115//4148
f 2116//4149 2173//4149 2144//4149
f 2051//4150 2174//4150 2160//4150
f 2053//4151 2175//4151 2106//4151
f 2068//4152 2090//4152 2091//4152
f 1821//4153 1879//4153 2176//4153
f 2072//4154 2119//4154 2177//4154
f 2015//4155 2178//4155 2150//4155
f 2015//4156 2057//4156 2178//4156
f 2095//4157 2164//4157 2152//4157
f 2096//4158 2179//4158 2122//4158
f 2036//4159 2180//4159 2059//4159
f 1975//4160 2181//4160 2060//4160
f 2025//4161 2111//4161 2126//4161
f 1976//4162 2046//4162 2140//4162
f 1776//4163 2082//4163 1830//4163
f 1916//4164 2129//4164 1963//4164
f 1917//4165 2131//4165 2130//4165
f 1964//4166 2156//4166 1977//4166
f 1937//4167 2038//4167 2182//4167
f 1847//4168 1939//4168 2183//4168
f 1978//4169 2047//4169 2184//4169
f 1950//4170 2170//4170 2085//4170
f 2085//4171 2170//4171 2100//4171
f 2064//4172 2185//4172 2086//4172
f 2064//4173 2143//4173 2185//4173
f 2101//4174 2172//4174 2186//4174
f 1750//4175 2113//4175 2187//4175
f 2102//4176 2115//4176 2171//4176
f 2101//4177 2188//4177 2134//4177
f 2115//4178 2159//4178 2189//4178
f 2144//4179 2189//4179 2159//4179
f 1907//4180 2190//4180 2145//4180
f 1907//4181 2031//4181 2190//4181
f 2031//4182 2147//4182 2190//4182
f 2032//4183 2160//4183 2105//4183
f 1997//4184 2162//4184 2191//4184
f 2106//4185 2175//4185 2192//4185
f 2054//4186 2193//4186 2089//4186
f 2089//4187 2177//4187 2119//4187
f 2068//4188 2091//4188 2163//4188
f 2094//4189 2150//4189 2121//4189
f 2092//4190 2194//4190 2151//4190
f 2017//4191 2122//4191 2195//4191
f 1760//4192 2019//4192 2196//4192
f 2096//4193 2125//4193 2179//4193
f 1944//4194 2153//4194 2108//4194
f 2021//4195 2166//4195 2139//4195
f 1975//4196 2077//4196 2181//4196
f 1914//4197 2197//4197 2079//4197
f 1914//4198 2023//4198 2197//4198
f 2081//4199 2128//4199 2169//4199
f 1937//4200 2182//4200 2131//4200
f 1977//4201 2156//4201 2198//4201
f 1900//4202 2199//4202 2038//4202
f 1939//4203 2141//4203 2200//4203
f 1939//4204 2200//4204 2183//4204
f 1874//4205 2199//4205 1900//4205
f 1832//4206 2112//4206 2141//4206
f 2009//4207 2084//4207 2201//4207
f 2086//4208 2185//4208 2142//4208
f 1750//4209 2187//4209 2084//4209
f 2101//4210 2186//4210 2202//4210
f 2115//4211 2203//4211 2171//4211
f 2101//4212 2202//4212 2188//4212
f 2051//4213 2134//4213 2204//4213
f 2051//4214 2204//4214 2174//4214
f 2144//4215 2173//4215 2189//4215
f 2116//4216 2117//4216 2173//4216
f 2160//4217 2174//4217 2205//4217
f 1997//4218 2191//4218 2161//4218
f 1817//4219 2067//4219 2148//4219
f 2054//4220 2135//4220 2206//4220
f 2068//4221 2207//4221 2118//4221
f 2089//4222 2193//4222 2177//4222
f 2068//4223 2163//4223 2208//4223
f 2072//4224 2177//4224 2209//4224
f 2072//4225 2209//4225 2092//4225
f 1897//4226 2210//4226 2074//4226
f 1897//4227 2211//4227 2210//4227
f 1913//4228 2108//4228 2097//4228
f 1897//4229 2098//4229 2211//4229
f 2020//4230 2212//4230 2044//4230
f 1960//4231 2139//4231 2078//4231
f 1915//4232 2167//4232 2213//4232
f 1915//4233 2213//4233 2046//4233
f 2026//4234 2083//4234 2168//4234
f 1978//4235 2184//4235 2158//4235
f 2009//4236 2201//4236 2112//4236
f 2115//4237 2189//4237 2214//4237
f 2134//4238 2188//4238 2215//4238
f 2134//4239 2215//4239 2204//4239
f 1891//4240 2216//4240 2104//4240
f 2117//4241 2146//4241 2173//4241
f 2033//4242 2106//4242 2162//4242
f 2106//4243 2192//4243 2162//4243
f 2054//4244 2206//4244 2193//4244
f 2053//4245 2118//4245 2175//4245
f 2068//4246 2208//4246 2207//4246
f 1760//4247 2124//4247 1841//4247
f 2074//4248 2210//4248 2125//4248
f 2006//4249 2217//4249 2036//4249
f 1973//4250 1992//4250 2218//4250
f 1872//4251 2079//4251 2167//4251
f 2023//4252 2127//4252 2169//4252
f 1886//4253 2061//4253 2082//4253
f 2083//4254 2130//4254 2168//4254
f 1963//4255 2129//4255 2155//4255
f 1874//4256 2158//4256 2199//4256
f 2063//4257 2219//4257 2114//4257
f 2186//4258 2220//4258 2202//4258
f 2115//4259 2214//4259 2203//4259
f 2173//4260 2221//4260 2189//4260
f 2056//4261 2148//4261 2222//4261
f 2120//4262 2223//4262 2149//4262
f 1880//4263 1953//4263 2137//4263
f 2120//4264 2121//4264 2224//4264
f 1953//4265 2042//4265 2225//4265
f 2121//4266 2150//4266 2224//4266
f 2150//4267 2178//4267 2226//4267
f 1912//4268 2058//4268 2227//4268
f 2036//4269 2217//4269 2180//4269
f 2006//4270 2109//4270 2217//4270
f 2075//4271 2228//4271 2165//4271
f 2044//4272 2229//4272 2166//4272
f 2060//4273 2230//4273 2110//4273
f 2045//4274 2078//4274 2077//4274
f 1847//4275 2183//4275 2157//4275
f 1902//4276 2063//4276 2114//4276
f 2172//4277 2231//4277 2186//4277
f 2143//4278 2171//4278 2203//4278
f 2188//4279 2202//4279 2220//4279
f 2189//4280 2232//4280 2214//4280
f 2189//4281 2233//4281 2232//4281
f 2189//4282 2221//4282 2233//4282
f 1741//4283 2145//4283 2113//4283
f 2146//4284 2234//4284 2173//4284
f 2146//4285 2161//4285 2234//4285
f 2105//4286 2160//4286 2235//4286
f 2193//4287 2206//4287 2236//4287
f 2118//4288 2207//4288 2175//4288
f 2120//4289 2224//4289 2223//4289
f 1953//4290 2225//4290 2137//4290
f 2042//4291 2043//4291 2237//4291
f 1912//4292 2196//4292 2019//4292
f 2123//4293 2238//4293 2153//4293
f 2044//4294 2212//4294 2239//4294
f 2075//4295 2138//4295 2228//4295
f 2110//4296 2230//4296 2138//4296
f 2130//4297 2131//4297 2240//4297
f 2131//4298 2182//4298 2240//4298
f 2038//4299 2199//4299 2241//4299
f 1865//4300 2242//4300 2047//4300
f 1865//4301 2142//4301 2242//4301
f 2133//4302 2170//4302 2172//4302
f 2113//4303 2243//4303 2187//4303
f 2173//4304 2234//4304 2221//4304
f 2160//4305 2205//4305 2235//4305
f 1853//4306 2244//4306 1909//4306
f 2163//4307 2245//4307 2208//4307
f 2150//4308 2246//4308 2224//4308
f 2150//4309 2247//4309 2246//4309
f 2150//4310 2226//4310 2247//4310
f 2178//4311 2248//4311 2226//4311
f 1912//4312 2227//4312 2196//4312
f 1929//4313 2073//4313 2249//4313
f 2210//4314 2211//4314 2250//4314
f 2098//4315 2250//4315 2211//4315
f 2037//4316 2154//4316 2251//4316
f 1992//4317 2165//4317 2252//4317
f 2044//4318 2239//4318 2229//4318
f 2077//4319 2253//4319 2181//4319
f 1885//4320 2126//4320 2080//4320
f 2046//4321 2254//4321 2140//4321
f 1859//4322 2024//4322 2061//4322
f 1830//4323 2255//4323 2128//4323
f 2155//4324 2198//4324 2156//4324
f 1977//4325 2198//4325 2256//4325
f 1899//4326 2257//4326 1938//4326
f 1950//4327 2039//4327 2258//4327
f 1950//4328 2258//4328 2170//4328
f 2142//4329 2259//4329 2242//4329
f 2142//4330 2185//4330 2259//4330
f 2170//4331 2231//4331 2172//4331
f 2084//4332 2187//4332 2260//4332
f 2143//4333 2261//4333 2185//4333
f 2188//4334 2262//4334 2215//4334
f 2067//4335 2104//4335 2263//4335
f 2161//4336 2191//4336 2264//4336
f 2135//4337 2265//4337 2206//4337
f 2207//4338 2208//4338 2266//4338
f 2208//4339 2245//4339 2266//4339
f 2149//4340 2223//4340 2163//4340
f 2092//4341 2209//4341 2267//4341
f 2092//4342 2267//4342 2194//4342
f 2017//4343 2178//4343 2057//4343
f 2017//4344 2195//4344 2268//4344
f 1929//4345 2269//4345 2035//4345
f 2097//4346 2108//4346 2270//4346
f 2138//4347 2271//4347 2228//4347
f 2046//4348 2213//4348 2254//4348
f 2023//4349 2169//4349 2272//4349
f 1899//4350 1977//4350 2256//4350
f 1899//4351 2256//4351 2257//4351
f 2183//4352 2200//4352 2273//4352
f 2157//4353 2183//4353 2273//4353
f 2112//4354 2274//4354 2141//4354
f 2048//4355 2275//4355 2063//4355
f 2084//4356 2276//4356 2201//4356
f 2185//4357 2261//4357 2259//4357
f 2143//4358 2203//4358 2261//4358
f 2188//4359 2220//4359 2262//4359
f 2174//4360 2204//4360 2205//4360
f 2206//4361 2277//4361 2236//4361
f 2163//4362 2223//4362 2245//4362
f 2226//4363 2278//4363 2247//4363
f 2226//4364 2248//4364 2278//4364
f 2122//4365 2179//4365 2279//4365
f 2059//4366 2180//4366 2073//4366
f 1760//4367 2280//4367 2124//4367
f 2165//4368 2281//4368 2252//4368
f 2165//4369 2228//4369 2281//4369
f 2228//4370 2271//4370 2282//4370
f 2166//4371 2229//4371 2283//4371
f 2139//4372 2166//4372 2283//4372
f 2130//4373 2284//4373 2168//4373
f 1938//4374 2285//4374 2132//4374
f 2112//4375 2201//4375 2286//4375
f 2170//4376 2258//4376 2287//4376
f 2214//4377 2232//4377 2288//4377
f 2161//4378 2289//4378 2234//4378
f 2162//4379 2290//4379 2191//4379
f 2105//4380 2265//4380 2135//4380
f 2175//4381 2207//4381 2291//4381
f 1879//4382 2056//4382 2292//4382
f 2177//4383 2193//4383 2236//4383
f 2223//4384 2293//4384 2245//4384
f 2177//4385 2294//4385 2209//4385
f 2209//4386 2294//4386 2267//4386
f 1854//4387 2295//4387 1927//4387
f 2018//4388 2296//4388 2123//4388
f 2017//4389 2268//4389 2178//4389
f 2153//4390 2238//4390 2297//4390
f 2125//4391 2210//4391 2298//4391
f 1857//4392 2124//4392 2299//4392
f 2097//4393 2251//4393 2154//4393
f 1973//4394 2212//4394 2020//4394
f 2138//4395 2230//4395 2271//4395
f 2024//4396 2082//4396 2061//4396
f 2169//4397 2300//4397 2272//4397
f 1830//4398 2082//4398 2255//4398
f 2168//4399 2284//4399 2301//4399
f 2141//4400 2302//4400 2200//4400
f 2170//4401 2287//4401 2231//4401
f 2186//4402 2231//4402 2220//4402
f 2203//4403 2303//4403 2261//4403
f 2203//4404 2214//4404 2303//4404
f 2214//4405 2288//4405 2303//4405
f 2215//4406 2262//4406 2304//4406
f 2221//4407 2305//4407 2233//4407
f 2204//4408 2215//4408 2306//4408
f 2221//4409 2307//4409 2305//4409
f 2204//4410 2308//4410 2205//4410
f 2067//4411 2309//4411 2148//4411
f 2206//4412 2265//4412 2310//4412
f 2206//4413 2310//4413 2277//4413
f 2236//4414 2277//4414 2311//4414
f 2177//4415 2236//4415 2312//4415
f 1853//4416 2136//4416 2244//4416
f 1809//4417 2136//4417 1853//4417
f 2267//4418 2294//4418 2313//4418
f 2224//4419 2246//4419 2314//4419
f 2194//4420 2267//4420 2313//4420
f 2246//4421 2247//4421 2314//4421
f 2151//4422 2194//4422 2315//4422
f 2151//4423 2315//4423 2164//4423
f 2035//4424 2237//4424 2043//4424
f 2178//4425 2316//4425 2248//4425
f 2122//4426 2279//4426 2195//4426
f 2073//4427 2180//4427 2249//4427
f 2125//4428 2298//4428 2179//4428
f 2098//4429 2099//4429 2250//4429
f 1857//4430 2317//4430 1930//4430
f 2228//4431 2282//4431 2281//4431
f 2229//4432 2239//4432 2318//4432
f 2229//4433 2318//4433 2283//4433
f 2077//4434 2078//4434 2319//4434
f 2023//4435 2300//4435 2197//4435
f 2023//4436 2272//4436 2300//4436
f 2129//4437 2140//4437 2320//4437
f 2038//4438 2241//4438 2182//4438
f 2008//4439 2157//4439 2321//4439
f 2008//4440 2322//4440 2048//4440
f 2187//4441 2243//4441 2260//4441
f 2215//4442 2304//4442 2323//4442
f 2232//4443 2233//4443 2324//4443
f 2221//4444 2325//4444 2307//4444
f 2221//4445 2234//4445 2325//4445
f 2234//4446 2289//4446 2325//4446
f 2104//4447 2216//4447 2326//4447
f 2161//4448 2264//4448 2289//4448
f 2147//4449 2327//4449 2190//4449
f 2105//4450 2235//4450 2328//4450
f 2105//4451 2328//4451 2265//4451
f 2162//4452 2192//4452 2329//4452
f 2175//4453 2329//4453 2192//4453
f 2207//4454 2266//4454 2330//4454
f 2236//4455 2311//4455 2331//4455
f 2245//4456 2293//4456 2266//4456
f 2236//4457 2331//4457 2312//4457
f 1879//4458 2292//4458 2176//4458
f 2177//4459 2312//4459 2294//4459
f 2035//4460 2332//4460 2237//4460
f 2152//4461 2164//4461 2315//4461
f 2016//4462 2296//4462 2018//4462
f 2058//4463 2152//4463 2315//4463
f 1930//4464 2333//4464 2109//4464
f 1992//4465 2252//4465 2218//4465
f 2212//4466 2334//4466 2239//4466
f 2078//4467 2335//4467 2319//4467
f 2077//4468 2319//4468 2253//4468
f 2140//4469 2254//4469 2320//4469
f 2130//4470 2240//4470 2284//4470
f 2155//4471 2336//4471 2198//4471
f 1938//4472 2257//4472 2285//4472
f 2141//4473 2274//4473 2302//4473
f 2039//4474 2132//4474 2285//4474
f 2048//4475 2322//4475 2275//4475
f 2047//4476 2242//4476 2337//4476
f 2231//4477 2287//4477 2338//4477
f 2259//4478 2261//4478 2303//4478
f 2220//4479 2231//4479 2338//4479
f 2220//4480 2338//4480 2262//4480
f 2233//4481 2305//4481 2324//4481
f 2113//4482 2327//4482 2243//4482
f 2289//4483 2339//4483 2325//4483
f 2113//4484 2145//4484 2327//4484
f 2145//4485 2190//4485 2327//4485
f 2104//4486 2326//4486 2263//4486
f 2205//4487 2308//4487 2235//4487
f 2191//4488 2290//4488 2264//4488
f 2175//4489 2291//4489 2329//4489
f 2207//4490 2330//4490 2291//4490
f 2277//4491 2340//4491 2311//4491
f 2266//4492 2293//4492 2341//4492
f 1821//4493 2176//4493 2342//4493
f 2294//4494 2312//4494 2343//4494
f 2223//4495 2224//4495 2344//4495
f 2294//4496 2343//4496 2313//4496
f 2224//4497 2314//4497 2345//4497
f 2194//4498 2313//4498 2315//4498
f 2247//4499 2278//4499 2314//4499
f 2016//4500 2093//4500 2346//4500
f 2248//4501 2316//4501 2278//4501
f 2123//4502 2296//4502 2347//4502
f 2058//4503 2348//4503 2227//4503
f 1929//4504 2249//4504 2269//4504
f 2180//4505 2217//4505 2349//4505
f 2097//4506 2270//4506 2251//4506
f 1930//4507 2317//4507 2333//4507
f 2129//4508 2320//4508 2350//4508
f 2129//4509 2350//4509 2351//4509
f 2129//4510 2352//4510 2155//4510
f 2198//4511 2336//4511 2256//4511
f 2047//4512 2337//4512 2184//4512
f 2063//4513 2275//4513 2219//4513
f 2084//4514 2260//4514 2276//4514
f 2288//4515 2353//4515 2303//4515
f 2232//4516 2324//4516 2354//4516
f 2215//4517 2323//4517 2355//4517
f 2307//4518 2325//4518 2339//4518
f 2235//4519 2308//4519 2328//4519
f 2265//4520 2277//4520 2310//4520
f 2266//4521 2341//4521 2330//4521
f 2293//4522 2356//4522 2341//4522
f 2176//4523 2357//4523 2342//4523
f 2223//4524 2358//4524 2293//4524
f 2224//4525 2345//4525 2344//4525
f 1821//4526 2359//4526 1854//4526
f 2314//4527 2360//4527 2345//4527
f 2016//4528 2346//4528 2296//4528
f 2196//4529 2227//4529 2361//4529
f 1760//4530 2196//4530 2361//4530
f 2210//4531 2250//4531 2298//4531
f 2109//4532 2349//4532 2217//4532
f 2271//4533 2362//4533 2282//4533
f 2111//4534 2363//4534 2126//4534
f 2024//4535 2364//4535 2082//4535
f 2128//4536 2300//4536 2169//4536
f 2129//4537 2351//4537 2352//4537
f 2259//4538 2303//4538 2365//4538
f 2262//4539 2338//4539 2366//4539
f 2232//4540 2353//4540 2288//4540
f 2232//4541 2354//4541 2353//4541
f 1891//4542 2114//4542 2216//4542
f 2305//4543 2367//4543 2324//4543
f 2215//4544 2355//4544 2306//4544
f 2204//4545 2306//4545 2308//4545
f 2291//4546 2368//4546 2329//4546
f 1909//4547 2244//4547 2147//4547
f 2056//4548 2222//4548 2292//4548
f 2311//4549 2369//4549 2331//4549
f 2293//4550 2358//4550 2356//4550
f 2312//4551 2331//4551 2343//4551
f 2223//4552 2344//4552 2358//4552
f 2238//4553 2370//4553 2297//4553
f 2108//4554 2153//4554 2371//4554
f 2108//4555 2371//4555 2270//4555
f 2109//4556 2333//4556 2372//4556
f 1973//4557 2218//4557 2373//4557
f 2060//4558 2374//4558 2230//4558
f 2060//4559 2181//4559 2374//4559
f 2111//4560 2168//4560 2363//4560
f 2197//4561 2300//4561 2375//4561
f 2024//4562 2376//4562 2364//4562
f 2200//4563 2302//4563 2377//4563
f 2039//4564 2285//4564 2378//4564
f 2039//4565 2378//4565 2379//4565
f 2039//4566 2379//4566 2258//4566
f 2242//4567 2259//4567 2380//4567
f 2259//4568 2365//4568 2380//4568
f 2264//4569 2381//4569 2339//4569
f 2264//4570 2339//4570 2289//4570
f 2264//4571 2290//4571 2382//4571
f 2162//4572 2329//4572 2290//4572
f 2291//4573 2330//4573 2383//4573
f 2311//4574 2340//4574 2384//4574
f 2344//4575 2345//4575 2385//4575
f 2345//4576 2360//4576 2385//4576
f 2278//4577 2360//4577 2314//4577
f 2180//4578 2386//4578 2249//4578
f 2180//4579 2349//4579 2386//4579
f 2213//4580 2387//4580 2254//4580
f 2300//4581 2388//4581 2375//4581
f 2128//4582 2255//4582 2389//4582
f 2168//4583 2301//4583 2390//4583
f 2155//4584 2352//4584 2336//4584
f 2303//4585 2380//4585 2365//4585
f 2262//4586 2391//4586 2304//4586
f 2304//4587 2392//4587 2323//4587
f 2305//4588 2381//4588 2393//4588
f 2305//4589 2307//4589 2381//4589
f 2306//4590 2355//4590 2394//4590
f 2290//4591 2329//4591 2368//4591
f 2330//4592 2341//4592 2383//4592
f 2176//4593 2292//4593 2357//4593
f 1854//4594 2359//4594 2295//4594
f 1927//4595 2346//4595 2093//4595
f 2278//4596 2395//4596 2360//4596
f 2058//4597 2315//4597 2396//4597
f 2058//4598 2397//4598 2348//4598
f 2035//4599 2269//4599 2332//4599
f 2179//4600 2398//4600 2279//4600
f 1760//4601 2361//4601 2280//4601
f 2153//4602 2297//4602 2399//4602
f 2250//4603 2400//4603 2298//4603
f 2153//4604 2399//4604 2371//4604
f 2099//4605 2401//4605 2250//4605
f 2037//4606 2401//4606 2099//4606
f 2281//4607 2282//4607 2402//4607
f 2213//4608 2403//4608 2387//4608
f 2167//4609 2403//4609 2213//4609
f 2079//4610 2197//4610 2404//4610
f 2008//4611 2321//4611 2322//4611
f 2158//4612 2405//4612 2199//4612
f 2258//4613 2379//4613 2287//4613
f 2114//4614 2219//4614 2406//4614
f 2338//4615 2407//4615 2366//4615
f 2287//4616 2407//4616 2338//4616
f 2303//4617 2353//4617 2380//4617
f 2243//4618 2408//4618 2260//4618
f 2323//4619 2392//4619 2355//4619
f 2307//4620 2339//4620 2381//4620
f 2290//4621 2368//4621 2382//4621
f 2291//4622 2383//4622 2368//4622
f 2311//4623 2409//4623 2369//4623
f 2136//4624 2410//4624 2244//4624
f 1821//4625 2342//4625 2359//4625
f 2313//4626 2343//4626 2411//4626
f 2237//4627 2332//4627 2412//4627
f 2058//4628 2396//4628 2413//4628
f 2179//4629 2298//4629 2414//4629
f 2109//4630 2372//4630 2349//4630
f 2251//4631 2270//4631 2415//4631
f 2181//4632 2416//4632 2374//4632
f 2168//4633 2390//4633 2363//4633
f 2182//4634 2417//4634 2240//4634
f 2200//4635 2377//4635 2273//4635
f 2112//4636 2286//4636 2274//4636
f 2157//4637 2418//4637 2321//4637
f 2262//4638 2366//4638 2419//4638
f 2262//4639 2419//4639 2391//4639
f 2304//4640 2391//4640 2392//4640
f 2353//4641 2354//4641 2420//4641
f 2355//4642 2392//4642 2421//4642
f 2324//4643 2367//4643 2354//4643
f 2355//4644 2421//4644 2394//4644
f 2367//4645 2393//4645 2422//4645
f 2305//4646 2393//4646 2367//4646
f 2306//4647 2394//4647 2423//4647
f 2264//4648 2424//4648 2381//4648
f 2306//4649 2425//4649 2308//4649
f 2308//4650 2425//4650 2328//4650
f 2264//4651 2426//4651 2424//4651
f 2264//4652 2382//4652 2427//4652
f 2264//4653 2427//4653 2426//4653
f 2067//4654 2263//4654 2309//4654
f 2265//4655 2428//4655 2277//4655
f 2368//4656 2383//4656 2429//4656
f 2341//4657 2430//4657 2383//4657
f 2356//4658 2431//4658 2432//4658
f 2356//4659 2358//4659 2431//4659
f 2136//4660 2137//4660 2433//4660
f 2344//4661 2385//4661 2434//4661
f 2360//4662 2395//4662 2385//4662
f 2313//4663 2411//4663 2315//4663
f 1927//4664 2295//4664 2346//4664
f 2058//4665 2413//4665 2397//4665
f 2123//4666 2370//4666 2238//4666
f 2195//4667 2279//4667 2398//4667
f 2230//4668 2362//4668 2271//4668
f 2157//4669 2273//4669 2418//4669
f 2201//4670 2276//4670 2435//4670
f 2353//4671 2420//4671 2380//4671
f 2114//4672 2436//4672 2216//4672
f 2306//4673 2423//4673 2425//4673
f 2341//4674 2356//4674 2430//4674
f 2344//4675 2437//4675 2358//4675
f 2331//4676 2438//4676 2343//4676
f 2385//4677 2439//4677 2434//4677
f 2278//4678 2316//4678 2440//4678
f 2178//4679 2440//4679 2316//4679
f 2227//4680 2441//4680 2361//4680
f 2195//4681 2398//4681 2442//4681
f 2179//4682 2414//4682 2398//4682
f 2280//4683 2361//4683 2443//4683
f 2250//4684 2444//4684 2400//4684
f 1857//4685 2299//4685 2445//4685
f 1857//4686 2445//4686 2317//4686
f 2317//4687 2446//4687 2333//4687
f 2037//4688 2251//4688 2447//4688
f 2282//4689 2362//4689 2402//4689
f 2080//4690 2126//4690 2448//4690
f 2197//4691 2375//4691 2404//4691
f 2024//4692 2080//4692 2376//4692
f 2254//4693 2449//4693 2320//4693
f 2201//4694 2435//4694 2286//4694
f 2275//4695 2322//4695 2450//4695
f 2242//4696 2451//4696 2337//4696
f 2287//4697 2419//4697 2407//4697
f 2366//4698 2407//4698 2419//4698
f 2391//4699 2419//4699 2392//4699
f 2354//4700 2367//4700 2422//4700
f 2381//4701 2424//4701 2452//4701
f 2423//4702 2453//4702 2425//4702
f 2426//4703 2455//4703 2454//4703
f 2426//4704 2427//4704 2455//4704
f 2265//4705 2328//4705 2428//4705
f 2277//4706 2428//4706 2340//4706
f 2340//4707 2428//4707 2384//4707
f 2383//4708 2430//4708 2429//4708
f 2343//4709 2438//4709 2411//4709
f 2315//4710 2411//4710 2456//4710
f 2315//4711 2456//4711 2396//4711
f 2178//4712 2268//4712 2457//4712
f 2227//4713 2348//4713 2441//4713
f 2361//4714 2441//4714 2443//4714
f 2298//4715 2400//4715 2414//4715
f 2124//4716 2280//4716 2443//4716
f 2124//4717 2458//4717 2299//4717
f 2270//4718 2371//4718 2415//4718
f 2299//4719 2459//4719 2460//4719
f 2250//4720 2401//4720 2461//4720
f 2299//4721 2460//4721 2445//4721
f 2317//4722 2445//4722 2446//4722
f 2078//4723 2139//4723 2462//4723
f 2080//4724 2448//4724 2376//4724
f 2301//4725 2463//4725 2464//4725
f 2256//4726 2336//4726 2257//4726
f 2380//4727 2420//4727 2465//4727
f 2354//4728 2466//4728 2420//4728
f 2424//4729 2454//4729 2452//4729
f 2424//4730 2426//4730 2454//4730
f 2368//4731 2467//4731 2382//4731
f 2368//4732 2429//4732 2467//4732
f 2384//4733 2428//4733 2468//4733
f 2147//4734 2244//4734 2469//4734
f 2311//4735 2384//4735 2468//4735
f 2356//4736 2432//4736 2470//4736
f 2331//4737 2471//4737 2438//4737
f 2385//4738 2395//4738 2439//4738
f 2137//4739 2225//4739 2472//4739
f 2278//4740 2473//4740 2395//4740
f 2278//4741 2440//4741 2473//4741
f 2178//4742 2457//4742 2440//4742
f 2398//4743 2414//4743 2442//4743
f 2124//4744 2443//4744 2458//4744
f 2400//4745 2444//4745 2474//4745
f 2250//4746 2461//4746 2444//4746
f 2252//4747 2281//4747 2402//4747
f 2239//4748 2334//4748 2475//4748
f 2239//4749 2475//4749 2318//4749
f 2139//4750 2283//4750 2476//4750
f 2078//4751 2462//4751 2335//4751
f 2181//4752 2253//4752 2416//4752
f 2079//4753 2404//4753 2167//4753
f 2301//4754 2464//4754 2390//4754
f 2240//4755 2477//4755 2284//4755
f 2240//4756 2417//4756 2477//4756
f 2392//4757 2419//4757 2478//4757
f 2420//4758 2466//4758 2479//4758
f 2354//4759 2480//4759 2466//4759
f 2354//4760 2422//4760 2480//4760
f 2243//4761 2327//4761 2408//4761
f 2393//4762 2481//4762 2422//4762
f 2381//4763 2481//4763 2393//4763
f 2381//4764 2482//4764 2481//4764
f 2381//4765 2452//4765 2482//4765
f 2429//4766 2430//4766 2483//4766
f 2311//4767 2468//4767 2409//4767
f 2440//4768 2457//4768 2473//4768
f 2268//4769 2484//4769 2457//4769
f 2400//4770 2474//4770 2414//4770
f 2349//4771 2485//4771 2386//4771
f 2283//4772 2318//4772 2486//4772
f 2319//4773 2335//4773 2487//4773
f 2363//4774 2390//4774 2488//4774
f 2320//4775 2449//4775 2489//4775
f 2284//4776 2463//4776 2301//4776
f 2242//4777 2380//4777 2451//4777
f 2380//4778 2465//4778 2490//4778
f 2466//4779 2480//4779 2479//4779
f 2394//4780 2421//4780 2491//4780
f 2423//4781 2492//4781 2453//4781
f 2216//4782 2493//4782 2326//4782
f 2452//4783 2454//4783 2494//4783
f 2425//4784 2453//4784 2495//4784
f 2263//4785 2326//4785 2493//4785
f 2427//4786 2496//4786 2455//4786
f 2382//4787 2496//4787 2427//4787
f 2428//4788 2497//4788 2468//4788
f 2148//4789 2309//4789 2498//4789
f 2356//4790 2499//4790 2430//4790
f 2331//4791 2500//4791 2471//4791
f 2344//4792 2501//4792 2437//4792
f 2344//4793 2434//4793 2501//4793
f 2395//4794 2502//4794 2439//4794
f 2395//4795 2473//4795 2502//4795
f 2396//4796 2456//4796 2503//4796
f 2396//4797 2504//4797 2413//4797
f 2348//4798 2505//4798 2441//4798
f 2299//4799 2458//4799 2459//4799
f 2333//4800 2506//4800 2372//4800
f 2230//4801 2374//4801 2507//4801
f 2182//4802 2241//4802 2417//4802
f 2274//4803 2508//4803 2302//4803
f 2158//4804 2184//4804 2405//4804
f 2287//4805 2379//4805 2509//4805
f 2287//4806 2509//4806 2419//4806
f 2420//4807 2510//4807 2465//4807
f 2420//4808 2479//4808 2510//4808
f 2422//4809 2481//4809 2480//4809
f 2394//4810 2491//4810 2423//4810
f 2423//4811 2491//4811 2511//4811
f 2423//4812 2511//4812 2492//4812
f 2452//4813 2494//4813 2482//4813
f 2454//4814 2455//4814 2512//4814
f 2455//4815 2496//4815 2512//4815
f 2382//4816 2467//4816 2496//4816
f 2429//4817 2483//4817 2467//4817
f 2430//4818 2499//4818 2483//4818
f 2356//4819 2513//4819 2499//4819
f 2222//4820 2514//4820 2292//4820
f 2502//4821 2515//4821 2516//4821
f 2473//4822 2515//4822 2502//4822
f 2396//4823 2503//4823 2504//4823
f 2348//4824 2397//4824 2517//4824
f 2195//4825 2484//4825 2268//4825
f 2371//4826 2399//4826 2415//4826
f 2251//4827 2518//4827 2447//4827
f 2318//4828 2475//4828 2519//4828
f 2253//4829 2319//4829 2520//4829
f 2320//4830 2489//4830 2350//4830
f 2390//4831 2464//4831 2488//4831
f 2302//4832 2508//4832 2377//4832
f 2380//4833 2490//4833 2451//4833
f 2465//4834 2521//4834 2490//4834
f 2465//4835 2510//4835 2521//4835
f 2392//4836 2478//4836 2491//4836
f 2392//4837 2491//4837 2421//4837
f 2216//4838 2436//4838 2493//4838
f 2454//4839 2512//4839 2522//4839
f 2328//4840 2425//4840 2495//4840
f 2467//4841 2512//4841 2496//4841
f 2467//4842 2483//4842 2523//4842
f 2356//4843 2470//4843 2513//4843
f 2369//4844 2409//4844 2524//4844
f 2331//4845 2369//4845 2524//4845
f 2434//4846 2439//4846 2501//4846
f 2411//4847 2525//4847 2503//4847
f 2411//4848 2503//4848 2456//4848
f 2348//4849 2517//4849 2505//4849
f 2249//4850 2386//4850 2526//4850
f 2037//4851 2447//4851 2401//4851
f 2319//4852 2487//4852 2527//4852
f 2254//4853 2387//4853 2403//4853
f 2126//4854 2363//4854 2528//4854
f 2219//4855 2275//4855 2529//4855
f 2219//4856 2529//4856 2406//4856
f 2479//4857 2530//4857 2510//4857
f 2478//4858 2531//4858 2491//4858
f 2480//4859 2481//4859 2532//4859
f 2454//4860 2522//4860 2494//4860
f 2147//4861 2469//4861 2533//4861
f 2437//4862 2501//4862 2534//4862
f 2411//4863 2438//4863 2525//4863
f 2438//4864 2535//4864 2525//4864
f 2503//4865 2525//4865 2536//4865
f 2295//4866 2537//4866 2346//4866
f 2042//4867 2237//4867 2412//4867
f 2457//4868 2538//4868 2473//4868
f 2457//4869 2484//4869 2539//4869
f 2386//4870 2485//4870 2540//4870
f 2399//4871 2541//4871 2415//4871
f 2251//4872 2415//4872 2518//4872
f 2283//4873 2486//4873 2476//4873
f 2363//4874 2488//4874 2528//4874
f 2351//4875 2542//4875 2352//4875
f 2275//4876 2450//4876 2529//4876
f 2184//4877 2337//4877 2543//4877
f 2510//4878 2544//4878 2521//4878
f 2481//4879 2482//4879 2532//4879
f 2453//4880 2492//4880 2495//4880
f 2494//4881 2522//4881 2545//4881
f 2328//4882 2495//4882 2546//4882
f 2328//4883 2546//4883 2428//4883
f 2483//4884 2499//4884 2547//4884
f 2470//4885 2548//4885 2513//4885
f 2432//4886 2548//4886 2470//4886
f 2244//4887 2410//4887 2469//4887
f 2331//4888 2524//4888 2500//4888
f 2137//4889 2472//4889 2433//4889
f 2439//4890 2502//4890 2549//4890
f 2042//4891 2472//4891 2225//4891
f 2515//4892 2550//4892 2516//4892
f 2473//4893 2538//4893 2515//4893
f 2413//4894 2551//4894 2552//4894
f 2413//4895 2504//4895 2551//4895
f 2397//4896 2413//4896 2552//4896
f 2397//4897 2552//4897 2517//4897
f 2414//4898 2474//4898 2553//4898
f 2444//4899 2553//4899 2474//4899
f 2333//4900 2446//4900 2506//4900
f 2475//4901 2554//4901 2519//4901
f 2334//4902 2554//4902 2475//4902
f 2230//4903 2555//4903 2362//4903
f 2167//4904 2404//4904 2556//4904
f 2364//4905 2376//4905 2557//4905
f 2375//4906 2388//4906 2404//4906
f 2199//4907 2558//4907 2241//4907
f 2199//4908 2405//4908 2558//4908
f 2184//4909 2543//4909 2405//4909
f 2378//4910 2559//4910 2379//4910
f 2260//4911 2560//4911 2276//4911
f 2490//4912 2521//4912 2544//4912
f 2419//4913 2561//4913 2478//4913
f 2510//4914 2530//4914 2544//4914
f 2114//4915 2406//4915 2436//4915
f 2479//4916 2562//4916 2530//4916
f 2479//4917 2480//4917 2562//4917
f 2491//4918 2531//4918 2511//4918
f 2495//4919 2563//4919 2546//4919
f 2263//4920 2493//4920 2309//4920
f 2147//4921 2564//4921 2327//4921
f 2467//4922 2523//4922 2512//4922
f 2428//4923 2565//4923 2497//4923
f 2499//4924 2513//4924 2547//4924
f 2292//4925 2514//4925 2357//4925
f 2358//4926 2437//4926 2534//4926
f 2525//4927 2535//4927 2536//4927
f 2502//4928 2516//4928 2549//4928
f 2503//4929 2536//4929 2566//4929
f 2457//4930 2567//4930 2538//4930
f 2457//4931 2539//4931 2567//4931
f 2484//4932 2568//4932 2539//4932
f 2414//4933 2569//4933 2442//4933
f 2349//4934 2372//4934 2485//4934
f 2447//4935 2518//4935 2570//4935
f 2212//4936 2554//4936 2334//4936
f 2318//4937 2519//4937 2571//4937
f 2362//4938 2555//4938 2402//4938
f 2318//4939 2571//4939 2486//4939
f 2230//4940 2572//4940 2555//4940
f 2319//4941 2527//4941 2520//4941
f 2126//4942 2528//4942 2448//4942
f 2241//4943 2558//4943 2417//4943
f 2273//4944 2573//4944 2418//4944
f 2478//4945 2561//4945 2531//4945
f 2522//4946 2574//4946 2545//4946
f 2512//4947 2575//4947 2522//4947
f 2147//4948 2533//4948 2564//4948
f 2483//4949 2547//4949 2523//4949
f 2358//4950 2534//4950 2431//4950
f 2439//4951 2534//4951 2501//4951
f 2516//4952 2550//4952 2549//4952
f 2503//4953 2566//4953 2576//4953
f 2503//4954 2576//4954 2504//4954
f 2123//4955 2347//4955 2370//4955
f 2195//4956 2577//4956 2484//4956
f 2441//4957 2578//4957 2443//4957
f 2444//4958 2461//4958 2579//4958
f 2254//4959 2403//4959 2580//4959
f 2254//4960 2580//4960 2449//4960
f 2419//4961 2581//4961 2561//4961
f 2482//4962 2582//4962 2532//4962
f 2492//4963 2511//4963 2583//4963
f 2327//4964 2584//4964 2408//4964
f 2482//4965 2545//4965 2582//4965
f 2482//4966 2494//4966 2545//4966
f 2428//4967 2546//4967 2585//4967
f 2428//4968 2585//4968 2565//4968
f 2431//4969 2534//4969 2586//4969
f 2438//4970 2471//4970 2500//4970
f 2439//4971 2587//4971 2534//4971
f 2439//4972 2549//4972 2587//4972
f 2295//4973 2359//4973 2537//4973
f 2042//4974 2588//4974 2472//4974
f 2515//4975 2538//4975 2589//4975
f 2504//4976 2590//4976 2551//4976
f 2538//4977 2567//4977 2591//4977
f 2442//4978 2569//4978 2592//4978
f 2443//4979 2578//4979 2593//4979
f 2297//4980 2594//4980 2399//4980
f 2372//4981 2595//4981 2485//4981
f 2372//4982 2506//4982 2595//4982
f 2139//4983 2476//4983 2462//4983
f 2374//4984 2416//4984 2507//4984
f 2082//4985 2364//4985 2596//4985
f 2350//4986 2597//4986 2351//4986
f 2274//4987 2286//4987 2508//4987
f 2321//4988 2598//4988 2322//4988
f 2451//4989 2490//4989 2599//4989
f 2419//4990 2509//4990 2581//4990
f 2260//4991 2408//4991 2560//4991
f 2530//4992 2600//4992 2544//4992
f 2530//4993 2562//4993 2601//4993
f 2480//4994 2532//4994 2562//4994
f 2511//4995 2531//4995 2583//4995
f 2532//4996 2582//4996 2602//4996
f 2522//4997 2603//4997 2574//4997
f 2512//4998 2523//4998 2604//4998
f 2523//4999 2605//4999 2604//4999
f 2523//5000 2547//5000 2605//5000
f 2497//5001 2565//5001 2606//5001
f 2409//5002 2607//5002 2524//5002
f 2431//5003 2548//5003 2432//5003
f 2500//5004 2524//5004 2608//5004
f 2438//5005 2500//5005 2535//5005
f 2515//5006 2609//5006 2550//5006
f 2042//5007 2412//5007 2588//5007
f 2296//5008 2610//5008 2347//5008
f 2269//5009 2611//5009 2332//5009
f 2249//5010 2612//5010 2269//5010
f 2195//5011 2442//5011 2577//5011
f 2442//5012 2592//5012 2577//5012
f 2297//5013 2370//5013 2613//5013
f 2386//5014 2540//5014 2526//5014
f 2443//5015 2593//5015 2458//5015
f 2399//5016 2614//5016 2541//5016
f 2445//5017 2615//5017 2446//5017
f 2230//5018 2507//5018 2572//5018
f 2351//5019 2597//5019 2542//5019
f 2284//5020 2477//5020 2463//5020
f 2322//5021 2598//5021 2450//5021
f 2544//5022 2600//5022 2616//5022
f 2562//5023 2617//5023 2601//5023
f 2531//5024 2561//5024 2583//5024
f 2492//5025 2583//5025 2618//5025
f 2545//5026 2619//5026 2582//5026
f 2546//5027 2563//5027 2585//5027
f 2512//5028 2620//5028 2575//5028
f 2309//5029 2493//5029 2621//5029
f 2565//5030 2585//5030 2606//5030
f 2513//5031 2605//5031 2547//5031
f 2148//5032 2498//5032 2222//5032
f 2431//5033 2586//5033 2548//5033
f 2136//5034 2622//5034 2410//5034
f 2359//5035 2623//5035 2537//5035
f 2535//5036 2566//5036 2536//5036
f 2535//5037 2576//5037 2566//5037
f 2504//5038 2576//5038 2624//5038
f 2539//5039 2625//5039 2567//5039
f 2539//5040 2568//5040 2625//5040
f 2297//5041 2613//5041 2594//5041
f 2414//5042 2553//5042 2569//5042
f 2399//5043 2594//5043 2614//5043
f 2444//5044 2579//5044 2553//5044
f 2486//5045 2571//5045 2626//5045
f 2449//5046 2580//5046 2489//5046
f 2128//5047 2627//5047 2300//5047
f 2364//5048 2557//5048 2628//5048
f 2350//5049 2489//5049 2597//5049
f 2336//5050 2352//5050 2542//5050
f 2257//5051 2336//5051 2629//5051
f 2273//5052 2630//5052 2573//5052
f 2257//5053 2631//5053 2285//5053
f 2490//5054 2544//5054 2616//5054
f 2530//5055 2632//5055 2600//5055
f 2406//5056 2633//5056 2436//5056
f 2561//5057 2581//5057 2634//5057
f 2561//5058 2634//5058 2635//5058
f 2561//5059 2635//5059 2583//5059
f 2532//5060 2636//5060 2617//5060
f 2532//5061 2617//5061 2562//5061
f 2532//5062 2602//5062 2636//5062
f 2436//5063 2637//5063 2493//5063
f 2582//5064 2619//5064 2602//5064
f 2545//5065 2574//5065 2619//5065
f 2495//5066 2638//5066 2563//5066
f 2522//5067 2575//5067 2603//5067
f 2468//5068 2497//5068 2607//5068
f 2409//5069 2468//5069 2607//5069
f 2534//5070 2587//5070 2586//5070
f 2342//5071 2623//5071 2359//5071
f 2472//5072 2588//5072 2639//5072
f 2332//5073 2640//5073 2412//5073
f 2567//5074 2641//5074 2591//5074
f 2269//5075 2612//5075 2611//5075
f 2347//5076 2610//5076 2370//5076
f 2484//5077 2577//5077 2568//5077
f 2505//5078 2517//5078 2642//5078
f 2415//5079 2643//5079 2518//5079
f 2252//5080 2402//5080 2644//5080
f 2402//5081 2555//5081 2644//5081
f 2336//5082 2542//5082 2629//5082
f 2378//5083 2645//5083 2559//5083
f 2276//5084 2560//5084 2435//5084
f 2379//5085 2646//5085 2509//5085
f 2490//5086 2616//5086 2599//5086
f 2530//5087 2647//5087 2632//5087
f 2530//5088 2601//5088 2647//5088
f 2601//5089 2617//5089 2648//5089
f 2574//5090 2603//5090 2649//5090
f 2512//5091 2604//5091 2620//5091
f 2309//5092 2621//5092 2498//5092
f 2513//5093 2650//5093 2605//5093
f 2513//5094 2548//5094 2650//5094
f 2410//5095 2651//5095 2469//5095
f 2548//5096 2586//5096 2652//5096
f 2410//5097 2622//5097 2651//5097
f 2586//5098 2587//5098 2653//5098
f 2549//5099 2654//5099 2587//5099
f 2549//5100 2550//5100 2654//5100
f 2550//5101 2609//5101 2654//5101
f 2535//5102 2655//5102 2576//5102
f 2515//5103 2589//5103 2609//5103
f 2538//5104 2591//5104 2589//5104
f 2504//5105 2624//5105 2656//5105
f 2504//5106 2656//5106 2590//5106
f 2551//5107 2590//5107 2656//5107
f 2567//5108 2625//5108 2641//5108
f 2415//5109 2541//5109 2643//5109
f 1973//5110 2657//5110 2212//5110
f 1973//5111 2373//5111 2658//5111
f 2376//5112 2659//5112 2557//5112
f 2082//5113 2660//5113 2255//5113
f 2364//5114 2628//5114 2596//5114
f 2417//5115 2558//5115 2661//5115
f 2286//5116 2662//5116 2508//5116
f 2321//5117 2418//5117 2598//5117
f 2406//5118 2529//5118 2663//5118
f 2509//5119 2664//5119 2581//5119
f 2600//5120 2632//5120 2616//5120
f 2581//5121 2664//5121 2665//5121
f 2601//5122 2648//5122 2647//5122
f 2617//5123 2666//5123 2648//5123
f 2617//5124 2636//5124 2666//5124
f 2327//5125 2564//5125 2584//5125
f 2585//5126 2667//5126 2606//5126
f 2606//5127 2667//5127 2668//5127
f 2469//5128 2651//5128 2533//5128
f 2548//5129 2652//5129 2650//5129
f 2586//5130 2653//5130 2652//5130
f 2342//5131 2357//5131 2669//5131
f 2587//5132 2654//5132 2653//5132
f 2551//5133 2670//5133 2552//5133
f 2517//5134 2552//5134 2642//5134
f 2445//5135 2460//5135 2615//5135
f 2555//5136 2671//5136 2644//5136
f 2555//5137 2572//5137 2671//5137
f 2476//5138 2486//5138 2626//5138
f 2403//5139 2672//5139 2580//5139
f 2448//5140 2528//5140 2673//5140
f 2300//5141 2627//5141 2388//5141
f 2489//5142 2674//5142 2597//5142
f 2464//5143 2675//5143 2488//5143
f 2581//5144 2665//5144 2634//5144
f 2602//5145 2676//5145 2636//5145
f 2574//5146 2649//5146 2619//5146
f 2563//5147 2638//5147 2585//5147
f 2497//5148 2606//5148 2677//5148
f 2497//5149 2677//5149 2607//5149
f 2357//5150 2514//5150 2678//5150
f 2500//5151 2608//5151 2535//5151
f 2609//5152 2679//5152 2654//5152
f 2591//5153 2641//5153 2680//5153
f 2551//5154 2656//5154 2670//5154
f 2552//5155 2670//5155 2681//5155
f 2332//5156 2611//5156 2640//5156
f 2553//5157 2592//5157 2569//5157
f 2458//5158 2682//5158 2459//5158
f 2401//5159 2447//5159 2683//5159
f 2401//5160 2683//5160 2684//5160
f 2212//5161 2657//5161 2554//5161
f 2519//5162 2554//5162 2685//5162
f 2404//5163 2686//5163 2556//5163
f 2488//5164 2673//5164 2528//5164
f 2388//5165 2627//5165 2404//5165
f 2557//5166 2659//5166 2628//5166
f 2128//5167 2389//5167 2627//5167
f 2255//5168 2687//5168 2389//5168
f 2463//5169 2675//5169 2464//5169
f 2257//5170 2688//5170 2631//5170
f 2418//5171 2573//5171 2598//5171
f 2450//5172 2689//5172 2529//5172
f 2337//5173 2451//5173 2690//5173
f 2636//5174 2676//5174 2666//5174
f 2583//5175 2691//5175 2618//5175
f 2492//5176 2618//5176 2691//5176
f 2602//5177 2619//5177 2676//5177
f 2619//5178 2649//5178 2692//5178
f 2606//5179 2668//5179 2693//5179
f 2222//5180 2678//5180 2514//5180
f 2524//5181 2694//5181 2608//5181
f 2357//5182 2678//5182 2669//5182
f 2535//5183 2608//5183 2695//5183
f 2342//5184 2696//5184 2623//5184
f 2654//5185 2679//5185 2697//5185
f 2589//5186 2698//5186 2609//5186
f 2296//5187 2346//5187 2699//5187
f 2441//5188 2700//5188 2578//5188
f 2594//5189 2701//5189 2614//5189
f 2458//5190 2593//5190 2682//5190
f 2459//5191 2682//5191 2460//5191
f 2518//5192 2643//5192 2570//5192
f 2401//5193 2684//5193 2461//5193
f 2446//5194 2615//5194 2506//5194
f 2447//5195 2570//5195 2683//5195
f 2519//5196 2685//5196 2571//5196
f 2082//5197 2596//5197 2660//5197
f 2451//5198 2599//5198 2690//5198
f 2616//5199 2632//5199 2702//5199
f 2583//5200 2635//5200 2703//5200
f 2619//5201 2704//5201 2676//5201
f 2492//5202 2691//5202 2495//5202
f 2619//5203 2692//5203 2704//5203
f 2603//5204 2692//5204 2649//5204
f 2493//5205 2705//5205 2706//5205
f 2493//5206 2706//5206 2621//5206
f 2650//5207 2652//5207 2707//5207
f 2222//5208 2498//5208 2678//5208
f 2652//5209 2653//5209 2707//5209
f 2653//5210 2697//5210 2707//5210
f 2524//5211 2607//5211 2694//5211
f 2653//5212 2654//5212 2697//5212
f 2342//5213 2669//5213 2696//5213
f 2535//5214 2695//5214 2655//5214
f 2136//5215 2433//5215 2639//5215
f 2433//5216 2472//5216 2639//5216
f 2609//5217 2708//5217 2679//5217
f 2609//5218 2709//5218 2708//5218
f 2346//5219 2537//5219 2699//5219
f 2589//5220 2591//5220 2680//5220
f 2249//5221 2526//5221 2612//5221
f 2441//5222 2505//5222 2700//5222
f 2485//5223 2595//5223 2710//5223
f 2571//5224 2685//5224 2711//5224
f 2462//5225 2476//5225 2712//5225
f 2416//5226 2713//5226 2507//5226
f 2403//5227 2714//5227 2672//5227
f 2404//5228 2627//5228 2686//5228
f 2489//5229 2580//5229 2674//5229
f 2488//5230 2715//5230 2673//5230
f 2488//5231 2675//5231 2715//5231
f 2450//5232 2598//5232 2689//5232
f 2285//5233 2631//5233 2378//5233
f 2337//5234 2690//5234 2716//5234
f 2509//5235 2717//5235 2664//5235
f 2599//5236 2616//5236 2718//5236
f 2632//5237 2647//5237 2702//5237
f 2606//5238 2693//5238 2677//5238
f 2608//5239 2694//5239 2695//5239
f 2655//5240 2695//5240 2719//5240
f 2679//5241 2720//5241 2697//5241
f 2576//5242 2655//5242 2719//5242
f 2589//5243 2721//5243 2698//5243
f 2552//5244 2681//5244 2722//5244
f 2578//5245 2723//5245 2593//5245
f 2553//5246 2579//5246 2724//5246
f 2460//5247 2682//5247 2725//5247
f 2541//5248 2726//5248 2643//5248
f 2461//5249 2727//5249 2579//5249
f 2253//5250 2728//5250 2416//5250
f 2627//5251 2729//5251 2686//5251
f 2463//5252 2477//5252 2730//5252
f 2337//5253 2716//5253 2543//5253
f 2664//5254 2717//5254 2665//5254
f 2616//5255 2702//5255 2718//5255
f 2583//5256 2731//5256 2691//5256
f 2495//5257 2691//5257 2732//5257
f 2575//5258 2692//5258 2603//5258
f 2493//5259 2637//5259 2705//5259
f 2575//5260 2620//5260 2733//5260
f 2604//5261 2734//5261 2620//5261
f 2604//5262 2605//5262 2734//5262
f 2607//5263 2735//5263 2694//5263
f 2679//5264 2708//5264 2720//5264
f 2609//5265 2698//5265 2709//5265
f 2656//5266 2736//5266 2670//5266
f 2625//5267 2737//5267 2641//5267
f 2552//5268 2738//5268 2642//5268
f 2579//5269 2727//5269 2724//5269
f 2541//5270 2614//5270 2726//5270
f 2461//5271 2739//5271 2727//5271
f 2506//5272 2615//5272 2740//5272
f 2476//5273 2626//5273 2741//5273
f 2253//5274 2520//5274 2742//5274
f 2376//5275 2448//5275 2659//5275
f 2558//5276 2743//5276 2661//5276
f 2273//5277 2377//5277 2744//5277
f 2379//5278 2559//5278 2745//5278
f 2647//5279 2648//5279 2746//5279
f 2583//5280 2703//5280 2731//5280
f 2648//5281 2666//5281 2747//5281
f 2666//5282 2676//5282 2747//5282
f 2691//5283 2731//5283 2732//5283
f 2495//5284 2732//5284 2638//5284
f 2620//5285 2734//5285 2733//5285
f 2667//5286 2748//5286 2749//5286
f 2667//5287 2749//5287 2668//5287
f 2607//5288 2677//5288 2735//5288
f 2694//5289 2735//5289 2695//5289
f 2695//5290 2735//5290 2750//5290
f 2708//5291 2709//5291 2720//5291
f 2698//5292 2751//5292 2709//5292
f 2589//5293 2680//5293 2752//5293
f 2680//5294 2753//5294 2752//5294
f 2641//5295 2753//5295 2680//5295
f 2412//5296 2640//5296 2588//5296
f 2670//5297 2736//5297 2681//5297
f 2625//5298 2754//5298 2737//5298
f 2568//5299 2754//5299 2625//5299
f 2568//5300 2755//5300 2754//5300
f 2568//5301 2577//5301 2756//5301
f 2505//5302 2642//5302 2700//5302
f 2485//5303 2757//5303 2540//5303
f 2253//5304 2742//5304 2728//5304
f 2417//5305 2661//5305 2477//5305
f 2257//5306 2629//5306 2688//5306
f 2286//5307 2435//5307 2662//5307
f 2509//5308 2646//5308 2717//5308
f 2599//5309 2758//5309 2690//5309
f 2408//5310 2759//5310 2560//5310
f 2648//5311 2747//5311 2746//5311
f 2676//5312 2760//5312 2747//5312
f 2676//5313 2704//5313 2760//5313
f 2585//5314 2638//5314 2748//5314
f 2575//5315 2733//5315 2692//5315
f 2585//5316 2748//5316 2667//5316
f 2650//5317 2707//5317 2761//5317
f 2697//5318 2762//5318 2707//5318
f 2677//5319 2693//5319 2735//5319
f 2697//5320 2720//5320 2763//5320
f 2695//5321 2764//5321 2719//5321
f 2589//5322 2765//5322 2721//5322
f 2721//5323 2765//5323 2752//5323
f 2589//5324 2752//5324 2765//5324
f 2624//5325 2766//5325 2656//5325
f 2641//5326 2737//5326 2753//5326
f 2656//5327 2766//5327 2736//5327
f 2681//5328 2736//5328 2722//5328
f 2296//5329 2699//5329 2767//5329
f 2552//5330 2722//5330 2738//5330
f 2568//5331 2756//5331 2755//5331
f 2370//5332 2610//5332 2613//5332
f 2594//5333 2613//5333 2768//5333
f 2593//5334 2723//5334 2769//5334
f 2485//5335 2710//5335 2757//5335
f 2570//5336 2770//5336 2683//5336
f 2476//5337 2741//5337 2712//5337
f 2487//5338 2771//5338 2527//5338
f 2520//5339 2527//5339 2772//5339
f 2507//5340 2713//5340 2572//5340
f 2335//5341 2462//5341 2773//5341
f 2406//5342 2663//5342 2633//5342
f 2599//5343 2774//5343 2758//5343
f 2665//5344 2717//5344 2775//5344
f 2599//5345 2718//5345 2774//5345
f 2634//5346 2665//5346 2775//5346
f 2408//5347 2584//5347 2759//5347
f 2647//5348 2776//5348 2702//5348
f 2436//5349 2633//5349 2637//5349
f 2647//5350 2746//5350 2776//5350
f 2692//5351 2760//5351 2704//5351
f 2692//5352 2733//5352 2760//5352
f 2605//5353 2777//5353 2734//5353
f 2668//5354 2749//5354 2778//5354
f 2605//5355 2650//5355 2761//5355
f 2668//5356 2778//5356 2693//5356
f 2693//5357 2778//5357 2779//5357
f 2707//5358 2762//5358 2761//5358
f 2735//5359 2780//5359 2750//5359
f 2709//5360 2781//5360 2720//5360
f 2698//5361 2782//5361 2751//5361
f 2737//5362 2754//5362 2783//5362
f 2296//5363 2767//5363 2610//5363
f 2578//5364 2784//5364 2723//5364
f 2553//5365 2724//5365 2785//5365
f 2615//5366 2786//5366 2740//5366
f 2252//5367 2644//5367 2787//5367
f 2571//5368 2788//5368 2626//5368
f 2626//5369 2788//5369 2741//5369
f 2335//5370 2773//5370 2487//5370
f 2634//5371 2775//5371 2635//5371
f 2718//5372 2776//5372 2774//5372
f 2702//5373 2776//5373 2718//5373
f 2703//5374 2789//5374 2731//5374
f 2638//5375 2790//5375 2748//5375
f 2693//5376 2791//5376 2735//5376
f 2697//5377 2792//5377 2762//5377
f 2697//5378 2763//5378 2792//5378
f 2136//5379 2793//5379 2622//5379
f 2136//5380 2639//5380 2793//5380
f 2720//5381 2781//5381 2763//5381
f 2695//5382 2750//5382 2764//5382
f 2709//5383 2751//5383 2782//5383
f 2698//5384 2721//5384 2782//5384
f 2610//5385 2767//5385 2613//5385
f 2578//5386 2700//5386 2784//5386
f 2723//5387 2784//5387 2769//5387
f 2595//5388 2794//5388 2710//5388
f 2460//5389 2795//5389 2615//5389
f 2506//5390 2740//5390 2796//5390
f 2506//5391 2796//5391 2595//5391
f 2683//5392 2770//5392 2797//5392
f 2527//5393 2771//5393 2772//5393
f 2580//5394 2798//5394 2674//5394
f 2542//5395 2597//5395 2799//5395
f 2273//5396 2800//5396 2630//5396
f 2529//5397 2689//5397 2801//5397
f 2379//5398 2745//5398 2646//5398
f 2635//5399 2789//5399 2703//5399
f 2564//5400 2802//5400 2584//5400
f 2733//5401 2734//5401 2803//5401
f 2748//5402 2778//5402 2749//5402
f 2621//5403 2706//5403 2804//5403
f 2605//5404 2761//5404 2777//5404
f 2735//5405 2791//5405 2780//5405
f 2622//5406 2805//5406 2651//5406
f 2709//5407 2782//5407 2781//5407
f 2737//5408 2752//5408 2753//5408
f 2754//5409 2755//5409 2783//5409
f 2642//5410 2738//5410 2806//5410
f 2553//5411 2785//5411 2592//5411
f 2593//5412 2769//5412 2807//5412
f 2593//5413 2807//5413 2682//5413
f 2614//5414 2808//5414 2726//5414
f 2460//5415 2725//5415 2795//5415
f 2615//5416 2795//5416 2786//5416
f 2740//5417 2786//5417 2809//5417
f 2570//5418 2643//5418 2770//5418
f 2683//5419 2797//5419 2684//5419
f 2554//5420 2810//5420 2685//5420
f 2685//5421 2810//5421 2711//5421
f 2644//5422 2671//5422 2787//5422
f 2571//5423 2711//5423 2788//5423
f 2520//5424 2772//5424 2742//5424
f 2416//5425 2728//5425 2713//5425
f 2167//5426 2556//5426 2403//5426
f 2255//5427 2811//5427 2687//5427
f 2377//5428 2508//5428 2812//5428
f 2529//5429 2801//5429 2663//5429
f 2646//5430 2775//5430 2717//5430
f 2635//5431 2775//5431 2813//5431
f 2635//5432 2813//5432 2789//5432
f 2746//5433 2747//5433 2776//5433
f 2747//5434 2760//5434 2814//5434
f 2760//5435 2815//5435 2814//5435
f 2733//5436 2815//5436 2760//5436
f 2638//5437 2732//5437 2790//5437
f 2733//5438 2803//5438 2815//5438
f 2748//5439 2790//5439 2778//5439
f 2693//5440 2779//5440 2816//5440
f 2693//5441 2816//5441 2791//5441
f 2750//5442 2817//5442 2764//5442
f 2721//5443 2752//5443 2818//5443
f 2722//5444 2736//5444 2819//5444
f 2613//5445 2767//5445 2768//5445
f 2769//5446 2784//5446 2807//5446
f 2771//5447 2820//5447 2821//5447
f 2771//5448 2821//5448 2772//5448
f 2487//5449 2820//5449 2771//5449
f 2463//5450 2730//5450 2675//5450
f 2273//5451 2744//5451 2800//5451
f 2508//5452 2662//5452 2822//5452
f 2598//5453 2823//5453 2689//5453
f 2435//5454 2560//5454 2824//5454
f 2560//5455 2759//5455 2824//5455
f 2646//5456 2825//5456 2775//5456
f 2584//5457 2802//5457 2759//5457
f 2774//5458 2776//5458 2826//5458
f 2747//5459 2814//5459 2776//5459
f 2498//5460 2621//5460 2804//5460
f 2737//5461 2818//5461 2752//5461
f 2588//5462 2640//5462 2611//5462
f 2738//5463 2827//5463 2806//5463
f 2642//5464 2806//5464 2700//5464
f 2580//5465 2672//5465 2798//5465
f 2628//5466 2659//5466 2828//5466
f 2558//5467 2829//5467 2743//5467
f 2662//5468 2830//5468 2822//5468
f 2378//5469 2631//5469 2645//5469
f 2559//5470 2645//5470 2745//5470
f 2775//5471 2825//5471 2831//5471
f 2775//5472 2789//5472 2813//5472
f 2731//5473 2789//5473 2832//5473
f 2732//5474 2833//5474 2790//5474
f 2803//5475 2834//5475 2815//5475
f 2778//5476 2790//5476 2833//5476
f 2734//5477 2834//5477 2803//5477
f 2734//5478 2777//5478 2834//5478
f 2761//5479 2762//5479 2792//5479
f 2750//5480 2780//5480 2817//5480
f 2576//5481 2719//5481 2835//5481
f 2576//5482 2835//5482 2624//5482
f 2766//5483 2835//5483 2819//5483
f 2736//5484 2766//5484 2819//5484
f 2755//5485 2836//5485 2783//5485
f 2722//5486 2827//5486 2738//5486
f 2595//5487 2796//5487 2794//5487
f 1973//5488 2658//5488 2657//5488
f 2252//5489 2787//5489 2837//5489
f 2487//5490 2838//5490 2820//5490
f 2686//5491 2729//5491 2839//5491
f 2627//5492 2839//5492 2729//5492
f 2573//5493 2630//5493 2840//5493
f 2405//5494 2829//5494 2558//5494
f 2435//5495 2824//5495 2662//5495
f 2776//5496 2841//5496 2826//5496
f 2776//5497 2814//5497 2841//5497
f 2731//5498 2833//5498 2732//5498
f 2777//5499 2842//5499 2834//5499
f 2761//5500 2842//5500 2777//5500
f 2761//5501 2843//5501 2842//5501
f 2763//5502 2844//5502 2792//5502
f 2737//5503 2845//5503 2818//5503
f 2737//2606 2783//2606 2845//2606
f 2722//5504 2819//5504 2827//5504
f 2755//5505 2756//5505 2836//5505
f 2700//5506 2806//5506 2846//5506
f 2724//5507 2727//5507 2785//5507
f 2682//5508 2807//5508 2847//5508
f 2726//5509 2808//5509 2848//5509
f 2461//5510 2684//5510 2849//5510
f 2740//5511 2850//5511 2796//5511
f 2740//5512 2809//5512 2850//5512
f 2572//5513 2713//5513 2851//5513
f 2673//5514 2715//5514 2852//5514
f 2255//5515 2660//5515 2811//5515
f 2675//5516 2852//5516 2715//5516
f 2542//5517 2853//5517 2629//5517
f 2377//5518 2812//5518 2744//5518
f 2508//5519 2822//5519 2854//5519
f 2573//5520 2855//5520 2598//5520
f 2405//5521 2543//5521 2829//5521
f 2775//5522 2831//5522 2856//5522
f 2758//5523 2774//5523 2826//5523
f 2775//5524 2856//5524 2789//5524
f 2814//5525 2815//5525 2857//5525
f 2778//5526 2833//5526 2779//5526
f 2780//5527 2791//5527 2816//5527
f 2763//5528 2781//5528 2858//5528
f 2781//5529 2782//5529 2858//5529
f 2719//5530 2764//5530 2835//5530
f 2721//5531 2859//5531 2782//5531
f 2537//5532 2860//5532 2699//5532
f 2721//5533 2818//5533 2859//5533
f 2624//5534 2835//5534 2766//5534
f 2588//5535 2611//5535 2861//5535
f 2783//5536 2836//5536 2845//5536
f 2577//5537 2592//5537 2862//5537
f 2592//5538 2785//5538 2863//5538
f 2643//5539 2726//5539 2864//5539
f 2461//5540 2865//5540 2739//5540
f 2643//5541 2866//5541 2770//5541
f 2643//5542 2867//5542 2866//5542
f 2487//5543 2868//5543 2838//5543
f 2742//5544 2772//5544 2869//5544
f 2672//5545 2714//5545 2798//5545
f 2508//5546 2854//5546 2812//5546
f 2543//5547 2870//5547 2829//5547
f 2758//5548 2826//5548 2871//5548
f 2789//5549 2856//5549 2832//5549
f 2731//5550 2832//5550 2833//5550
f 2815//5551 2834//5551 2857//5551
f 2779//5552 2872//5552 2816//5552
f 2761//5553 2873//5553 2843//5553
f 2669//5554 2874//5554 2696//5554
f 2782//5555 2859//5555 2858//5555
f 2756//5556 2875//5556 2836//5556
f 2819//5557 2876//5557 2827//5557
f 2806//5558 2827//5558 2876//5558
f 2592//5559 2863//5559 2862//5559
f 2700//5560 2846//5560 2877//5560
f 2526//5561 2540//5561 2878//5561
f 2700//5562 2879//5562 2784//5562
f 2727//5563 2880//5563 2785//5563
f 2710//5564 2881//5564 2757//5564
f 2461//5565 2849//5565 2865//5565
f 2770//5566 2866//5566 2797//5566
f 2671//5567 2882//5567 2787//5567
f 2820//5568 2883//5568 2821//5568
f 2820//5569 2838//5569 2883//5569
f 2448//5570 2884//5570 2659//5570
f 2597//5571 2674//5571 2885//5571
f 2477//5572 2886//5572 2730//5572
f 2629//5573 2853//5573 2688//5573
f 2661//5574 2743//5574 2887//5574
f 2744//5575 2888//5575 2800//5575
f 2598//5576 2855//5576 2823//5576
f 2690//5577 2758//5577 2889//5577
f 2633//5578 2663//5578 2890//5578
f 2758//5579 2871//5579 2891//5579
f 2761//5580 2792//5580 2873//5580
f 2780//5581 2892//5581 2893//5581
f 2669//5582 2678//5582 2874//5582
f 2764//5583 2817//5583 2894//5583
f 2818//5584 2845//5584 2859//5584
f 2806//5585 2876//5585 2846//5585
f 2594//5586 2768//5586 2701//5586
f 2614//5587 2701//5587 2808//5587
f 2710//5588 2794//5588 2881//5588
f 2643//5589 2864//5589 2867//5589
f 2684//5590 2797//5590 2895//5590
f 2821//5591 2883//5591 2896//5591
f 2448//5592 2898//5592 2897//5592
f 2448//5593 2673//5593 2898//5593
f 2674//5594 2798//5594 2885//5594
f 2675//5595 2899//5595 2852//5595
f 2597//5596 2885//5596 2799//5596
f 2477//5597 2661//5597 2886//5597
f 2744//5598 2812//5598 2900//5598
f 2744//5599 2900//5599 2888//5599
f 2800//5600 2888//5600 2901//5600
f 2800//5601 2901//5601 2902//5601
f 2630//5602 2800//5602 2840//5602
f 2901//5603 2904//5603 2903//5603
f 2826//5604 2841//5604 2871//5604
f 2814//5605 2857//5605 2841//5605
f 2857//5606 2906//5606 2905//5606
f 2834//5607 2906//5607 2857//5607
f 2834//5608 2842//5608 2906//5608
f 2779//5609 2833//5609 2872//5609
f 2842//5610 2843//5610 2907//5610
f 2816//5611 2872//5611 2892//5611
f 2780//5612 2816//5612 2892//5612
f 2498//5613 2804//5613 2678//5613
f 2763//5614 2858//5614 2844//5614
f 2764//5615 2894//5615 2835//5615
f 2699//5616 2860//5616 2767//5616
f 2846//5617 2876//5617 2908//5617
f 2577//5618 2862//5618 2756//5618
f 2846//5619 2908//5619 2877//5619
f 2540//5620 2757//5620 2909//5620
f 2784//5621 2847//5621 2807//5621
f 2910//5622 2911//5622 2912//5622
f 2911//5623 2913//5623 2912//5623
f 2911//5624 2914//5624 2913//5624
f 2913//5625 2914//5625 2915//5625
f 2913//5626 2915//5626 2916//5626
f 2711//5627 2810//5627 2917//5627
f 2711//5628 2917//5628 2788//5628
f 2572//5629 2882//5629 2671//5629
f 2741//5630 2788//5630 2918//5630
f 2556//5631 2686//5631 2919//5631
f 2661//5632 2920//5632 2886//5632
f 2542//5633 2799//5633 2853//5633
f 2901//5634 2921//5634 2902//5634
f 2888//5635 2922//5635 2901//5635
f 2888//5636 2900//5636 2922//5636
f 2901//5637 2903//5637 2921//5637
f 2543//5638 2716//5638 2889//5638
f 2690//5639 2889//5639 2716//5639
f 2901//5640 2922//5640 2904//5640
f 2758//5641 2891//5641 2889//5641
f 2871//5642 2923//5642 2891//5642
f 2871//5643 2924//5643 2923//5643
f 2904//5644 2922//5644 2925//5644
f 2841//5645 2905//5645 2871//5645
f 2903//5646 2904//5646 2926//5646
f 2904//5647 2925//5647 2926//5647
f 2564//5648 2927//5648 2802//5648
f 2533//5649 2651//5649 2927//5649
f 2925//5650 2928//5650 2926//5650
f 2926//5651 2928//5651 2929//5651
f 2925//5652 2930//5652 2928//5652
f 2819//5653 2835//5653 2894//5653
f 2819//5654 2894//5654 2931//5654
f 2819//5655 2931//5655 2876//5655
f 2756//5656 2862//5656 2932//5656
f 2526//5657 2878//5657 2612//5657
f 2701//5658 2933//5658 2808//5658
f 2911//5659 2934//5659 2914//5659
f 2726//5660 2848//5660 2864//5660
f 2910//5661 2912//5661 2935//5661
f 2786//5662 2795//5662 2936//5662
f 2809//5663 2937//5663 2850//5663
f 2914//5664 2938//5664 2915//5664
f 2915//5665 2939//5665 2916//5665
f 2913//5666 2916//5666 2940//5666
f 2916//5667 2941//5667 2940//5667
f 2939//5668 2942//5668 2943//5668
f 2942//5669 2944//5669 2943//5669
f 2940//5670 2941//5670 2945//5670
f 2916//5671 2939//5671 2943//5671
f 2943//5672 2944//5672 2946//5672
f 2916//5673 2943//5673 2941//5673
f 2941//5674 2943//5674 2947//5674
f 2941//5675 2948//5675 2945//5675
f 2943//5676 2946//5676 2949//5676
f 2941//5677 2947//5677 2948//5677
f 2943//5678 2949//5678 2947//5678
f 2947//5679 2950//5679 2948//5679
f 2947//5680 2949//5680 2950//5680
f 2403//5681 2556//5681 2919//5681
f 2448//5682 2897//5682 2884//5682
f 2800//5683 2902//5683 2921//5683
f 2903//5684 2951//5684 2921//5684
f 2831//5685 2952//5685 2856//5685
f 2903//5686 2953//5686 2951//5686
f 2841//5687 2857//5687 2905//5687
f 2903//5688 2926//5688 2953//5688
f 2705//5689 2804//5689 2706//5689
f 2926//5690 2929//5690 2953//5690
f 2651//5691 2805//5691 2927//5691
f 2792//5692 2844//5692 2954//5692
f 2844//5693 2858//5693 2859//5693
f 2845//5694 2955//5694 2859//5694
f 2836//5695 2955//5695 2845//5695
f 2836//5696 2956//5696 2955//5696
f 2836//5697 2875//5697 2956//5697
f 2756//5698 2956//5698 2875//5698
f 2928//5699 2930//5699 2934//5699
f 2910//5700 2929//5700 2928//5700
f 2910//5701 2928//5701 2957//5701
f 2928//5702 2934//5702 2957//5702
f 2910//5703 2957//5703 2911//5703
f 2757//5704 2881//5704 2958//5704
f 2911//5705 2957//5705 2934//5705
f 2808//5706 2959//5706 2848//5706
f 2794//5707 2960//5707 2881//5707
f 2914//5708 2934//5708 2961//5708
f 2910//5709 2935//5709 2962//5709
f 2914//5710 2961//5710 2938//5710
f 2725//5711 2936//5711 2795//5711
f 2794//5712 2796//5712 2963//5712
f 2912//5713 2913//5713 2935//5713
f 2796//5714 2850//5714 2963//5714
f 2786//5715 2964//5715 2809//5715
f 2809//5716 2964//5716 2965//5716
f 2913//5717 2940//5717 2935//5717
f 2915//5718 2938//5718 2939//5718
f 2942//5719 2966//5719 2944//5719
f 2940//5720 2945//5720 2967//5720
f 2944//5721 2968//5721 2969//5721
f 2944//5722 2969//5722 2946//5722
f 2945//5723 2948//5723 2970//5723
f 2946//5724 2969//5724 2971//5724
f 2946//5725 2971//5725 2972//5725
f 2948//5726 2973//5726 2970//5726
f 2946//5727 2972//5727 2949//5727
f 2949//5728 2972//5728 2974//5728
f 2948//5729 2975//5729 2973//5729
f 2973//5730 2975//5730 2976//5730
f 2972//5731 2977//5731 2974//5731
f 2948//5732 2950//5732 2975//5732
f 2949//5733 2978//5733 2950//5733
f 2949//5734 2974//5734 2978//5734
f 2950//5735 2979//5735 2975//5735
f 2950//5736 2978//5736 2979//5736
f 2978//5737 2980//5737 2979//5737
f 2883//5738 2981//5738 2896//5738
f 2838//5739 2981//5739 2883//5739
f 2673//5740 2852//5740 2898//5740
f 2627//5741 2982//5741 2839//5741
f 2812//5742 2983//5742 2900//5742
f 2900//5743 2983//5743 2922//5743
f 2689//5744 2823//5744 2801//5744
f 2543//5745 2889//5745 2870//5745
f 2871//5746 2905//5746 2924//5746
f 2833//5747 2892//5747 2872//5747
f 2705//5748 2984//5748 2804//5748
f 2842//5749 2907//5749 2985//5749
f 2780//5750 2893//5750 2817//5750
f 2756//5751 2932//5751 2956//5751
f 2876//5752 2931//5752 2908//5752
f 2930//5753 2986//5753 2934//5753
f 2785//5754 2880//5754 2863//5754
f 2757//5755 2958//5755 2909//5755
f 2808//5756 2933//5756 2959//5756
f 2934//5757 2987//5757 2961//5757
f 2727//5758 2739//5758 2865//5758
f 2794//5759 2963//5759 2960//5759
f 2786//5760 2936//5760 2964//5760
f 2684//5761 2895//5761 2849//5761
f 2850//5762 2937//5762 2963//5762
f 2809//5763 2965//5763 2937//5763
f 2797//5764 2988//5764 2895//5764
f 2797//5765 2866//5765 2988//5765
f 2938//5766 2989//5766 2939//5766
f 2939//5767 2989//5767 2942//5767
f 2935//5768 2940//5768 2990//5768
f 2942//5769 2989//5769 2991//5769
f 2940//5770 2967//5770 2990//5770
f 2942//5771 2991//5771 2966//5771
f 2967//5772 2992//5772 2990//5772
f 2944//5773 2966//5773 2968//5773
f 2967//5774 2993//5774 2992//5774
f 2966//5775 2994//5775 2968//5775
f 2945//5776 2993//5776 2967//5776
f 2945//5777 2970//5777 2993//5777
f 2968//5778 2995//5778 2969//5778
f 2970//5779 2996//5779 2993//5779
f 2970//5780 2997//5780 2996//5780
f 2969//5781 2998//5781 2971//5781
f 2970//5782 2999//5782 2997//5782
f 2971//5783 3000//5783 2972//5783
f 2970//5784 2973//5784 2999//5784
f 2973//5785 3001//5785 2999//5785
f 2973//5786 2976//5786 3001//5786
f 2972//5787 3002//5787 2977//5787
f 2974//5788 2977//5788 3003//5788
f 2974//5789 3004//5789 2978//5789
f 2979//5790 3005//5790 3006//5790
f 2979//5791 2980//5791 3005//5791
f 2980//5792 3007//5792 3005//5792
f 3005//5793 3007//5793 3008//5793
f 2980//5794 3009//5794 3007//5794
f 2712//5795 2741//5795 2918//5795
f 2772//5796 3010//5796 2869//5796
f 2675//5797 2730//5797 2899//5797
f 2661//5798 3011//5798 2920//5798
f 2661//5799 2887//5799 3011//5799
f 2822//5800 2830//5800 3012//5800
f 2822//5801 3012//5801 2854//5801
f 2823//5802 2855//5802 3013//5802
f 2921//5803 2951//5803 2953//5803
f 2663//5804 2801//5804 2890//5804
f 2646//5805 3014//5805 2825//5805
f 2825//5806 3014//5806 2831//5806
f 2633//5807 3015//5807 2637//5807
f 2833//5808 3016//5808 2892//5808
f 2842//5809 2985//5809 2906//5809
f 2792//5810 2954//5810 2873//5810
f 2622//5811 2793//5811 2805//5811
f 2623//5812 2696//5812 2874//5812
f 2925//5813 3017//5813 2930//5813
f 2537//5814 2623//5814 3018//5814
f 2537//5815 3018//5815 2860//5815
f 2817//5816 3019//5816 2894//5816
f 2859//5817 2955//5817 3020//5817
f 2894//5818 3019//5818 2931//5818
f 2908//5819 2931//5819 3021//5819
f 2932//5820 3023//5820 3022//5820
f 2862//5821 3023//5821 2932//5821
f 2700//5822 3024//5822 2879//5822
f 2910//5823 2962//5823 2929//5823
f 2881//5824 3025//5824 2958//5824
f 2934//5825 2986//5825 2987//5825
f 2881//5826 3026//5826 3025//5826
f 2682//5827 2847//5827 2725//5827
f 2881//5828 2960//5828 3026//5828
f 2961//5829 2987//5829 3027//5829
f 2935//5830 3028//5830 2962//5830
f 2938//5831 2961//5831 3029//5831
f 2937//5832 3030//5832 2963//5832
f 2935//5833 3032//5833 3031//5833
f 2849//5834 2895//5834 3033//5834
f 2938//5835 3029//5835 3034//5835
f 2895//5836 2988//5836 3033//5836
f 2938//5837 3034//5837 2989//5837
f 2866//5838 3035//5838 2988//5838
f 2935//5839 3036//5839 3032//5839
f 2989//5840 3034//5840 3037//5840
f 2935//5841 2990//5841 3036//5841
f 2990//5842 3038//5842 3036//5842
f 2989//5843 3037//5843 2991//5843
f 2991//5844 3037//5844 3039//5844
f 2991//5845 3039//5845 3040//5845
f 2966//5846 2991//5846 3040//5846
f 2990//5847 2992//5847 3041//5847
f 2966//5848 3040//5848 3042//5848
f 2966//5849 3042//5849 2994//5849
f 2992//5850 2993//5850 3043//5850
f 2968//5851 2994//5851 3044//5851
f 2968//5852 3044//5852 2995//5852
f 2969//5853 2995//5853 2998//5853
f 2996//5854 2997//5854 3045//5854
f 2996//5855 3045//5855 3046//5855
f 2997//5856 3047//5856 3045//5856
f 2971//5857 2998//5857 3048//5857
f 2997//5858 3049//5858 3047//5858
f 2997//5859 2999//5859 3049//5859
f 2971//5860 3048//5860 3000//5860
f 2999//5861 3050//5861 3051//5861
f 2999//5862 3001//5862 3052//5862
f 2976//5863 3053//5863 3001//5863
f 2977//5864 3002//5864 3003//5864
f 2976//5865 3055//5865 3054//5865
f 2974//5866 3003//5866 3056//5866
f 2975//5867 3055//5867 2976//5867
f 2975//5868 3057//5868 3055//5868
f 2974//5869 3056//5869 3004//5869
f 2975//5870 3058//5870 3057//5870
f 2975//5871 2979//5871 3058//5871
f 2979//5872 3059//5872 3058//5872
f 2978//5873 3004//5873 3060//5873
f 2979//5874 3061//5874 3059//5874
f 2979//5875 3006//5875 3061//5875
f 2978//5876 3060//5876 3062//5876
f 3005//5877 3063//5877 3006//5877
f 3006//5878 3063//5878 3064//5878
f 3005//5879 3065//5879 3063//5879
f 2978//5880 3066//5880 2980//5880
f 2980//5881 3066//5881 3067//5881
f 3005//5882 3008//5882 3065//5882
f 2980//5883 3067//5883 3009//5883
f 3007//5884 3068//5884 3008//5884
f 3007//5885 3009//5885 3069//5885
f 3007//5886 3070//5886 3068//5886
f 3007//5887 3069//5887 3071//5887
f 3007//5888 3071//5888 3070//5888
f 3069//5889 3072//5889 3071//5889
f 3070//5890 3071//5890 3072//5890
f 2838//5891 2868//5891 2981//5891
f 2487//5892 3073//5892 2868//5892
f 2800//5893 2921//5893 3074//5893
f 2800//5894 3074//5894 2840//5894
f 2922//5895 2983//5895 3017//5895
f 2646//5896 2745//5896 3014//5896
f 2633//5897 2890//5897 3015//5897
f 2923//5898 2924//5898 3075//5898
f 2922//5899 3017//5899 2925//5899
f 2832//5900 3016//5900 2833//5900
f 2932//5901 3022//5901 2956//5901
f 2700//5902 2877//5902 3076//5902
f 2863//5903 2880//5903 3077//5903
f 2784//5904 3078//5904 2847//5904
f 2848//5905 3079//5905 2864//5905
f 2849//5906 3080//5906 2865//5906
f 2961//5907 3027//5907 3029//5907
f 2935//5908 3031//5908 3028//5908
f 2964//5909 3081//5909 2965//5909
f 2965//5910 3081//5910 3082//5910
f 2937//5911 2965//5911 3082//5911
f 2937//5912 3082//5912 3030//5912
f 2866//5913 2867//5913 3035//5913
f 2990//5914 3083//5914 3038//5914
f 2990//5915 3041//5915 3083//5915
f 2992//5916 3043//5916 3084//5916
f 2993//5917 3085//5917 3043//5917
f 2993//5918 2996//5918 3086//5918
f 3047//5919 3049//5919 3087//5919
f 2999//5920 3051//5920 3049//5920
f 3000//5921 3048//5921 3088//5921
f 2972//5922 3089//5922 3002//5922
f 2999//5923 3052//5923 3050//5923
f 3001//5924 3090//5924 3052//5924
f 3001//5925 3053//5925 3090//5925
f 2976//5926 3054//5926 3053//5926
f 3006//5927 3064//5927 3061//5927
f 2978//5928 3062//5928 3066//5928
f 3070//5929 3072//5929 3091//5929
f 2821//5930 2896//5930 3092//5930
f 2772//5931 2821//5931 3092//5931
f 2487//5932 2773//5932 3073//5932
f 2798//5933 3093//5933 2885//5933
f 2799//5934 3094//5934 2853//5934
f 2812//5935 3095//5935 2983//5935
f 2921//5936 2953//5936 3074//5936
f 2631//5937 2688//5937 3096//5937
f 2831//5938 3014//5938 2952//5938
f 2891//5939 2923//5939 3075//5939
f 2832//5940 2856//5940 2952//5940
f 2905//5941 3097//5941 2924//5941
f 2905//5942 2906//5942 3097//5942
f 2843//5943 3098//5943 2907//5943
f 2873//5944 2954//5944 3099//5944
f 2844//5945 2859//5945 3100//5945
f 2859//5946 3101//5946 3100//5946
f 2588//5947 2861//5947 2639//5947
f 2955//5948 2956//5948 3102//5948
f 2956//5949 3103//5949 3102//5949
f 2931//5950 3104//5950 3021//5950
f 2767//5951 2860//5951 3105//5951
f 2956//5952 3022//5952 3103//5952
f 2767//5953 3105//5953 2768//5953
f 2877//5954 2908//5954 3021//5954
f 2611//5955 2612//5955 3106//5955
f 2862//5956 3107//5956 3023//5956
f 2784//5957 2879//5957 3024//5957
f 3025//5958 3026//5958 3108//5958
f 2725//5959 2847//5959 3078//5959
f 2962//5960 3028//5960 3109//5960
f 2960//5961 3110//5961 3026//5961
f 2936//5962 3111//5962 2964//5962
f 2963//5963 3030//5963 3112//5963
f 2964//5964 3111//5964 3081//5964
f 2988//5965 3113//5965 3033//5965
f 2988//5966 3035//5966 3113//5966
f 3032//5967 3036//5967 3114//5967
f 3036//5968 3038//5968 3114//5968
f 3034//5969 3115//5969 3037//5969
f 3038//5970 3083//5970 3114//5970
f 3037//5971 3116//5971 3039//5971
f 3039//5972 3116//5972 3040//5972
f 2992//5973 3117//5973 3041//5973
f 2992//5974 3084//5974 3117//5974
f 2994//5975 3042//5975 3118//5975
f 2994//5976 3118//5976 3044//5976
f 2995//5977 3044//5977 3119//5977
f 2996//5978 3046//5978 3086//5978
f 2995//5979 3119//5979 3120//5979
f 2995//5980 3120//5980 2998//5980
f 2998//5981 3088//5981 3048//5981
f 2972//5982 3000//5982 3088//5982
f 3050//5983 3121//5983 3051//5983
f 2972//5984 3088//5984 3089//5984
f 3002//5985 3089//5985 3122//5985
f 3053//5986 3123//5986 3090//5986
f 3002//5987 3122//5987 3124//5987
f 3002//5988 3124//5988 3003//5988
f 3003//5989 3124//5989 3056//5989
f 3055//5990 3057//5990 3125//5990
f 3004//5991 3126//5991 3060//5991
f 3060//5992 3126//5992 3062//5992
f 3059//5993 3061//5993 3127//5993
f 3008//5994 3128//5994 3065//5994
f 3009//5995 3067//5995 3129//5995
f 3008//5996 3068//5996 3128//5996
f 3068//5997 3130//5997 3128//5997
f 3009//5998 3129//5998 3069//5998
f 3069//5999 3129//5999 3091//5999
f 3068//6000 3070//6000 3130//6000
f 3069//6001 3091//6001 3072//6001
f 3070//6002 3091//6002 3130//6002
f 2787//6003 2882//6003 2837//6003
f 2852//6004 3131//6004 2898//6004
f 2983//6005 3095//6005 3132//6005
f 2812//6006 2854//6006 3095//6006
f 2983//6007 3132//6007 3017//6007
f 2891//6008 3075//6008 3133//6008
f 2924//6009 3134//6009 3075//6009
f 2924//6010 3097//6010 3134//6010
f 2906//6011 2985//6011 3135//6011
f 2929//6012 3136//6012 2953//6012
f 2817//6013 2893//6013 3137//6013
f 2955//6014 3138//6014 3020//6014
f 2955//6015 3102//6015 3138//6015
f 3022//6016 3023//6016 3103//6016
f 2929//6017 2962//6017 3139//6017
f 2962//6018 3109//6018 3139//6018
f 2701//6019 3140//6019 2933//6019
f 2986//6020 3141//6020 2987//6020
f 2958//6021 3025//6021 3108//6021
f 2727//6022 2865//6022 3142//6022
f 3028//6023 3143//6023 3109//6023
f 2987//6024 3141//6024 3027//6024
f 2848//6025 2959//6025 3079//6025
f 2960//6026 2963//6026 3110//6026
f 2725//6027 3144//6027 2936//6027
f 2936//6028 3144//6028 3111//6028
f 2963//6029 3112//6029 3110//6029
f 3028//6030 3031//6030 3143//6030
f 3027//6031 3145//6031 3029//6031
f 2864//6032 3146//6032 2867//6032
f 3031//6033 3114//6033 3143//6033
f 3031//6034 3032//6034 3114//6034
f 3030//6035 3147//6035 3112//6035
f 3029//6036 3145//6036 3034//6036
f 2867//6037 3146//6037 3035//6037
f 3035//6038 3146//6038 3148//6038
f 3030//6039 3082//6039 3147//6039
f 3035//6040 3148//6040 3113//6040
f 3034//6041 3145//6041 3115//6041
f 3037//6042 3115//6042 3116//6042
f 3040//6043 3149//6043 3150//6043
f 3041//6044 3117//6044 3151//6044
f 3040//6045 3150//6045 3042//6045
f 3084//6046 3151//6046 3117//6046
f 3042//6047 3150//6047 3118//6047
f 3084//6048 3085//6048 3151//6048
f 3043//6049 3085//6049 3084//6049
f 3044//6050 3118//6050 3152//6050
f 3118//6051 3150//6051 3152//6051
f 3044//6052 3152//6052 3119//6052
f 2993//6053 3086//6053 3085//6053
f 3045//6054 3086//6054 3046//6054
f 3045//6055 3121//6055 3086//6055
f 2998//6056 3120//6056 3153//6056
f 3045//6057 3087//6057 3121//6057
f 3045//6058 3047//6058 3087//6058
f 2998//6059 3153//6059 3088//6059
f 3049//6060 3121//6060 3087//6060
f 3049//6061 3051//6061 3121//6061
f 3088//6062 3153//6062 3089//6062
f 3050//6063 3052//6063 3121//6063
f 3089//6064 3153//6064 3122//6064
f 3052//6065 3090//6065 3123//6065
f 3053//6066 3054//6066 3123//6066
f 3056//6067 3124//6067 3126//6067
f 3054//6068 3055//6068 3125//6068
f 3004//6069 3056//6069 3126//6069
f 3057//6070 3058//6070 3125//6070
f 3058//6071 3059//6071 3127//6071
f 3061//6072 3064//6072 3127//6072
f 3062//6073 3126//6073 3066//6073
f 3063//6074 3154//6074 3064//6074
f 3063//6075 3065//6075 3154//6075
f 3066//6076 3129//6076 3067//6076
f 3065//6077 3128//6077 3154//6077
f 3091//6078 3129//6078 3130//6078
f 2554//6079 2657//6079 3155//6079
f 2252//6080 2837//6080 3156//6080
f 2218//6081 2252//6081 3156//6081
f 2730//6082 3157//6082 2899//6082
f 2730//6083 2886//6083 3157//6083
f 2688//6084 2853//6084 3094//6084
f 2631//6085 3158//6085 2645//6085
f 2645//6086 3158//6086 2745//6086
f 2952//6087 3014//6087 3159//6087
f 2906//6088 3160//6088 3097//6088
f 2907//6089 3098//6089 2985//6089
f 2843//6090 2873//6090 3099//6090
f 2892//6091 3161//6091 2893//6091
f 2931//6092 3019//6092 3104//6092
f 2930//6093 3017//6093 3136//6093
f 3023//6094 3162//6094 3103//6094
f 2930//6095 3136//6095 2986//6095
f 3109//6096 3163//6096 3139//6096
f 2986//6097 3136//6097 3163//6097
f 2986//6098 3163//6098 3141//6098
f 3026//6099 3110//6099 3108//6099
f 2933//6100 3079//6100 2959//6100
f 3109//6101 3143//6101 3164//6101
f 3027//6102 3141//6102 3165//6102
f 3027//6103 3165//6103 3145//6103
f 2864//6104 3166//6104 3146//6104
f 2849//6105 3033//6105 3080//6105
f 3081//6106 3167//6106 3082//6106
f 3082//6107 3167//6107 3147//6107
f 3114//6108 3168//6108 3143//6108
f 3114//6109 3169//6109 3168//6109
f 3083//6110 3169//6110 3114//6110
f 3115//6111 3149//6111 3116//6111
f 3041//6112 3169//6112 3083//6112
f 3041//6113 3151//6113 3169//6113
f 3040//6114 3116//6114 3149//6114
f 3085//6115 3086//6115 3170//6115
f 3119//6116 3152//6116 3120//6116
f 3120//6117 3171//6117 3153//6117
f 3052//6118 3123//6118 3121//6118
f 3122//6119 3153//6119 3171//6119
f 3122//6120 3171//6120 3124//6120
f 3123//6121 3125//6121 3172//6121
f 3054//6122 3125//6122 3123//6122
f 3124//6123 3171//6123 3126//6123
f 3058//6124 3172//6124 3125//6124
f 3058//6125 3127//6125 3172//6125
f 3127//6126 3173//6126 3172//6126
f 3127//6127 3154//6127 3173//6127
f 3126//6128 3173//6128 3154//6128
f 3064//6129 3154//6129 3127//6129
f 3066//6130 3126//6130 3129//6130
f 3126//6131 3154//6131 3129//6131
f 3128//6132 3129//6132 3154//6132
f 3128//6133 3130//6133 3129//6133
f 2554//6134 3155//6134 2810//6134
f 2788//6135 2917//6135 3174//6135
f 2728//6136 2742//6136 3175//6136
f 2659//6137 2884//6137 3176//6137
f 2596//6138 2628//6138 3177//6138
f 2852//6139 2899//6139 3131//6139
f 2799//6140 2885//6140 3178//6140
f 2688//6141 3179//6141 3096//6141
f 2953//6142 3132//6142 3074//6142
f 3075//6143 3180//6143 3133//6143
f 2953//6144 3136//6144 3132//6144
f 2906//6145 3135//6145 3160//6145
f 2892//6146 3016//6146 3181//6146
f 2843//6147 3099//6147 3098//6147
f 3017//6148 3132//6148 3136//6148
f 2929//6149 3139//6149 3136//6149
f 3136//6150 3139//6150 3163//6150
f 2540//6151 3182//6151 2878//6151
f 2727//6152 3077//6152 2880//6152
f 3109//6153 3183//6153 3163//6153
f 2909//6154 2958//6154 3108//6154
f 3109//6155 3164//6155 3183//6155
f 3141//6156 3163//6156 3165//6156
f 3143//6157 3183//6157 3164//6157
f 2725//6158 3078//6158 3184//6158
f 3143//6159 3185//6159 3183//6159
f 3081//6160 3111//6160 3186//6160
f 3081//6161 3186//6161 3167//6161
f 3143//6162 3168//6162 3185//6162
f 3115//6163 3145//6163 3149//6163
f 3145//6164 3187//6164 3188//6164
f 3187//6165 3189//6165 3188//6165
f 3168//6166 3190//6166 3189//6166
f 3145//6167 3191//6167 3149//6167
f 3188//6168 3189//6168 3190//6168
f 3145//6169 3188//6169 3191//6169
f 3188//6170 3190//6170 3191//6170
f 3168//6171 3192//6171 3190//6171
f 3168//6172 3169//6172 3192//6172
f 3085//6173 3169//6173 3151//6173
f 3085//6174 3192//6174 3169//6174
f 3150//6175 3193//6175 3152//6175
f 3149//6176 3193//6176 3150//6176
f 3085//6177 3170//6177 3192//6177
f 3086//6178 3194//6178 3170//6178
f 3120//6179 3152//6179 3171//6179
f 3152//6180 3193//6180 3171//6180
f 3086//6181 3121//6181 3194//6181
f 3121//6182 3123//6182 3194//6182
f 3123//6183 3172//6183 3194//6183
f 3173//6184 3196//6184 3195//6184
f 3126//6185 3171//6185 3196//6185
f 3173//6186 3195//6186 3197//6186
f 3172//6187 3173//6187 3197//6187
f 3126//6188 3196//6188 3173//6188
f 2572//6189 2851//6189 2882//6189
f 2772//6190 3092//6190 3010//6190
f 2686//6191 2839//6191 3198//6191
f 2659//6192 3176//6192 2828//6192
f 2839//6193 2982//6193 3198//6193
f 2627//6194 3199//6194 2982//6194
f 2628//6195 2828//6195 3177//6195
f 3074//6196 3132//6196 3095//6196
f 2662//6197 3201//6197 3200//6197
f 2662//6198 2824//6198 3201//6198
f 3075//6199 3134//6199 3180//6199
f 2637//6200 3015//6200 3202//6200
f 2985//6201 3098//6201 3135//6201
f 2804//6202 2984//6202 3203//6202
f 2678//6203 3204//6203 2874//6203
f 2844//6204 3100//6204 2954//6204
f 2859//6205 3020//6205 3205//6205
f 2612//6206 2878//6206 3106//6206
f 2540//6207 2909//6207 3182//6207
f 2862//6208 2863//6208 3077//6208
f 2933//6209 3206//6209 3079//6209
f 3163//6210 3183//6210 3165//6210
f 2864//6211 3079//6211 3166//6211
f 3145//6212 3165//6212 3187//6212
f 3111//6213 3144//6213 3186//6213
f 3165//6214 3183//6214 3187//6214
f 3183//6215 3185//6215 3189//6215
f 3183//6216 3189//6216 3187//6216
f 3168//6217 3189//6217 3185//6217
f 3149//6218 3191//6218 3193//6218
f 3190//6219 3192//6219 3207//6219
f 3190//6220 3197//6220 3191//6220
f 3190//6221 3207//6221 3197//6221
f 3192//6222 3194//6222 3207//6222
f 3170//6223 3194//6223 3192//6223
f 3191//6224 3196//6224 3193//6224
f 3191//6225 3197//6225 3196//6225
f 3171//6226 3193//6226 3196//6226
f 3172//6227 3207//6227 3194//6227
f 3172//6228 3197//6228 3207//6228
f 3195//6229 3196//6229 3197//6229
f 2218//6230 3208//6230 2373//6230
f 2868//6231 2896//6231 2981//6231
f 2868//6232 3092//6232 2896//6232
f 2389//6233 3199//6233 2627//6233
f 2631//6234 3209//6234 3158//6234
f 3097//6235 3210//6235 3134//6235
f 3098//6236 3211//6236 3135//6236
f 3098//6237 3099//6237 3211//6237
f 2859//6238 3205//6238 3101//6238
f 3102//6239 3103//6239 3212//6239
f 3021//6240 3104//6240 3213//6240
f 3023//6241 3107//6241 3162//6241
f 3079//6242 3206//6242 3166//6242
f 2837//6243 2882//6243 3214//6243
f 2851//6244 3214//6244 2882//6244
f 2868//6245 3215//6245 3092//6245
f 2713//6246 3216//6246 2851//6246
f 2686//6247 3217//6247 2919//6247
f 2801//6248 3218//6248 2890//6248
f 3014//6249 3219//6249 3159//6249
f 2952//6250 3159//6250 3220//6250
f 3134//6251 3210//6251 3180//6251
f 3097//6252 3160//6252 3210//6252
f 3016//6253 3221//6253 3181//6253
f 2678//6254 2804//6254 3203//6254
f 2954//6255 3100//6255 3222//6255
f 2623//6256 2874//6256 3018//6256
f 2817//6257 3137//6257 3019//6257
f 3020//6258 3138//6258 3223//6258
f 2877//6259 3021//6259 3213//6259
f 3107//6260 3224//6260 3162//6260
f 2862//6261 3224//6261 3107//6261
f 2933//6262 3140//6262 3206//6262
f 2784//6263 3024//6263 3078//6263
f 3108//6264 3110//6264 3225//6264
f 2725//6265 3184//6265 3144//6265
f 3033//6266 3226//6266 3080//6266
f 3144//6267 3227//6267 3186//6267
f 3147//6268 3167//6268 3228//6268
f 2810//6269 3229//6269 2917//6269
f 2788//6270 3174//6270 2918//6270
f 2851//6271 3216//6271 3230//6271
f 2713//6272 2728//6272 3216//6272
f 2462//6273 3231//6273 2773//6273
f 2899//6274 3232//6274 3131//6274
f 2885//6275 3093//6275 3178//6275
f 2688//6276 3094//6276 3179//6276
f 2573//6277 3233//6277 2855//6277
f 2631//6278 3096//6278 3209//6278
f 2801//6279 2823//6279 3218//6279
f 2889//6280 2891//6280 3234//6280
f 2891//6281 3133//6281 3234//6281
f 3133//6282 3180//6282 3234//6282
f 2832//6283 2952//6283 3235//6283
f 2832//6284 3235//6284 3016//6284
f 2533//6285 2927//6285 2564//6285
f 2892//6286 3181//6286 3161//6286
f 2793//6287 3236//6287 2805//6287
f 3102//6288 3212//6288 3138//6288
f 2768//6289 3105//6289 3237//6289
f 2701//6290 2768//6290 3238//6290
f 2700//6291 3076//6291 3024//6291
f 2727//6292 3142//6292 3239//6292
f 2909//6293 3108//6293 3225//6293
f 2865//6294 3080//6294 3240//6294
f 3033//6295 3113//6295 3226//6295
f 3146//6296 3166//6296 3241//6296
f 3146//6297 3241//6297 3148//6297
f 3113//6298 3148//6298 3241//6298
f 3167//6299 3186//6299 3227//6299
f 2851//6300 3242//6300 3214//6300
f 3010//6301 3092//6301 3215//6301
f 2462//6302 2712//6302 3243//6302
f 2714//6303 3244//6303 2798//6303
f 2899//6304 3157//6304 3232//6304
f 2887//6305 3245//6305 3011//6305
f 3014//6306 3246//6306 3219//6306
f 2759//6307 2802//6307 3247//6307
f 2637//6308 3202//6308 2705//6308
f 3016//6309 3235//6309 3221//6309
f 2954//6310 3248//6310 3099//6310
f 3100//6311 3101//6311 3249//6311
f 3138//6312 3212//6312 3250//6312
f 2611//6313 3106//6313 2861//6313
f 3103//6314 3251//6314 3212//6314
f 3103//6315 3162//6315 3251//6315
f 3162//6316 3224//6316 3252//6316
f 2877//6317 3213//6317 3076//6317
f 2768//6318 3237//6318 3238//6318
f 2727//6319 3239//6319 3077//6319
f 2865//6320 3253//6320 3142//6320
f 2865//6321 3240//6321 3253//6321
f 3113//6322 3254//6322 3226//6322
f 3167//6323 3227//6323 3228//6323
f 2837//6324 3255//6324 3156//6324
f 2837//6325 3242//6325 3255//6325
f 2837//6326 3214//6326 3242//6326
f 2869//6327 3010//6327 3175//6327
f 2403//6328 3256//6328 2714//6328
f 2573//6329 2840//6329 3233//6329
f 2855//6330 3233//6330 3013//6330
f 2662//6331 3257//6331 2830//6331
f 2745//6332 3158//6332 3258//6332
f 2745//6333 3259//6333 3014//6333
f 2889//6334 3234//6334 3260//6334
f 3159//6335 3219//6335 3246//6335
f 2952//6336 3261//6336 3235//6336
f 3160//6337 3262//6337 3210//6337
f 2705//6338 3263//6338 2984//6338
f 3135//6339 3262//6339 3160//6339
f 2984//6340 3264//6340 3203//6340
f 2954//6341 3222//6341 3248//6341
f 3104//6342 3265//6342 3213//6342
f 3162//6343 3252//6343 3251//6343
f 3142//6344 3253//6344 3239//6344
f 3110//6345 3112//6345 3266//6345
f 2917//6346 3229//6346 3174//6346
f 2742//6347 2869//6347 3175//6347
f 2403//6348 2919//6348 3256//6348
f 3157//6349 3267//6349 3232//6349
f 2743//6350 2829//6350 2887//6350
f 2662//6351 3200//6351 3257//6351
f 2745//6352 3258//6352 3259//6352
f 3180//6353 3268//6353 3234//6353
f 3180//6354 3210//6354 3268//6354
f 3135//6355 3269//6355 3262//6355
f 3100//6356 3249//6356 3222//6356
f 2874//6357 3270//6357 3018//6357
f 3212//6358 3251//6358 3250//6358
f 3140//6359 3271//6359 3206//6359
f 3024//6360 3272//6360 3078//6360
f 3166//6361 3206//6361 3273//6361
f 3166//6362 3273//6362 3274//6362
f 3112//6363 3147//6363 3275//6363
f 3113//6364 3241//6364 3276//6364
f 2218//6365 3156//6365 3277//6365
f 3174//6366 3229//6366 3278//6366
f 2918//6367 3174//6367 3279//6367
f 2919//6368 3217//6368 3280//6368
f 2759//6369 3201//6369 2824//6369
f 3210//6370 3281//6370 3268//6370
f 2705//6371 3202//6371 3263//6371
f 2802//6372 2927//6372 3282//6372
f 3181//6373 3221//6373 3283//6373
f 3161//6374 3181//6374 3283//6374
f 3099//6375 3248//6375 3211//6375
f 3020//6376 3223//6376 3205//6376
f 2862//6377 3284//6377 3224//6377
f 2862//6378 3285//6378 3284//6378
f 3024//6379 3076//6379 3272//6379
f 3078//6380 3286//6380 3184//6380
f 3113//6381 3276//6381 3254//6381
f 2712//6382 2918//6382 3243//6382
f 3096//6383 3287//6383 3209//6383
f 3234//6384 3268//6384 3288//6384
f 2802//6385 3282//6385 3247//6385
f 3221//6386 3235//6386 3289//6386
f 3135//6387 3290//6387 3269//6387
f 3135//6388 3211//6388 3291//6388
f 2678//6389 3203//6389 3204//6389
f 2893//6390 3292//6390 3137//6390
f 3101//6391 3205//6391 3293//6391
f 2639//6392 2861//6392 2793//6392
f 3224//6393 3251//6393 3252//6393
f 2701//6394 3238//6394 3271//6394
f 2701//6395 3271//6395 3140//6395
f 2862//6396 3077//6396 3285//6396
f 3206//6397 3294//6397 3273//6397
f 3144//6398 3295//6398 3227//6398
f 3080//6399 3226//6399 3254//6399
f 2868//6400 3073//6400 3215//6400
f 2799//6401 3296//6401 3094//6401
f 3074//6402 3095//6402 3297//6402
f 2829//6403 3298//6403 2887//6403
f 2829//6404 3299//6404 3298//6404
f 2829//6405 2870//6405 3299//6405
f 2823//6406 3013//6406 3300//6406
f 3158//6407 3209//6407 3258//6407
f 3014//6408 3259//6408 3246//6408
f 3268//6409 3281//6409 3301//6409
f 3015//6410 3302//6410 3202//6410
f 3210//6411 3303//6411 3281//6411
f 3211//6412 3248//6412 3291//6412
f 2893//6413 3304//6413 3292//6413
f 3205//6414 3223//6414 3293//6414
f 3019//6415 3137//6415 3305//6415
f 3104//6416 3306//6416 3265//6416
f 3138//6417 3250//6417 3307//6417
f 2860//6418 3018//6418 3105//6418
f 3076//6419 3213//6419 3265//6419
f 2878//6420 3308//6420 3106//6420
f 3224//6421 3284//6421 3309//6421
f 2878//6422 3182//6422 3310//6422
f 3144//6423 3184//6423 3311//6423
f 3080//6424 3254//6424 3312//6424
f 3241//6425 3313//6425 3276//6425
f 2810//6426 3155//6426 3229//6426
f 3156//6427 3255//6427 3277//6427
f 3174//6428 3278//6428 3279//6428
f 2851//6429 3230//6429 3242//6429
f 2728//6430 3314//6430 3216//6430
f 2462//6431 3243//6431 3231//6431
f 2897//6432 2898//6432 3131//6432
f 2759//6433 3247//6433 3201//6433
f 3220//6434 3315//6434 3261//6434
f 2952//6435 3220//6435 3261//6435
f 2890//6436 3302//6436 3015//6436
f 3268//6437 3301//6437 3288//6437
f 3210//6438 3262//6438 3303//6438
f 3221//6439 3316//6439 3283//6439
f 3222//6440 3317//6440 3248//6440
f 2793//6441 3318//6441 3236//6441
f 3137//6442 3292//6442 3305//6442
f 3223//6443 3319//6443 3293//6443
f 3019//6444 3306//6444 3104//6444
f 3250//6445 3309//6445 3307//6445
f 3224//6446 3309//6446 3251//6446
f 2878//6447 3310//6447 3308//6447
f 3077//6448 3239//6448 3320//6448
f 3078//6449 3272//6449 3286//6449
f 3184//6450 3286//6450 3311//6450
f 3227//6451 3321//6451 3228//6451
f 3112//6452 3275//6452 3266//6452
f 3147//6453 3228//6453 3275//6453
f 3073//6454 3322//6454 3215//6454
f 2798//6455 3244//6455 3093//6455
f 2686//6456 3198//6456 3280//6456
f 2982//6457 3323//6457 3198//6457
f 2660//6458 3324//6458 2811//6458
f 2799//6459 3178//6459 3325//6459
f 2886//6460 2920//6460 3157//6460
f 2799//6461 3325//6461 3296//6461
f 2920//6462 3011//6462 3326//6462
f 3262//6463 3269//6463 3327//6463
f 3161//6464 3283//6464 3304//6464
f 3248//6465 3328//6465 3291//6465
f 2893//6466 3161//6466 3304//6466
f 3019//6467 3305//6467 3329//6467
f 3019//6468 3329//6468 3306//6468
f 3138//6469 3330//6469 3223//6469
f 3250//6470 3251//6470 3309//6470
f 3076//6471 3265//6471 3331//6471
f 3254//6472 3276//6472 3313//6472
f 3010//6473 3215//6473 3332//6473
f 3093//6474 3244//6474 3333//6474
f 3159//6475 3246//6475 3334//6475
f 3159//6476 3334//6476 3220//6476
f 3234//6477 3288//6477 3335//6477
f 3221//6478 3289//6478 3316//6478
f 3135//6479 3336//6479 3290//6479
f 2874//6480 3204//6480 3270//6480
f 3292//6481 3337//6481 3305//6481
f 2793//6482 3338//6482 3318//6482
f 2793//6483 2861//6483 3338//6483
f 2861//6484 3106//6484 3308//6484
f 3076//6485 3339//6485 3272//6485
f 3206//6486 3271//6486 3294//6486
f 3273//6487 3294//6487 3274//6487
f 3080//6488 3312//6488 3240//6488
f 3166//6489 3274//6489 3340//6489
f 3166//6490 3340//6490 3241//6490
f 2714//6491 3341//6491 3244//6491
f 2389//6492 2687//6492 3199//6492
f 2887//6493 3342//6493 3245//6493
f 3096//6494 3179//6494 3343//6494
f 2870//6495 3344//6495 3299//6495
f 3281//6496 3303//6496 3301//6496
f 3269//6497 3290//6497 3345//6497
f 2984//6498 3263//6498 3264//6498
f 3135//6499 3346//6499 3336//6499
f 3135//6500 3291//6500 3346//6500
f 2805//6501 3347//6501 2927//6501
f 3283//6502 3348//6502 3304//6502
f 3248//6503 3317//6503 3328//6503
f 3101//6504 3293//6504 3249//6504
f 3223//6505 3330//6505 3319//6505
f 3138//6506 3307//6506 3330//6506
f 3307//6507 3309//6507 3349//6507
f 3077//6508 3320//6508 3285//6508
f 3239//6509 3350//6509 3320//6509
f 3239//6510 3253//6510 3350//6510
f 3144//6511 3351//6511 3295//6511
f 3228//6512 3321//6512 3352//6512
f 2218//6513 3277//6513 3353//6513
f 3010//6514 3231//6514 3175//6514
f 2714//6515 3256//6515 3341//6515
f 2828//6516 3176//6516 3177//6516
f 2854//6517 3297//6517 3095//6517
f 3200//6518 3354//6518 3257//6518
f 3258//6519 3355//6519 3259//6519
f 3234//6520 3335//6520 3356//6520
f 3288//6521 3301//6521 3335//6521
f 3235//6522 3357//6522 3289//6522
f 3269//6523 3345//6523 3327//6523
f 2805//6524 3358//6524 3347//6524
f 2805//6525 3236//6525 3358//6525
f 3305//6526 3337//6526 3329//6526
f 3182//6527 3359//6527 3310//6527
f 2909//6528 3360//6528 3182//6528
f 2909//6529 3225//6529 3360//6529
f 3272//6530 3361//6530 3286//6530
f 3286//6531 3361//6531 3311//6531
f 3144//6532 3311//6532 3351//6532
f 3278//6533 3362//6533 3279//6533
f 3215//6534 3322//6534 3332//6534
f 3010//6535 3332//6535 3231//6535
f 3216//6536 3314//6536 3363//6536
f 2686//6537 3280//6537 3217//6537
f 3198//6538 3323//6538 3280//6538
f 3093//6539 3333//6539 3178//6539
f 3011//6540 3245//6540 3326//6540
f 2840//6541 3074//6541 3297//6541
f 3200//6542 3201//6542 3354//6542
f 2870//6543 2889//6543 3344//6543
f 3291//6544 3328//6544 3346//6544
f 3317//6545 3364//6545 3328//6545
f 3222//6546 3364//6546 3317//6546
f 3222//6547 3249//6547 3365//6547
f 3249//6548 3293//6548 3365//6548
f 3293//6549 3319//6549 3365//6549
f 3307//6550 3349//6550 3330//6550
f 3110//6551 3266//6551 3225//6551
f 3241//6552 3340//6552 3313//6552
f 3228//6553 3352//6553 3275//6553
f 3155//6554 3366//6554 3229//6554
f 2218//6555 3353//6555 3208//6555
f 3229//6556 3366//6556 3278//6556
f 2918//6557 3279//6557 3367//6557
f 2918//6558 3367//6558 3243//6558
f 3216//6559 3363//6559 3230//6559
f 2920//6560 3326//6560 3157//6560
f 3296//6561 3325//6561 3368//6561
f 3094//6562 3296//6562 3369//6562
f 3094//6563 3343//6563 3179//6563
f 2887//6564 3298//6564 3342//6564
f 2823//6565 3300//6565 3218//6565
f 3201//6566 3370//6566 3354//6566
f 3220//6567 3334//6567 3315//6567
f 2890//6568 3371//6568 3302//6568
f 3262//6569 3372//6569 3303//6569
f 3262//6570 3327//6570 3372//6570
f 3283//6571 3316//6571 3348//6571
f 3222//6572 3373//6572 3364//6572
f 3222//6573 3365//6573 3373//6573
f 3292//6574 3304//6574 3337//6574
f 3018//6575 3270//6575 3374//6575
f 3306//6576 3329//6576 3375//6576
f 3265//6577 3376//6577 3331//6577
f 3284//6578 3377//6578 3309//6578
f 3242//6579 3378//6579 3255//6579
f 2728//6580 3175//6580 3379//6580
f 2728//6581 3379//6581 3314//6581
f 3245//6582 3342//6582 3380//6582
f 3094//6583 3369//6583 3343//6583
f 3096//6584 3343//6584 3287//6584
f 2840//6585 3381//6585 3233//6585
f 3209//6586 3287//6586 3258//6586
f 3246//6587 3259//6587 3355//6587
f 3234//6588 3356//6588 3260//6588
f 3263//6589 3382//6589 3264//6589
f 3336//6590 3346//6590 3383//6590
f 3346//6591 3384//6591 3383//6591
f 3328//6592 3384//6592 3346//6592
f 3304//6593 3385//6593 3337//6593
f 3329//6594 3337//6594 3386//6594
f 3306//6595 3375//6595 3387//6595
f 3265//6596 3306//6596 3387//6596
f 3105//6597 3388//6597 3237//6597
f 3309//6598 3389//6598 3349//6598
f 3309//6599 3377//6599 3389//6599
f 3155//6600 3390//6600 3366//6600
f 2373//6601 3208//6601 2658//6601
f 3255//6602 3391//6602 3277//6602
f 3230//6603 3378//6603 3242//6603
f 2897//6604 3131//6604 3392//6604
f 3131//6605 3232//6605 3392//6605
f 2982//6606 3199//6606 3323//6606
f 3178//6607 3393//6607 3325//6607
f 3013//6608 3233//6608 3300//6608
f 2830//6609 3257//6609 3394//6609
f 2889//6610 3260//6610 3344//6610
f 3246//6611 3355//6611 3395//6611
f 3246//6612 3395//6612 3334//6612
f 3315//6613 3334//6613 3396//6613
f 3335//6614 3397//6614 3356//6614
f 2890//6615 3218//6615 3371//6615
f 3289//6616 3398//6616 3316//6616
f 3203//6617 3399//6617 3204//6617
f 3204//6618 3400//6618 3270//6618
f 3337//6619 3385//6619 3386//6619
f 3270//6620 3401//6620 3374//6620
f 3240//6621 3350//6621 3253//6621
f 3274//6622 3402//6622 3340//6622
f 3254//6623 3313//6623 3340//6623
f 2773//6624 3231//6624 3073//6624
f 2811//6625 3324//6625 3403//6625
f 3178//6626 3333//6626 3393//6626
f 3260//6627 3404//6627 3344//6627
f 3334//6628 3395//6628 3396//6628
f 3261//6629 3315//6629 3396//6629
f 3301//6630 3405//6630 3335//6630
f 3301//6631 3303//6631 3405//6631
f 3235//6632 3261//6632 3357//6632
f 3202//6633 3302//6633 3263//6633
f 3290//6634 3406//6634 3345//6634
f 3328//6635 3407//6635 3384//6635
f 3328//6636 3364//6636 3407//6636
f 3076//6637 3331//6637 3408//6637
f 3284//6638 3285//6638 3377//6638
f 3076//6639 3408//6639 3339//6639
f 3285//6640 3320//6640 3409//6640
f 3294//6641 3410//6641 3411//6641
f 3277//6642 3391//6642 3353//6642
f 3255//6643 3378//6643 3391//6643
f 3279//6644 3362//6644 3412//6644
f 3279//6645 3412//6645 3367//6645
f 3243//6646 3367//6646 3413//6646
f 2884//6647 2897//6647 3176//6647
f 2687//6648 3414//6648 3199//6648
f 3201//6649 3247//6649 3370//6649
f 3335//6650 3405//6650 3397//6650
f 3247//6651 3282//6651 3415//6651
f 2927//6652 3347//6652 3282//6652
f 3364//6653 3373//6653 3416//6653
f 3304//6654 3348//6654 3385//6654
f 3365//6655 3417//6655 3373//6655
f 3319//6656 3418//6656 3365//6656
f 3329//6657 3419//6657 3375//6657
f 3018//6658 3388//6658 3105//6658
f 3237//6659 3388//6659 3420//6659
f 3237//6660 3421//6660 3238//6660
f 3271//6661 3410//6661 3294//6661
f 3225//6662 3266//6662 3360//6662
f 3278//6663 3366//6663 3362//6663
f 3378//6664 3422//6664 3391//6664
f 3230//6665 3422//6665 3378//6665
f 3157//6666 3423//6666 3267//6666
f 3157//6667 3326//6667 3423//6667
f 3296//6668 3368//6668 3424//6668
f 3296//6669 3424//6669 3369//6669
f 2840//6670 3297//6670 3381//6670
f 3261//6671 3396//6671 3425//6671
f 3327//6672 3426//6672 3372//6672
f 3327//6673 3345//6673 3426//6673
f 3289//6674 3427//6674 3398//6674
f 3290//6675 3336//6675 3406//6675
f 3316//6676 3428//6676 3348//6676
f 3329//6677 3386//6677 3419//6677
f 2861//6678 3429//6678 3338//6678
f 3272//6679 3339//6679 3430//6679
f 3182//6680 3360//6680 3359//6680
f 3320//6681 3350//6681 3409//6681
f 3227//6682 3295//6682 3321//6682
f 3231//6683 3243//6683 3431//6683
f 2897//6684 3392//6684 3432//6684
f 3244//6685 3341//6685 3333//6685
f 3280//6686 3323//6686 3433//6686
f 3232//6687 3267//6687 3434//6687
f 3323//6688 3435//6688 3433//6688
f 3233//6689 3436//6689 3300//6689
f 3260//6690 3356//6690 3404//6690
f 3289//6691 3357//6691 3427//6691
f 3364//6692 3437//6692 3407//6692
f 3348//6693 3428//6693 3385//6693
f 3236//6694 3318//6694 3438//6694
f 3385//6695 3439//6695 3386//6695
f 3018//6696 3374//6696 3388//6696
f 3319//6697 3330//6697 3440//6697
f 3330//6698 3349//6698 3441//6698
f 3265//6699 3387//6699 3376//6699
f 3349//6700 3389//6700 3442//6700
f 3331//6701 3376//6701 3408//6701
f 3237//6702 3420//6702 3421//6702
f 3272//6703 3430//6703 3361//6703
f 3350//6704 3443//6704 3409//6704
f 3311//6705 3361//6705 3444//6705
f 3274//6706 3294//6706 3411//6706
f 3240//6707 3312//6707 3445//6707
f 3254//6708 3445//6708 3312//6708
f 3340//6709 3402//6709 3446//6709
f 3232//6710 3434//6710 3392//6710
f 2854//6711 3012//6711 3447//6711
f 2830//6712 3394//6712 3012//6712
f 3258//6713 3287//6713 3448//6713
f 3395//6714 3425//6714 3396//6714
f 3303//6715 3372//6715 3397//6715
f 3372//6716 3449//6716 3397//6716
f 3372//6717 3426//6717 3449//6717
f 3373//6718 3450//6718 3416//6718
f 3373//6719 3451//6719 3450//6719
f 3385//6720 3428//6720 3439//6720
f 3365//6721 3452//6721 3417//6721
f 3318//6722 3453//6722 3438//6722
f 3365//6723 3418//6723 3452//6723
f 3319//6724 3454//6724 3418//6724
f 3319//6725 3440//6725 3454//6725
f 3375//6726 3419//6726 3455//6726
f 3330//6727 3441//6727 3440//6727
f 3308//6728 3310//6728 3359//6728
f 3238//6729 3421//6729 3271//6729
f 3266//6730 3275//6730 3456//6730
f 3321//6731 3457//6731 3352//6731
f 3230//6732 3363//6732 3422//6732
f 3231//6733 3332//6733 3322//6733
f 3243//6734 3413//6734 3431//6734
f 3175//6735 3458//6735 3379//6735
f 3245//6736 3380//6736 3459//6736
f 3303//6737 3397//6737 3405//6737
f 3397//6738 3449//6738 3460//6738
f 3345//6739 3461//6739 3426//6739
f 3316//6740 3398//6740 3462//6740
f 3383//6741 3384//6741 3463//6741
f 3364//6742 3416//6742 3437//6742
f 3204//6743 3399//6743 3400//6743
f 3318//6744 3338//6744 3453//6744
f 3349//6745 3442//6745 3464//6745
f 3240//6746 3465//6746 3350//6746
f 3266//6747 3456//6747 3360//6747
f 3295//6748 3457//6748 3321//6748
f 3323//6749 3466//6749 3435//6749
f 3369//6750 3424//6750 3467//6750
f 3257//6751 3354//6751 3468//6751
f 3258//6752 3448//6752 3469//6752
f 3258//6753 3469//6753 3355//6753
f 3355//6754 3470//6754 3395//6754
f 3261//6755 3425//6755 3471//6755
f 3261//6756 3471//6756 3357//6756
f 3357//6757 3472//6757 3427//6757
f 3345//6758 3406//6758 3461//6758
f 3282//6759 3347//6759 3415//6759
f 3336//6760 3383//6760 3406//6760
f 3203//6761 3264//6761 3473//6761
f 3383//6762 3463//6762 3474//6762
f 3384//6763 3407//6763 3463//6763
f 3373//6764 3417//6764 3451//6764
f 3418//6765 3454//6765 3452//6765
f 3375//6766 3455//6766 3387//6766
f 3389//6767 3475//6767 3442//6767
f 3240//6768 3445//6768 3465//6768
f 3274//6769 3411//6769 3402//6769
f 3275//6770 3352//6770 3456//6770
f 3340//6771 3446//6771 3476//6771
f 3362//6772 3477//6772 3412//6772
f 3199//6773 3466//6773 3323//6773
f 2596//6774 3324//6774 2660//6774
f 3325//6775 3393//6775 3368//6775
f 3245//6776 3459//6776 3326//6776
f 3395//6777 3470//6777 3425//6777
f 3302//6778 3371//6778 3478//6778
f 3357//6779 3471//6779 3472//6779
f 3386//6780 3439//6780 3419//6780
f 3349//6781 3479//6781 3441//6781
f 2861//6782 3308//6782 3429//6782
f 3349//6783 3464//6783 3479//6783
f 3376//6784 3480//6784 3408//6784
f 3377//6785 3475//6785 3389//6785
f 3285//6786 3409//6786 3481//6786
f 3339//6787 3408//6787 3430//6787
f 3362//6788 3366//6788 3477//6788
f 3073//6789 3231//6789 3322//6789
f 2897//6790 3482//6790 3176//6790
f 3333//6791 3483//6791 3393//6791
f 2854//6792 3484//6792 3297//6792
f 3425//6793 3470//6793 3485//6793
f 3425//6794 3486//6794 3471//6794
f 3449//6795 3487//6795 3460//6795
f 3426//6796 3487//6796 3449//6796
f 3316//6797 3488//6797 3428//6797
f 3338//6798 3429//6798 3453//6798
f 3440//6799 3441//6799 3479//6799
f 3442//6800 3479//6800 3464//6800
f 3285//6801 3489//6801 3377//6801
f 3285//6802 3481//6802 3489//6802
f 3409//6803 3443//6803 3481//6803
f 3410//6804 3490//6804 3411//6804
f 2657//6805 2658//6805 3208//6805
f 2897//6806 3432//6806 3482//6806
f 3218//6807 3300//6807 3491//6807
f 3355//6808 3492//6808 3470//6808
f 3218//6809 3493//6809 3371//6809
f 3356//6810 3397//6810 3494//6810
f 3425//6811 3485//6811 3486//6811
f 3397//6812 3460//6812 3495//6812
f 3263//6813 3302//6813 3478//6813
f 3347//6814 3496//6814 3415//6814
f 3398//6815 3427//6815 3462//6815
f 3264//6816 3382//6816 3473//6816
f 3316//6817 3462//6817 3488//6817
f 3236//6818 3497//6818 3358//6818
f 3440//6819 3498//6819 3454//6819
f 3440//6820 3479//6820 3498//6820
f 3271//6821 3421//6821 3490//6821
f 3352//6822 3499//6822 3456//6822
f 2657//6823 3500//6823 3155//6823
f 3353//6824 3391//6824 3501//6824
f 3366//6825 3390//6825 3477//6825
f 3367//6826 3502//6826 3413//6826
f 3333//6827 3341//6827 3503//6827
f 3433//6828 3435//6828 3504//6828
f 3435//6829 3466//6829 3504//6829
f 3326//6830 3505//6830 3423//6830
f 3343//6831 3369//6831 3467//6831
f 3233//6832 3381//6832 3436//6832
f 3257//6833 3468//6833 3394//6833
f 3299//6834 3344//6834 3506//6834
f 3397//6835 3495//6835 3494//6835
f 3426//6836 3461//6836 3487//6836
f 3383//6837 3474//6837 3406//6837
f 3427//6838 3507//6838 3462//6838
f 3452//6839 3454//6839 3508//6839
f 3374//6840 3509//6840 3388//6840
f 3361//6841 3430//6841 3510//6841
f 3271//6842 3490//6842 3410//6842
f 3350//6843 3465//6843 3443//6843
f 3402//6844 3411//6844 3446//6844
f 3254//6845 3340//6845 3476//6845
f 3254//6846 3476//6846 3445//6846
f 3353//6847 3501//6847 3511//6847
f 3391//6848 3512//6848 3501//6848
f 3391//6849 3422//6849 3512//6849
f 3333//6850 3503//6850 3483//6850
f 3470//6851 3492//6851 3485//6851
f 3356//6852 3494//6852 3404//6852
f 3460//6853 3513//6853 3495//6853
f 3460//6854 3487//6854 3514//6854
f 3427//6855 3472//6855 3507//6855
f 3236//6856 3438//6856 3497//6856
f 3454//6857 3498//6857 3508//6857
f 3387//6858 3455//6858 3515//6858
f 3376//6859 3387//6859 3515//6859
f 3376//6860 3515//6860 3480//6860
f 3295//6861 3516//6861 3457//6861
f 3352//6862 3457//6862 3499//6862
f 3175//6863 3231//6863 3458//6863
f 3392//6864 3434//6864 3432//6864
f 3393//6865 3483//6865 3517//6865
f 3368//6866 3393//6866 3517//6866
f 3298//6867 3518//6867 3342//6867
f 2854//6868 3447//6868 3484//6868
f 3298//6869 3299//6869 3506//6869
f 3344//6870 3519//6870 3506//6870
f 3494//6871 3495//6871 3520//6871
f 3460//6872 3514//6872 3513//6872
f 3471//6873 3486//6873 3472//6873
f 3407//6874 3521//6874 3463//6874
f 3450//6875 3451//6875 3522//6875
f 3442//6876 3475//6876 3523//6876
f 3388//6877 3524//6877 3420//6877
f 3420//6878 3525//6878 3421//6878
f 3408//6879 3510//6879 3430//6879
f 3367//6880 3412//6880 3526//6880
f 3363//6881 3512//6881 3422//6881
f 3367//6882 3526//6882 3502//6882
f 3314//6883 3527//6883 3363//6883
f 3176//6884 3528//6884 3177//6884
f 3267//6885 3529//6885 3434//6885
f 3267//6886 3423//6886 3529//6886
f 3380//6887 3530//6887 3459//6887
f 3424//6888 3531//6888 3467//6888
f 3012//6889 3394//6889 3532//6889
f 3247//6890 3533//6890 3370//6890
f 3472//6891 3534//6891 3507//6891
f 3462//6892 3507//6892 3535//6892
f 3463//6893 3536//6893 3474//6893
f 3462//6894 3537//6894 3488//6894
f 3416//6895 3450//6895 3538//6895
f 3270//6896 3400//6896 3401//6896
f 3428//6897 3539//6897 3439//6897
f 3417//6898 3540//6898 3541//6898
f 3417//6899 3452//6899 3540//6899
f 3498//6900 3542//6900 3508//6900
f 3442//6901 3523//6901 3479//6901
f 3443//6902 3465//6902 3543//6902
f 3445//6903 3544//6903 3465//6903
f 3353//6904 3511//6904 3545//6904
f 3412//6905 3546//6905 3526//6905
f 3176//6906 3482//6906 3528//6906
f 2687//6907 2811//6907 3414//6907
f 3012//6908 3532//6908 3447//6908
f 3300//6909 3436//6909 3491//6909
f 3344//6910 3404//6910 3519//6910
f 3355//6911 3469//6911 3547//6911
f 3355//6912 3547//6912 3492//6912
f 3494//6913 3520//6913 3548//6913
f 3263//6914 3478//6914 3549//6914
f 3472//6915 3550//6915 3534//6915
f 3382//6916 3551//6916 3473//6916
f 3463//6917 3521//6917 3536//6917
f 3347//6918 3358//6918 3552//6918
f 3407//6919 3437//6919 3521//6919
f 3488//6920 3537//6920 3553//6920
f 3450//6921 3522//6921 3538//6921
f 3417//6922 3541//6922 3451//6922
f 3419//6923 3439//6923 3554//6923
f 3419//6924 3554//6924 3555//6924
f 3419//6925 3555//6925 3455//6925
f 3479//6926 3542//6926 3498//6926
f 3420//6927 3524//6927 3525//6927
f 3408//6928 3480//6928 3556//6928
f 3311//6929 3444//6929 3351//6929
f 3412//6930 3477//6930 3546//6930
f 3432//6931 3434//6931 3482//6931
f 3423//6932 3505//6932 3557//6932
f 3326//6933 3459//6933 3505//6933
f 3459//6934 3530//6934 3505//6934
f 3298//6935 3506//6935 3518//6935
f 3404//6936 3494//6936 3548//6936
f 3495//6937 3558//6937 3520//6937
f 3495//6938 3513//6938 3558//6938
f 3247//6939 3415//6939 3533//6939
f 3406//6940 3474//6940 3559//6940
f 3462//6941 3535//6941 3537//6941
f 3437//6942 3560//6942 3521//6942
f 3416//6943 3561//6943 3437//6943
f 3455//6944 3555//6944 3562//6944
f 3479//6945 3523//6945 3542//6945
f 3408//6946 3556//6946 3510//6946
f 3208//6947 3353//6947 3545//6947
f 3413//6948 3502//6948 3431//6948
f 3280//6949 3433//6949 3504//6949
f 3434//6950 3563//6950 3482//6950
f 3505//6951 3530//6951 3564//6951
f 3218//6952 3491//6952 3493//6952
f 3485//6953 3492//6953 3565//6953
f 3520//6954 3558//6954 3548//6954
f 3371//6955 3566//6955 3478//6955
f 3513//6956 3514//6956 3567//6956
f 3487//6957 3568//6957 3514//6957
f 3507//6958 3534//6958 3535//6958
f 3263//6959 3549//6959 3382//6959
f 3406//6960 3559//6960 3461//6960
f 3474//6961 3536//6961 3559//6961
f 3521//6962 3569//6962 3536//6962
f 3521//6963 3570//6963 3569//6963
f 3437//6964 3561//6964 3560//6964
f 3203//6965 3473//6965 3399//6965
f 3428//6966 3488//6966 3539//6966
f 3439//6967 3539//6967 3554//6967
f 3377//6968 3489//6968 3475//6968
f 3443//6969 3543//6969 3481//6969
f 3465//6970 3544//6970 3571//6970
f 3457//6971 3572//6971 3499//6971
f 3155//6972 3573//6972 3390//6972
f 3477//6973 3574//6973 3546//6973
f 3363//6974 3527//6974 3512//6974
f 3314//6975 3379//6975 3575//6975
f 3379//6976 3458//6976 3575//6976
f 3256//6977 3576//6977 3341//6977
f 2596//6978 3177//6978 3528//6978
f 3423//6979 3557//6979 3529//6979
f 3368//6980 3577//6980 3424//6980
f 3287//6981 3343//6981 3578//6981
f 3448//6982 3579//6982 3469//6982
f 3485//6983 3565//6983 3580//6983
f 3514//6984 3568//6984 3567//6984
f 3472//6985 3581//6985 3550//6985
f 3461//6986 3568//6986 3487//6986
f 3535//6987 3582//6987 3537//6987
f 3537//6988 3583//6988 3553//6988
f 3521//6989 3560//6989 3570//6989
f 3416//6990 3538//6990 3561//6990
f 3400//6991 3584//6991 3401//6991
f 3451//6992 3541//6992 3522//6992
f 3539//6993 3585//6993 3554//6993
f 3452//6994 3508//6994 3540//6994
f 3374//6995 3401//6995 3509//6995
f 3508//6996 3586//6996 3540//6996
f 3508//6997 3542//6997 3587//6997
f 3455//6998 3562//6998 3515//6998
f 3480//6999 3515//6999 3588//6999
f 3295//7000 3351//7000 3589//7000
f 3295//7001 3589//7001 3516//7001
f 3390//7002 3574//7002 3477//7002
f 2919//7003 3280//7003 3590//7003
f 2919//7004 3576//7004 3256//7004
f 3280//7005 3504//7005 3590//7005
f 3483//7006 3503//7006 3591//7006
f 3434//7007 3529//7007 3563//7007
f 3342//7008 3592//7008 3380//7008
f 3354//7009 3370//7009 3468//7009
f 3371//7010 3493//7010 3566//7010
f 3513//7011 3567//7011 3593//7011
f 3382//7012 3549//7012 3551//7012
f 3536//7013 3569//7013 3594//7013
f 3508//7014 3595//7014 3586//7014
f 3508//7015 3587//7015 3595//7015
f 3475//7016 3596//7016 3523//7016
f 3481//7017 3543//7017 3597//7017
f 3361//7018 3510//7018 3598//7018
f 3465//7019 3571//7019 3543//7019
f 3361//7020 3598//7020 3444//7020
f 3411//7021 3490//7021 3599//7021
f 3446//7022 3600//7022 3476//7022
f 3457//7023 3516//7023 3572//7023
f 3341//7024 3601//7024 3503//7024
f 2596//7025 3602//7025 3324//7025
f 3368//7026 3517//7026 3577//7026
f 3424//7027 3577//7027 3531//7027
f 3343//7028 3603//7028 3578//7028
f 3381//7029 3604//7029 3436//7029
f 3404//7030 3605//7030 3519//7030
f 3491//7031 3606//7031 3493//7031
f 3534//7032 3607//7032 3535//7032
f 3488//7033 3553//7033 3539//7033
f 3399//7034 3584//7034 3400//7034
f 3401//7035 3584//7035 3608//7035
f 3388//7036 3509//7036 3609//7036
f 3388//7037 3609//7037 3524//7037
f 3475//7038 3489//7038 3596//7038
f 3510//7039 3556//7039 3610//7039
f 3510//7040 3610//7040 3598//7040
f 3390//7041 3573//7041 3574//7041
f 3314//7042 3575//7042 3611//7042
f 3448//7043 3612//7043 3579//7043
f 3469//7044 3579//7044 3547//7044
f 3492//7045 3547//7045 3565//7045
f 3370//7046 3613//7046 3468//7046
f 3370//7047 3533//7047 3613//7047
f 3548//7048 3558//7048 3614//7048
f 3472//7049 3486//7049 3581//7049
f 3567//7050 3568//7050 3615//7050
f 3534//7051 3550//7051 3607//7051
f 3536//7052 3594//7052 3559//7052
f 3569//7053 3570//7053 3616//7053
f 3537//7054 3617//7054 3583//7054
f 3560//7055 3616//7055 3570//7055
f 3560//7056 3618//7056 3616//7056
f 3522//7057 3561//7057 3538//7057
f 3358//7058 3497//7058 3552//7058
f 3489//7059 3619//7059 3596//7059
f 3445//7060 3620//7060 3544//7060
f 2657//7061 3208//7061 3500//7061
f 3512//7062 3527//7062 3621//7062
f 3341//7063 3576//7063 3601//7063
f 3483//7064 3591//7064 3517//7064
f 2811//7065 3403//7065 3414//7065
f 3343//7066 3467//7066 3603//7066
f 3478//7067 3622//7067 3549//7067
f 3461//7068 3623//7068 3568//7068
f 3535//7069 3607//7069 3582//7069
f 3537//7070 3582//7070 3617//7070
f 3347//7071 3552//7071 3496//7071
f 3539//7072 3553//7072 3583//7072
f 3554//7073 3585//7073 3555//7073
f 3542//7074 3596//7074 3587//7074
f 3587//7075 3596//7075 3624//7075
f 3523//7076 3596//7076 3542//7076
f 3308//7077 3359//7077 3625//7077
f 3421//7078 3525//7078 3490//7078
f 3351//7079 3444//7079 3589//7079
f 3445//7080 3476//7080 3620//7080
f 3411//7081 3626//7081 3446//7081
f 3446//7082 3626//7082 3600//7082
f 3155//7083 3627//7083 3573//7083
f 3501//7084 3512//7084 3621//7084
f 3314//7085 3611//7085 3527//7085
f 3503//7086 3601//7086 3591//7086
f 3505//7087 3564//7087 3557//7087
f 3297//7088 3484//7088 3628//7088
f 3447//7089 3629//7089 3484//7089
f 3447//7090 3532//7090 3629//7090
f 3404//7091 3548//7091 3605//7091
f 3559//7092 3594//7092 3630//7092
f 3594//7093 3631//7093 3632//7093
f 3569//7094 3631//7094 3594//7094
f 3569//7095 3616//7095 3631//7095
f 3560//7096 3561//7096 3618//7096
f 3540//7097 3633//7097 3541//7097
f 3429//7098 3634//7098 3453//7098
f 3587//7099 3624//7099 3635//7099
f 3481//7100 3597//7100 3489//7100
f 3359//7101 3360//7101 3636//7101
f 3360//7102 3456//7102 3636//7102
f 3501//7103 3545//7103 3511//7103
f 3466//7104 3637//7104 3504//7104
f 3199//7105 3637//7105 3466//7105
f 3297//7106 3638//7106 3381//7106
f 3548//7107 3639//7107 3605//7107
f 3548//7108 3614//7108 3639//7108
f 3513//7109 3593//7109 3558//7109
f 3478//7110 3566//7110 3622//7110
f 3550//7111 3581//7111 3607//7111
f 3461//7112 3559//7112 3640//7112
f 3559//7113 3630//7113 3640//7113
f 3583//7114 3617//7114 3641//7114
f 3539//7115 3583//7115 3641//7115
f 3522//7116 3618//7116 3561//7116
f 3539//7117 3642//7117 3585//7117
f 3555//7118 3585//7118 3642//7118
f 3401//7119 3608//7119 3509//7119
f 3540//7120 3586//7120 3643//7120
f 3555//7121 3644//7121 3562//7121
f 3308//7122 3645//7122 3429//7122
f 3308//7123 3625//7123 3645//7123
f 3543//7124 3571//7124 3646//7124
f 3380//7125 3592//7125 3530//7125
f 3297//7126 3628//7126 3638//7126
f 3506//7127 3647//7127 3518//7127
f 3287//7128 3578//7128 3448//7128
f 3533//7129 3648//7129 3613//7129
f 3568//7130 3623//7130 3615//7130
f 3594//7131 3632//7131 3630//7131
f 3496//7132 3552//7132 3649//7132
f 3587//7133 3635//7133 3595//7133
f 3444//7134 3598//7134 3589//7134
f 3456//7135 3499//7135 3636//7135
f 3501//7136 3650//7136 3545//7136
f 3504//7137 3637//7137 3590//7137
f 2596//7138 3528//7138 3651//7138
f 2596//7139 3651//7139 3602//7139
f 3529//7140 3557//7140 3652//7140
f 3342//7141 3518//7141 3592//7141
f 3484//7142 3629//7142 3628//7142
f 3381//7143 3638//7143 3604//7143
f 3468//7144 3613//7144 3653//7144
f 3558//7145 3593//7145 3654//7145
f 3485//7146 3580//7146 3581//7146
f 3485//7147 3581//7147 3486//7147
f 3461//7148 3640//7148 3623//7148
f 3473//7149 3551//7149 3655//7149
f 3539//7150 3641//7150 3642//7150
f 3540//7151 3643//7151 3633//7151
f 3586//7152 3656//7152 3643//7152
f 3515//7153 3562//7153 3644//7153
f 3524//7154 3609//7154 3657//7154
f 3544//7155 3620//7155 3571//7155
f 3499//7156 3658//7156 3636//7156
f 3431//7157 3502//7157 3526//7157
f 3231//7158 3659//7158 3458//7158
f 3576//7159 3660//7159 3601//7159
f 3591//7160 3601//7160 3660//7160
f 3528//7161 3661//7161 3651//7161
f 3532//7162 3662//7162 3629//7162
f 3547//7163 3663//7163 3565//7163
f 3558//7164 3654//7164 3614//7164
f 3567//7165 3615//7165 3664//7165
f 3581//7166 3665//7166 3607//7166
f 3607//7167 3665//7167 3666//7167
f 3415//7168 3496//7168 3667//7168
f 3497//7169 3649//7169 3552//7169
f 3555//7170 3642//7170 3668//7170
f 3586//7171 3595//7171 3656//7171
f 3524//7172 3657//7172 3669//7172
f 3543//7173 3646//7173 3597//7173
f 3501//7174 3621//7174 3650//7174
f 3526//7175 3546//7175 3574//7175
f 3527//7176 3670//7176 3621//7176
f 2919//7177 3590//7177 3576//7177
f 3590//7178 3671//7178 3672//7178
f 3590//7179 3637//7179 3671//7179
f 3403//7180 3673//7180 3414//7180
f 3529//7181 3652//7181 3674//7181
f 3530//7182 3675//7182 3564//7182
f 3467//7183 3531//7183 3603//7183
f 3580//7184 3676//7184 3581//7184
f 3415//7185 3677//7185 3533//7185
f 3623//7186 3640//7186 3678//7186
f 3415//7187 3667//7187 3677//7187
f 3582//7188 3607//7188 3666//7188
f 3631//7189 3679//7189 3632//7189
f 3522//7190 3541//7190 3618//7190
f 3555//7191 3668//7191 3680//7191
f 3643//7192 3656//7192 3681//7192
f 3438//7193 3453//7193 3634//7193
f 3555//7194 3680//7194 3644//7194
f 3480//7195 3588//7195 3556//7195
f 3524//7196 3669//7196 3525//7196
f 3359//7197 3636//7197 3625//7197
f 3411//7198 3599//7198 3626//7198
f 3231//7199 3431//7199 3682//7199
f 3482//7200 3683//7200 3528//7200
f 3199//7201 3414//7201 3684//7201
f 3517//7202 3685//7202 3577//7202
f 3531//7203 3577//7203 3686//7203
f 3394//7204 3662//7204 3532//7204
f 3506//7205 3519//7205 3647//7205
f 3436//7206 3687//7206 3491//7206
f 3565//7207 3663//7207 3580//7207
f 3614//7208 3688//7208 3639//7208
f 3580//7209 3663//7209 3676//7209
f 3533//7210 3677//7210 3648//7210
f 3581//7211 3676//7211 3689//7211
f 3567//7212 3664//7212 3593//7212
f 3623//7213 3678//7213 3664//7213
f 3399//7214 3473//7214 3690//7214
f 3617//7215 3691//7215 3641//7215
f 3541//7216 3633//7216 3618//7216
f 3624//7217 3692//7217 3635//7217
f 3489//7218 3597//7218 3619//7218
f 3597//7219 3646//7219 3693//7219
f 3573//7220 3627//7220 3574//7220
f 3458//7221 3659//7221 3575//7221
f 3528//7222 3683//7222 3661//7222
f 3591//7223 3660//7223 3694//7223
f 3517//7224 3591//7224 3685//7224
f 3414//7225 3695//7225 3684//7225
f 3324//7226 3602//7226 3696//7226
f 3557//7227 3564//7227 3697//7227
f 3448//7228 3578//7228 3612//7228
f 3394//7229 3468//7229 3698//7229
f 3614//7230 3699//7230 3688//7230
f 3614//7231 3654//7231 3699//7231
f 3593//7232 3700//7232 3654//7232
f 3615//7233 3623//7233 3664//7233
f 3630//7234 3632//7234 3701//7234
f 3616//7235 3618//7235 3702//7235
f 3618//7236 3703//7236 3702//7236
f 3618//7237 3633//7237 3703//7237
f 3641//7238 3668//7238 3642//7238
f 3438//7239 3649//7239 3497//7239
f 3643//7240 3681//7240 3704//7240
f 3595//7241 3635//7241 3705//7241
f 3429//7242 3706//7242 3634//7242
f 3635//7243 3692//7243 3705//7243
f 3596//7244 3692//7244 3624//7244
f 3490//7245 3707//7245 3599//7245
f 3499//7246 3572//7246 3658//7246
f 3155//7247 3500//7247 3627//7247
f 3574//7248 3627//7248 3708//7248
f 3591//7249 3694//7249 3685//7249
f 3529//7250 3674//7250 3563//7250
f 3199//7251 3684//7251 3637//7251
f 3491//7252 3687//7252 3606//7252
f 3547//7253 3579//7253 3612//7253
f 3663//7254 3709//7254 3676//7254
f 3549//7255 3710//7255 3551//7255
f 3496//7256 3711//7256 3667//7256
f 3616//7257 3702//7257 3631//7257
f 3595//7258 3705//7258 3656//7258
f 3596//7259 3712//7259 3692//7259
f 3429//7260 3645//7260 3706//7260
f 3208//7261 3545//7261 3713//7261
f 3526//7262 3574//7262 3708//7262
f 3575//7263 3714//7263 3611//7263
f 3482//7264 3563//7264 3715//7264
f 3564//7265 3675//7265 3697//7265
f 3394//7266 3698//7266 3662//7266
f 3519//7267 3605//7267 3716//7267
f 3676//7268 3717//7268 3689//7268
f 3676//7269 3709//7269 3717//7269
f 3593//7270 3664//7270 3700//7270
f 3581//7271 3718//7271 3665//7271
f 3582//7272 3691//7272 3617//7272
f 3631//7273 3719//7273 3679//7273
f 3399//7274 3690//7274 3584//7274
f 3633//7275 3643//7275 3703//7275
f 3438//7276 3634//7276 3720//7276
f 3509//7277 3721//7277 3609//7277
f 3657//7278 3722//7278 3669//7278
f 3490//7279 3525//7279 3723//7279
f 3476//7280 3600//7280 3724//7280
f 3621//7281 3670//7281 3650//7281
f 3527//7282 3611//7282 3670//7282
f 3231//7283 3682//7283 3659//7283
f 3482//7284 3715//7284 3683//7284
f 3637//7285 3684//7285 3671//7285
f 3531//7286 3686//7286 3725//7286
f 3531//7287 3725//7287 3726//7287
f 3578//7288 3603//7288 3727//7288
f 3628//7289 3629//7289 3728//7289
f 3688//7290 3699//7290 3729//7290
f 3654//7291 3729//7291 3699//7291
f 3582//7292 3666//7292 3718//7292
f 3632//7293 3679//7293 3701//7293
f 3702//7294 3703//7294 3730//7294
f 3656//7295 3731//7295 3681//7295
f 3656//7296 3705//7296 3731//7296
f 3515//7297 3644//7297 3588//7297
f 3609//7298 3721//7298 3657//7298
f 3556//7299 3588//7299 3732//7299
f 3476//7300 3724//7300 3620//7300
f 3545//7301 3650//7301 3713//7301
f 3431//7302 3526//7302 3682//7302
f 3563//7303 3674//7303 3715//7303
f 3602//7304 3651//7304 3696//7304
f 3324//7305 3696//7305 3733//7305
f 3725//7306 3734//7306 3726//7306
f 3531//7307 3726//7307 3603//7307
f 3629//7308 3662//7308 3735//7308
f 3436//7309 3604//7309 3736//7309
f 3468//7310 3653//7310 3698//7310
f 3613//7311 3737//7311 3653//7311
f 3581//7312 3689//7312 3717//7312
f 3665//7313 3718//7313 3666//7313
f 3630//7314 3678//7314 3640//7314
f 3679//7315 3719//7315 3738//7315
f 3643//7316 3739//7316 3703//7316
f 3584//7317 3740//7317 3608//7317
f 3438//7318 3720//7318 3649//7318
f 3643//7319 3704//7319 3739//7319
f 3668//7320 3741//7320 3680//7320
f 3509//7321 3742//7321 3721//7321
f 3525//7322 3669//7322 3723//7322
f 3571//7323 3743//7323 3646//7323
f 3516//7324 3589//7324 3744//7324
f 3516//7325 3745//7325 3572//7325
f 3526//7326 3708//7326 3746//7326
f 3526//7327 3746//7327 3682//7327
f 3576//7328 3747//7328 3660//7328
f 3577//7329 3685//7329 3748//7329
f 3557//7330 3749//7330 3652//7330
f 3686//7331 3750//7331 3725//7331
f 3557//7332 3697//7332 3749//7332
f 3519//7333 3716//7333 3647//7333
f 3605//7334 3639//7334 3751//7334
f 3613//7335 3648//7335 3737//7335
f 3654//7336 3700//7336 3729//7336
f 3664//7337 3752//7337 3700//7337
f 3581//7338 3717//7338 3718//7338
f 3630//7339 3701//7339 3678//7339
f 3496//7340 3649//7340 3711//7340
f 3631//7341 3753//7341 3719//7341
f 3631//7342 3702//7342 3753//7342
f 3702//7343 3730//7343 3753//7343
f 3584//7344 3690//7344 3754//7344
f 3584//7345 3754//7345 3740//7345
f 3596//7346 3755//7346 3712//7346
f 3596//7347 3619//7347 3755//7347
f 3575//7348 3756//7348 3714//7348
f 3660//7349 3747//7349 3694//7349
f 3518//7350 3757//7350 3592//7350
f 3518//7351 3647//7351 3758//7351
f 3628//7352 3728//7352 3638//7352
f 3605//7353 3751//7353 3716//7353
f 3547//7354 3612//7354 3663//7354
f 3663//7355 3759//7355 3709//7355
f 3709//7356 3759//7356 3717//7356
f 3700//7357 3752//7357 3729//7357
f 3549//7358 3622//7358 3760//7358
f 3664//7359 3678//7359 3752//7359
f 3582//7360 3761//7360 3691//7360
f 3473//7361 3762//7361 3690//7361
f 3641//7362 3763//7362 3668//7362
f 3509//7363 3608//7363 3742//7363
f 3644//7364 3680//7364 3741//7364
f 3669//7365 3764//7365 3723//7365
f 3490//7366 3723//7366 3707//7366
f 3599//7367 3765//7367 3626//7367
f 3650//7368 3766//7368 3713//7368
f 3575//7369 3659//7369 3756//7369
f 3661//7370 3683//7370 3767//7370
f 3661//7371 3767//7371 3768//7371
f 3651//7372 3661//7372 3768//7372
f 3652//7373 3769//7373 3674//7373
f 3577//7374 3748//7374 3686//7374
f 3697//7375 3770//7375 3749//7375
f 3530//7376 3592//7376 3675//7376
f 3629//7377 3735//7377 3728//7377
f 3436//7378 3736//7378 3687//7378
f 3688//7379 3729//7379 3771//7379
f 3663//7380 3772//7380 3759//7380
f 3717//7381 3773//7381 3718//7381
f 3678//7382 3701//7382 3752//7382
f 3681//7383 3739//7383 3704//7383
f 3668//7384 3763//7384 3741//7384
f 3657//7385 3721//7385 3722//7385
f 3669//7386 3722//7386 3764//7386
f 3597//7387 3693//7387 3774//7387
f 3599//7388 3707//7388 3765//7388
f 3636//7389 3658//7389 3775//7389
f 3650//7390 3670//7390 3766//7390
f 3671//7391 3684//7391 3672//7391
f 3674//7392 3776//7392 3715//7392
f 3324//7393 3733//7393 3777//7393
f 3696//7394 3778//7394 3733//7394
f 3592//7395 3779//7395 3675//7395
f 3493//7396 3606//7396 3566//7396
f 3759//7397 3772//7397 3780//7397
f 3582//7398 3718//7398 3781//7398
f 3679//7399 3738//7399 3701//7399
f 3691//7400 3761//7400 3782//7400
f 3588//7401 3783//7401 3732//7401
f 3646//7402 3743//7402 3693//7402
f 3600//7403 3626//7403 3724//7403
f 3708//7404 3784//7404 3746//7404
f 3576//7405 3590//7405 3747//7405
f 3696//7406 3768//7406 3778//7406
f 3324//7407 3777//7407 3403//7407
f 3733//7408 3785//7408 3777//7408
f 3652//7409 3749//7409 3769//7409
f 3725//7410 3750//7410 3734//7410
f 3647//7411 3716//7411 3786//7411
f 3612//7412 3787//7412 3663//7412
f 3639//7413 3688//7413 3771//7413
f 3729//7414 3788//7414 3771//7414
f 3648//7415 3677//7415 3789//7415
f 3701//7416 3790//7416 3752//7416
f 3473//7417 3655//7417 3762//7417
f 3719//7418 3753//7418 3738//7418
f 3649//7419 3791//7419 3711//7419
f 3705//7420 3792//7420 3731//7420
f 3692//7421 3793//7421 3705//7421
f 3571//7422 3794//7422 3743//7422
f 3571//7423 3620//7423 3794//7423
f 3626//7424 3795//7424 3724//7424
f 3572//7425 3775//7425 3658//7425
f 3670//7426 3796//7426 3766//7426
f 3611//7427 3714//7427 3796//7427
f 3611//7428 3796//7428 3670//7428
f 3651//7429 3768//7429 3696//7429
f 3686//7430 3797//7430 3750//7430
f 3518//7431 3758//7431 3757//7431
f 3647//7432 3786//7432 3758//7432
f 3662//7433 3698//7433 3735//7433
f 3663//7434 3787//7434 3772//7434
f 3729//7435 3790//7435 3788//7435
f 3717//7436 3759//7436 3773//7436
f 3729//7437 3752//7437 3790//7437
f 3549//7438 3760//7438 3710//7438
f 3718//7439 3773//7439 3781//7439
f 3582//7440 3781//7440 3761//7440
f 3641//7441 3691//7441 3763//7441
f 3608//7442 3740//7442 3798//7442
f 3705//7443 3793//7443 3792//7443
f 3692//7444 3712//7444 3793//7444
f 3645//7445 3799//7445 3706//7445
f 3625//7446 3799//7446 3645//7446
f 3626//7447 3765//7447 3795//7447
f 3208//7448 3713//7448 3800//7448
f 3713//7449 3766//7449 3800//7449
f 3684//7450 3695//7450 3801//7450
f 3733//7451 3778//7451 3785//7451
f 3674//7452 3769//7452 3776//7452
f 3675//7453 3802//7453 3697//7453
f 3578//7454 3803//7454 3612//7454
f 3606//7455 3687//7455 3804//7455
f 3648//7456 3789//7456 3805//7456
f 3681//7457 3731//7457 3806//7457
f 3731//7458 3792//7458 3806//7458
f 3644//7459 3741//7459 3807//7459
f 3556//7460 3732//7460 3610//7460
f 3598//7461 3610//7461 3808//7461
f 3625//7462 3636//7462 3799//7462
f 3620//7463 3724//7463 3794//7463
f 3636//7464 3775//7464 3799//7464
f 3516//7465 3744//7465 3745//7465
f 3590//7466 3672//7466 3809//7466
f 3590//7467 3810//7467 3747//7467
f 3685//7468 3694//7468 3748//7468
f 3686//7469 3748//7469 3797//7469
f 3734//7470 3750//7470 3811//7470
f 3697//7471 3802//7471 3770//7471
f 3772//7472 3787//7472 3780//7472
f 3566//7473 3606//7473 3804//7473
f 3759//7474 3812//7474 3773//7474
f 3701//7475 3813//7475 3790//7475
f 3761//7476 3781//7476 3814//7476
f 3703//7477 3815//7477 3730//7477
f 3681//7478 3806//7478 3739//7478
f 3712//7479 3755//7479 3816//7479
f 3588//7480 3644//7480 3783//7480
f 3722//7481 3817//7481 3764//7481
f 3766//7482 3796//7482 3800//7482
f 3682//7483 3746//7483 3784//7483
f 3694//7484 3747//7484 3748//7484
f 3683//7485 3715//7485 3776//7485
f 3672//7486 3684//7486 3801//7486
f 3414//7487 3818//7487 3695//7487
f 3750//7488 3797//7488 3811//7488
f 3578//7489 3727//7489 3803//7489
f 3604//7490 3638//7490 3736//7490
f 3566//7491 3804//7491 3819//7491
f 3759//7492 3780//7492 3820//7492
f 3566//7493 3821//7493 3622//7493
f 3701//7494 3822//7494 3813//7494
f 3551//7495 3710//7495 3823//7495
f 3551//7496 3823//7496 3655//7496
f 3761//7497 3814//7497 3782//7497
f 3730//7498 3824//7498 3753//7498
f 3703//7499 3739//7499 3825//7499
f 3792//7500 3826//7500 3806//7500
f 3741//7501 3827//7501 3807//7501
f 3721//7502 3817//7502 3722//7502
f 3610//7503 3732//7503 3808//7503
f 3208//7504 3800//7504 3828//7504
f 3627//7505 3829//7505 3708//7505
f 3796//7506 3828//7506 3800//7506
f 3659//7507 3682//7507 3830//7507
f 3768//7508 3785//7508 3778//7508
f 3777//7509 3785//7509 3831//7509
f 3726//7510 3734//7510 3832//7510
f 3592//7511 3757//7511 3779//7511
f 3771//7512 3788//7512 3833//7512
f 3648//7513 3805//7513 3737//7513
f 3622//7514 3821//7514 3760//7514
f 3813//7515 3822//7515 3834//7515
f 3667//7516 3711//7516 3677//7516
f 3701//7517 3835//7517 3822//7517
f 3691//7518 3782//7518 3836//7518
f 3703//7519 3825//7519 3815//7519
f 3741//7520 3763//7520 3827//7520
f 3634//7521 3706//7521 3837//7521
f 3597//7522 3774//7522 3619//7522
f 3572//7523 3838//7523 3775//7523
f 3500//7524 3829//7524 3627//7524
f 3708//7525 3829//7525 3839//7525
f 3708//7526 3839//7526 3784//7526
f 3682//7527 3784//7527 3840//7527
f 3675//7528 3841//7528 3802//7528
f 3780//7529 3787//7529 3820//7529
f 3759//7530 3842//7530 3812//7530
f 3782//7531 3814//7531 3836//7531
f 3649//7532 3720//7532 3843//7532
f 3634//7533 3837//7533 3720//7533
f 3644//7534 3807//7534 3783//7534
f 3707//7535 3723//7535 3844//7535
f 3208//7536 3845//7536 3500//7536
f 3672//7537 3846//7537 3809//7537
f 3768//7538 3847//7538 3785//7538
f 3785//7539 3847//7539 3831//7539
f 3769//7540 3848//7540 3776//7540
f 3603//7541 3726//7541 3849//7541
f 3687//7542 3850//7542 3804//7542
f 3639//7543 3851//7543 3751//7543
f 3639//7544 3771//7544 3851//7544
f 3653//7545 3737//7545 3852//7545
f 3759//7546 3820//7546 3842//7546
f 3773//7547 3812//7547 3853//7547
f 3788//7548 3790//7548 3854//7548
f 3773//7549 3814//7549 3781//7549
f 3822//7550 3835//7550 3855//7550
f 3691//7551 3836//7551 3763//7551
f 3792//7552 3793//7552 3826//7552
f 3721//7553 3742//7553 3856//7553
f 3208//7554 3857//7554 3845//7554
f 3208//7555 3828//7555 3857//7555
f 3796//7556 3858//7556 3828//7556
f 3714//7557 3859//7557 3796//7557
f 3714//7558 3756//7558 3859//7558
f 3683//7559 3860//7559 3767//7559
f 3767//7560 3847//7560 3768//7560
f 3672//7561 3801//7561 3846//7561
f 3695//7562 3861//7562 3801//7562
f 3695//7563 3818//7563 3862//7563
f 3770//7564 3802//7564 3841//7564
f 3734//7565 3811//7565 3832//7565
f 3757//7566 3863//7566 3779//7566
f 3727//7567 3864//7567 3803//7567
f 3758//7568 3786//7568 3865//7568
f 3612//7569 3803//7569 3866//7569
f 3813//7570 3834//7570 3867//7570
f 3773//7571 3868//7571 3814//7571
f 3822//7572 3855//7572 3834//7572
f 3701//7573 3738//7573 3824//7573
f 3738//7574 3753//7574 3824//7574
f 3763//7575 3869//7575 3870//7575
f 3740//7576 3871//7576 3798//7576
f 3739//7577 3806//7577 3826//7577
f 3763//7578 3870//7578 3827//7578
f 3608//7579 3798//7579 3742//7579
f 3619//7580 3816//7580 3755//7580
f 3693//7581 3743//7581 3794//7581
f 3572//7582 3745//7582 3838//7582
f 3829//7583 3872//7583 3839//7583
f 3784//7584 3839//7584 3872//7584
f 3796//7585 3859//7585 3858//7585
f 3784//7586 3872//7586 3840//7586
f 3682//7587 3840//7587 3830//7587
f 3683//7588 3776//7588 3873//7588
f 3801//7589 3862//7589 3846//7589
f 3801//7590 3861//7590 3862//7590
f 3695//7591 3862//7591 3861//7591
f 3749//7592 3874//7592 3769//7592
f 3749//7593 3770//7593 3874//7593
f 3716//7594 3865//7594 3786//7594
f 3638//7595 3875//7595 3736//7595
f 3612//7596 3866//7596 3876//7596
f 3612//7597 3876//7597 3787//7597
f 3653//7598 3877//7598 3698//7598
f 3751//7599 3878//7599 3879//7599
f 3751//7600 3851//7600 3878//7600
f 3771//7601 3880//7601 3851//7601
f 3771//7602 3833//7602 3880//7602
f 3737//7603 3805//7603 3852//7603
f 3790//7604 3881//7604 3854//7604
f 3790//7605 3813//7605 3881//7605
f 3773//7606 3882//7606 3868//7606
f 3701//7607 3824//7607 3835//7607
f 3739//7608 3883//7608 3825//7608
f 3807//7609 3827//7609 3884//7609
f 3712//7610 3826//7610 3793//7610
f 3828//7611 3858//7611 3857//7611
f 3747//7612 3810//7612 3885//7612
f 3683//7613 3873//7613 3860//7613
f 3747//7614 3886//7614 3748//7614
f 3747//7615 3885//7615 3886//7615
f 3769//7616 3874//7616 3848//7616
f 3748//7617 3887//7617 3797//7617
f 3726//7618 3832//7618 3849//7618
f 3603//7619 3849//7619 3727//7619
f 3716//7620 3751//7620 3879//7620
f 3773//7621 3853//7621 3888//7621
f 3813//7622 3889//7622 3881//7622
f 3813//7623 3867//7623 3889//7623
f 3710//7624 3760//7624 3890//7624
f 3710//7625 3890//7625 3823//7625
f 3824//7626 3891//7626 3835//7626
f 3730//7627 3892//7627 3824//7627
f 3730//7628 3815//7628 3892//7628
f 3763//7629 3836//7629 3869//7629
f 3649//7630 3843//7630 3893//7630
f 3739//7631 3826//7631 3894//7631
f 3827//7632 3870//7632 3884//7632
f 3742//7633 3798//7633 3856//7633
f 3721//7634 3895//7634 3817//7634
f 3619//7635 3774//7635 3816//7635
f 3693//7636 3794//7636 3896//7636
f 3724//7637 3896//7637 3794//7637
f 3707//7638 3844//7638 3765//7638
f 3775//7639 3897//7639 3799//7639
f 3500//7640 3898//7640 3829//7640
f 3829//7641 3898//7641 3872//7641
f 3858//7642 3859//7642 3899//7642
f 3659//7643 3830//7643 3756//7643
f 3590//7644 3900//7644 3810//7644
f 3767//7645 3860//7645 3847//7645
f 3831//7646 3847//7646 3901//7646
f 3748//7647 3886//7647 3902//7647
f 3414//7648 3903//7648 3818//7648
f 3770//7649 3841//7649 3904//7649
f 3675//7650 3779//7650 3841//7650
f 3727//7651 3849//7651 3864//7651
f 3757//7652 3758//7652 3863//7652
f 3687//7653 3736//7653 3850//7653
f 3787//7654 3876//7654 3905//7654
f 3820//7655 3906//7655 3842//7655
f 3566//7656 3819//7656 3821//7656
f 3773//7657 3888//7657 3882//7657
f 3835//7658 3891//7658 3855//7658
f 3690//7659 3762//7659 3754//7659
f 3739//7660 3894//7660 3883//7660
f 3693//7661 3907//7661 3774//7661
f 3723//7662 3764//7662 3844//7662
f 3775//7663 3838//7663 3897//7663
f 3845//7664 3857//7664 3899//7664
f 3857//7665 3858//7665 3899//7665
f 3830//7666 3840//7666 3908//7666
f 3776//7667 3909//7667 3873//7667
f 3777//7668 3831//7668 3901//7668
f 3848//7669 3874//7669 3910//7669
f 3770//7670 3904//7670 3874//7670
f 3638//7671 3728//7671 3911//7671
f 3866//7672 3912//7672 3876//7672
f 3716//7673 3879//7673 3913//7673
f 3787//7674 3905//7674 3820//7674
f 3788//7675 3914//7675 3833//7675
f 3812//7676 3842//7676 3853//7676
f 3788//7677 3915//7677 3914//7677
f 3788//7678 3854//7678 3915//7678
f 3760//7679 3821//7679 3890//7679
f 3834//7680 3916//7680 3867//7680
f 3834//7681 3855//7681 3916//7681
f 3649//7682 3893//7682 3791//7682
f 3740//7683 3754//7683 3917//7683
f 3740//7684 3917//7684 3871//7684
f 3783//7685 3807//7685 3884//7685
f 3721//7686 3856//7686 3895//7686
f 3706//7687 3918//7687 3837//7687
f 3774//7688 3919//7688 3816//7688
f 3764//7689 3817//7689 3844//7689
f 3840//7690 3872//7690 3908//7690
f 3776//7691 3848//7691 3909//7691
f 3403//7692 3920//7692 3673//7692
f 3638//7693 3911//7693 3921//7693
f 3653//7694 3852//7694 3877//7694
f 3867//7695 3922//7695 3889//7695
f 3867//7696 3916//7696 3922//7696
f 3868//7697 3882//7697 3923//7697
f 3677//7698 3711//7698 3924//7698
f 3814//7699 3869//7699 3836//7699
f 3500//7700 3845//7700 3925//7700
f 3500//7701 3925//7701 3898//7701
f 3872//7702 3898//7702 3926//7702
f 3845//7703 3899//7703 3925//7703
f 3872//7704 3926//7704 3908//7704
f 3859//7705 3927//7705 3899//7705
f 3756//7706 3830//7706 3927//7706
f 3756//7707 3927//7707 3859//7707
f 3810//7708 3900//7708 3885//7708
f 3590//7709 3928//7709 3900//7709
f 3590//7710 3809//7710 3928//7710
f 3847//7711 3860//7711 3929//7711
f 3777//7712 3901//7712 3847//7712
f 3748//7713 3902//7713 3887//7713
f 3874//7714 3930//7714 3910//7714
f 3797//7715 3832//7715 3811//7715
f 3758//7716 3865//7716 3931//7716
f 3803//7717 3912//7717 3866//7717
f 3833//7718 3914//7718 3880//7718
f 3881//7719 3889//7719 3932//7719
f 3814//7720 3868//7720 3933//7720
f 3855//7721 3891//7721 3934//7721
f 3815//7722 3825//7722 3883//7722
f 3712//7723 3935//7723 3826//7723
f 3774//7724 3907//7724 3936//7724
f 3765//7725 3844//7725 3795//7725
f 3898//7726 3925//7726 3926//7726
f 3899//7727 3927//7727 3925//7727
f 3908//7728 3926//7728 3937//7728
f 3925//7729 3927//7729 3937//7729
f 3830//7730 3908//7730 3937//7730
f 3830//7731 3937//7731 3927//7731
f 3818//7732 3938//7732 3846//7732
f 3818//7733 3846//7733 3862//7733
f 3777//7734 3847//7734 3929//7734
f 3832//7735 3939//7735 3849//7735
f 3779//7736 3940//7736 3841//7736
f 3779//7737 3863//7737 3940//7737
f 3716//7738 3913//7738 3865//7738
f 3851//7739 3941//7739 3878//7739
f 3854//7740 3881//7740 3915//7740
f 3855//7741 3942//7741 3916//7741
f 3891//7742 3892//7742 3934//7742
f 3824//7743 3892//7743 3891//7743
f 3814//7744 3943//7744 3869//7744
f 3869//7745 3943//7745 3870//7745
f 3826//7746 3944//7746 3894//7746
f 3870//7747 3945//7747 3884//7747
f 3826//7748 3935//7748 3944//7748
f 3783//7749 3884//7749 3945//7749
f 3817//7750 3895//7750 3946//7750
f 3732//7751 3783//7751 3947//7751
f 3706//7752 3799//7752 3918//7752
f 3817//7753 3948//7753 3844//7753
f 3693//7754 3896//7754 3907//7754
f 3925//7755 3937//7755 3926//7755
f 3885//7756 3949//7756 3886//7756
f 3698//7757 3950//7757 3735//7757
f 3804//7758 3850//7758 3819//7758
f 3820//7759 3905//7759 3906//7759
f 3842//7760 3906//7760 3853//7760
f 3882//7761 3888//7761 3923//7761
f 3677//7762 3924//7762 3789//7762
f 3855//7763 3934//7763 3951//7763
f 3655//7764 3823//7764 3952//7764
f 3815//7765 3953//7765 3892//7765
f 3870//7766 3954//7766 3945//7766
f 3883//7767 3894//7767 3944//7767
f 3774//7768 3936//7768 3919//7768
f 3732//7769 3955//7769 3808//7769
f 3817//7770 3946//7770 3948//7770
f 3724//7771 3956//7771 3896//7771
f 3809//7772 3846//7772 3938//7772
f 3818//7773 3957//7773 3938//7773
f 3886//7774 3949//7774 3902//7774
f 3403//7775 3777//7775 3929//7775
f 3797//7776 3887//7776 3958//7776
f 3797//7777 3958//7777 3959//7777
f 3797//7778 3959//7778 3832//7778
f 3736//7779 3875//7779 3960//7779
f 3698//7780 3877//7780 3950//7780
f 3878//7781 3961//7781 3879//7781
f 3851//7782 3962//7782 3941//7782
f 3851//7783 3880//7783 3962//7783
f 3881//7784 3932//7784 3915//7784
f 3916//7785 3963//7785 3922//7785
f 3916//7786 3942//7786 3963//7786
f 3855//7787 3951//7787 3942//7787
f 3814//7788 3964//7788 3943//7788
f 3711//7789 3791//7789 3893//7789
f 3945//7790 3954//7790 3965//7790
f 3816//7791 3919//7791 3966//7791
f 3724//7792 3795//7792 3967//7792
f 3809//7793 3938//7793 3928//7793
f 3860//7794 3968//7794 3929//7794
f 3848//7795 3910//7795 3909//7795
f 3818//7796 3903//7796 3957//7796
f 3887//7797 3902//7797 3969//7797
f 3874//7798 3904//7798 3930//7798
f 3849//7799 3970//7799 3864//7799
f 3736//7800 3960//7800 3850//7800
f 3880//7801 3914//7801 3962//7801
f 3819//7802 3971//7802 3821//7802
f 3815//7803 3883//7803 3953//7803
f 3754//7804 3972//7804 3917//7804
f 3870//7805 3943//7805 3954//7805
f 3720//7806 3837//7806 3843//7806
f 3883//7807 3944//7807 3973//7807
f 3712//7808 3816//7808 3966//7808
f 3732//7809 3947//7809 3955//7809
f 3589//7810 3598//7810 3974//7810
f 3860//7811 3873//7811 3968//7811
f 3902//7812 3949//7812 3969//7812
f 3414//7813 3975//7813 3903//7813
f 3414//7814 3673//7814 3976//7814
f 3841//7815 3977//7815 3904//7815
f 3803//7816 3864//7816 3978//7816
f 3638//7817 3921//7817 3875//7817
f 3879//7818 3961//7818 3979//7818
f 3905//7819 3980//7819 3906//7819
f 3889//7820 3922//7820 3932//7820
f 3789//7821 3924//7821 3805//7821
f 3711//7822 3981//7822 3924//7822
f 3934//7823 3982//7823 3951//7823
f 3934//7824 3983//7824 3982//7824
f 3892//7825 3983//7825 3934//7825
f 3655//7826 3952//7826 3984//7826
f 3655//7827 3984//7827 3762//7827
f 3754//7828 3762//7828 3972//7828
f 3883//7829 3973//7829 3985//7829
f 3945//7830 3965//7830 3986//7830
f 3783//7831 3945//7831 3986//7831
f 3856//7832 3987//7832 3895//7832
f 3598//7833 3808//7833 3974//7833
f 3589//7834 3974//7834 3744//7834
f 3745//7835 3988//7835 3838//7835
f 3403//7836 3929//7836 3920//7836
f 3903//7837 3938//7837 3957//7837
f 3841//7838 3989//7838 3977//7838
f 3841//7839 3940//7839 3989//7839
f 3758//7840 3931//7840 3863//7840
f 3878//7841 3941//7841 3990//7841
f 3941//7842 3962//7842 3990//7842
f 3915//7843 3932//7843 3962//7843
f 3932//7844 3991//7844 3962//7844
f 3922//7845 3991//7845 3932//7845
f 3942//7846 3951//7846 3992//7846
f 3814//7847 3933//7847 3964//7847
f 3935//7848 3993//7848 3944//7848
f 3712//7849 3966//7849 3935//7849
f 3907//7850 3994//7850 3936//7850
f 3744//7851 3974//7851 3995//7851
f 3885//7852 3900//7852 3996//7852
f 3414//7853 3976//7853 3975//7853
f 3876//7854 3997//7854 3905//7854
f 3914//7855 3915//7855 3962//7855
f 3942//7856 3992//7856 3963//7856
f 3951//7857 3998//7857 3992//7857
f 3892//7858 3999//7858 3983//7858
f 3943//7859 3964//7859 4000//7859
f 3762//7860 3984//7860 3972//7860
f 3798//7861 3871//7861 3856//7861
f 3935//7862 3966//7862 3993//7862
f 3795//7863 3844//7863 4001//7863
f 3885//7864 3996//7864 3949//7864
f 3903//7865 4002//7865 3938//7865
f 3673//7866 3920//7866 3929//7866
f 3949//7867 4003//7867 3969//7867
f 3887//7868 3969//7868 4004//7868
f 3887//7869 4004//7869 3958//7869
f 3832//7870 3959//7870 3939//7870
f 3849//7871 3939//7871 4005//7871
f 3864//7872 3970//7872 3978//7872
f 3905//7873 3997//7873 4006//7873
f 3878//7874 4007//7874 3961//7874
f 3905//7875 4006//7875 3980//7875
f 3906//7876 3980//7876 4008//7876
f 3853//7877 3906//7877 4008//7877
f 3853//7878 4008//7878 3888//7878
f 3888//7879 4008//7879 3923//7879
f 3922//7880 3963//7880 3991//7880
f 3868//7881 3923//7881 3933//7881
f 3951//7882 3982//7882 4009//7882
f 3983//7883 3999//7883 4010//7883
f 3933//7884 4011//7884 3964//7884
f 3892//7885 4010//7885 3999//7885
f 3892//7886 3953//7886 4010//7886
f 3883//7887 3985//7887 3953//7887
f 3724//7888 3967//7888 3956//7888
f 3838//7889 3988//7889 3897//7889
f 3928//7890 3938//7890 4012//7890
f 3938//7891 4002//7891 4012//7891
f 3949//7892 3996//7892 4003//7892
f 3903//7893 3975//7893 4002//7893
f 3975//7894 3976//7894 4013//7894
f 3969//7895 4014//7895 4004//7895
f 3904//7896 4015//7896 3930//7896
f 3904//7897 3977//7897 4015//7897
f 3849//7898 4005//7898 3970//7898
f 3865//7899 4016//7899 3931//7899
f 3728//7900 3735//7900 4017//7900
f 3980//7901 4006//7901 4018//7901
f 3878//7902 3990//7902 4019//7902
f 3821//7903 4020//7903 3890//7903
f 3963//7904 3992//7904 3991//7904
f 3923//7905 4011//7905 3933//7905
f 3951//7906 4009//7906 4021//7906
f 3982//7907 3983//7907 4010//7907
f 3973//7908 4022//7908 3985//7908
f 3944//7909 4022//7909 3973//7909
f 3783//7910 3986//7910 3947//7910
f 3895//7911 3987//7911 3946//7911
f 3896//7912 3994//7912 3907//7912
f 3873//7913 4023//7913 3968//7913
f 3975//7914 4013//7914 4002//7914
f 3673//7915 3929//7915 4024//7915
f 3976//7916 4025//7916 4013//7916
f 3673//7917 4025//7917 3976//7917
f 3961//7918 4007//7918 4026//7918
f 3980//7919 4018//7919 4027//7919
f 3962//7920 3991//7920 4028//7920
f 3991//7921 3992//7921 4029//7921
f 3951//7922 4021//7922 3998//7922
f 3823//7923 3890//7923 3952//7923
f 3953//7924 3985//7924 4010//7924
f 3985//7925 4030//7925 4010//7925
f 3837//7926 3918//7926 4031//7926
f 3919//7927 4032//7927 3966//7927
f 3919//7928 3936//7928 4032//7928
f 3844//7929 3948//7929 4001//7929
f 3744//7930 4033//7930 3745//7930
f 3873//7931 3909//7931 4023//7931
f 3673//7932 4024//7932 4025//7932
f 3958//7933 4034//7933 3959//7933
f 3865//7934 3913//7934 4016//7934
f 3728//7935 4035//7935 3911//7935
f 3911//7936 4036//7936 3921//7936
f 3961//7937 4026//7937 3979//7937
f 3850//7938 3960//7938 4037//7938
f 4006//7939 4038//7939 4018//7939
f 3819//7940 3850//7940 4039//7940
f 3980//7941 4027//7941 4008//7941
f 3805//7942 4040//7942 3852//7942
f 3962//7943 4028//7943 4041//7943
f 3923//7944 4008//7944 4042//7944
f 4008//7945 4043//7945 4042//7945
f 3992//7946 3998//7946 4029//7946
f 3964//7947 4011//7947 4044//7947
f 3982//7948 4045//7948 4009//7948
f 3943//7949 4000//7949 4046//7949
f 3943//7950 4046//7950 3954//7950
f 3966//7951 4047//7951 3993//7951
f 3946//7952 4048//7952 3948//7952
f 3799//7953 3897//7953 4049//7953
f 4002//7954 4013//7954 4024//7954
f 4013//7955 4025//7955 4024//7955
f 3910//7956 3930//7956 4050//7956
f 3930//7957 4015//7957 4050//7957
f 3977//7958 4051//7958 4015//7958
f 3958//7959 4004//7959 4052//7959
f 3977//7960 4053//7960 4051//7960
f 3977//7961 3989//7961 4053//7961
f 3878//7962 4019//7962 4007//7962
f 4018//7963 4038//7963 4027//7963
f 3991//7964 4054//7964 4028//7964
f 3991//7965 4029//7965 4054//7965
f 4009//7966 4045//7966 4021//7966
f 3982//7967 4010//7967 4045//7967
f 3871//7968 3917//7968 4055//7968
f 3944//7969 3993//7969 4022//7969
f 3856//7970 3871//7970 4056//7970
f 4002//7971 4024//7971 4012//7971
f 3929//7972 3968//7972 4024//7972
f 3909//7973 4057//7973 4023//7973
f 3969//7974 4003//7974 4014//7974
f 4004//7975 4014//7975 4052//7975
f 3958//7976 4052//7976 4058//7976
f 3958//7977 4058//7977 4034//7977
f 3959//7978 4034//7978 4059//7978
f 3939//7979 3959//7979 4059//7979
f 3940//7980 4060//7980 3989//7980
f 3940//7981 4061//7981 4060//7981
f 3803//7982 4062//7982 3912//7982
f 4027//7983 4038//7983 4063//7983
f 3962//7984 4041//7984 3990//7984
f 3821//7985 3971//7985 4020//7985
f 3998//7986 4021//7986 4064//7986
f 3923//7987 4044//7987 4011//7987
f 4010//7988 4030//7988 4065//7988
f 3985//7989 4022//7989 4047//7989
f 3946//7990 4066//7990 4048//7990
f 3948//7991 4048//7991 4067//7991
f 3936//7992 3994//7992 4068//7992
f 3896//7993 3956//7993 3994//7993
f 3745//7994 4033//7994 3988//7994
f 3928//7995 4012//7995 4069//7995
f 3968//7996 4023//7996 4070//7996
f 3996//7997 4071//7997 4003//7997
f 3910//7998 4050//7998 4072//7998
f 3863//7999 4073//7999 3940//7999
f 3803//8000 3978//8000 4062//8000
f 3875//8001 4074//8001 3960//8001
f 4007//8002 4019//8002 4026//8002
f 4008//8003 4027//8003 4043//8003
f 4028//8004 4054//8004 4075//8004
f 3805//8005 3924//8005 3981//8005
f 3998//8006 4076//8006 4029//8006
f 3998//8007 4064//8007 4076//8007
f 4030//8008 4077//8008 4065//8008
f 3917//8009 4078//8009 4055//8009
f 3985//8010 4047//8010 4030//8010
f 3965//8011 4079//8011 3986//8011
f 3993//8012 4047//8012 4022//8012
f 3799//8013 4049//8013 3918//8013
f 3900//8014 3928//8014 4069//8014
f 4012//8015 4024//8015 4080//8015
f 4023//8016 4081//8016 4070//8016
f 4023//8017 4057//8017 4081//8017
f 3909//8018 4072//8018 4057//8018
f 3909//8019 3910//8019 4072//8019
f 3989//8020 4082//8020 4053//8020
f 3940//8021 4073//8021 4061//8021
f 3876//8022 3912//8022 3997//8022
f 3911//8023 4035//8023 4036//8023
f 3875//8024 3921//8024 4036//8024
f 3879//8025 3979//8025 3913//8025
f 3735//8026 3950//8026 4017//8026
f 4038//8027 4083//8027 4063//8027
f 3923//8028 4042//8028 4044//8028
f 4021//8029 4045//8029 4084//8029
f 4010//8030 4065//8030 4045//8030
f 3843//8031 4085//8031 3893//8031
f 3871//8032 4086//8032 4056//8032
f 3837//8033 4031//8033 3843//8033
f 3856//8034 4056//8034 3987//8034
f 3795//8035 4001//8035 4087//8035
f 3968//8036 4070//8036 4024//8036
f 4015//8037 4088//8037 4050//8037
f 4051//8038 4053//8038 4089//8038
f 3939//8039 4059//8039 4005//8039
f 3863//8040 3931//8040 4073//8040
f 3913//8041 4090//8041 4016//8041
f 3997//8042 4091//8042 4006//8042
f 4006//8043 4091//8043 4092//8043
f 3877//8044 4093//8044 3950//8044
f 3990//8045 4094//8045 4019//8045
f 4028//8046 4075//8046 4041//8046
f 4054//8047 4095//8047 4075//8047
f 4029//8048 4076//8048 4096//8048
f 4021//8049 4097//8049 4064//8049
f 4021//8050 4084//8050 4097//8050
f 3711//8051 4085//8051 3981//8051
f 3711//8052 3893//8052 4085//8052
f 3954//8053 4079//8053 3965//8053
f 3946//8054 3987//8054 4066//8054
f 3948//8055 4067//8055 4098//8055
f 3744//8056 3995//8056 4033//8056
f 4003//8057 4071//8057 4014//8057
f 4014//8058 4071//8058 4099//8058
f 4014//8059 4100//8059 4052//8059
f 4053//8060 4101//8060 4102//8060
f 4052//8061 4103//8061 4058//8061
f 4053//8062 4082//8062 4101//8062
f 3989//8063 4060//8063 4082//8063
f 3970//8064 4104//8064 3978//8064
f 3931//8065 4016//8065 4105//8065
f 4006//8066 4092//8066 4038//8066
f 3819//8067 4039//8067 3971//8067
f 3852//8068 4040//8068 4106//8068
f 4029//8069 4107//8069 4054//8069
f 4064//8070 4096//8070 4076//8070
f 4042//8071 4108//8071 4044//8071
f 3964//8072 4046//8072 4000//8072
f 3917//8073 3972//8073 4109//8073
f 3917//8074 4109//8074 4078//8074
f 3871//8075 4055//8075 4086//8075
f 4030//8076 4047//8076 4077//8076
f 3954//8077 4046//8077 4079//8077
f 3948//8078 4098//8078 4001//8078
f 3900//8079 4069//8079 3996//8079
f 4024//8080 4070//8080 4080//8080
f 4057//8081 4072//8081 4088//8081
f 4050//8082 4088//8082 4072//8082
f 4053//8083 4102//8083 4089//8083
f 4052//8084 4100//8084 4103//8084
f 4034//8085 4058//8085 4059//8085
f 4058//8086 4103//8086 4059//8086
f 3931//8087 4105//8087 4073//8087
f 3875//8088 4036//8088 4074//8088
f 3990//8089 4110//8089 4094//8089
f 4041//8090 4075//8090 4111//8090
f 4075//8091 4095//8091 4111//8091
f 4042//8092 4043//8092 4112//8092
f 4029//8093 4113//8093 4107//8093
f 4029//8094 4096//8094 4113//8094
f 3890//8095 4114//8095 3952//8095
f 4045//8096 4065//8096 4084//8096
f 4065//8097 4077//8097 4115//8097
f 3964//8098 4044//8098 4116//8098
f 4047//8099 4117//8099 4077//8099
f 3956//8100 3967//8100 4118//8100
f 3995//8101 4119//8101 4033//8101
f 4070//8102 4120//8102 4080//8102
f 3996//8103 4121//8103 4071//8103
f 4057//8104 4088//8104 4122//8104
f 4015//8105 4051//8105 4088//8105
f 4100//8106 4102//8106 4103//8106
f 4101//8107 4103//8107 4102//8107
f 4101//8108 4123//8108 4103//8108
f 3970//8109 4005//8109 4104//8109
f 3728//8110 4017//8110 4035//8110
f 3950//8111 4124//8111 4017//8111
f 3950//8112 4093//8112 4124//8112
f 3852//8113 4106//8113 3877//8113
f 3990//8114 4041//8114 4110//8114
f 4027//8115 4125//8115 4043//8115
f 4043//8116 4125//8116 4112//8116
f 4054//8117 4107//8117 4126//8117
f 3947//8118 3986//8118 4127//8118
f 3897//8119 3988//8119 4049//8119
f 4070//8120 4081//8120 4120//8120
f 4057//8121 4122//8121 4081//8121
f 4071//8122 4121//8122 4099//8122
f 4014//8123 4099//8123 4100//8123
f 4088//8124 4089//8124 4128//8124
f 4051//8125 4089//8125 4088//8125
f 4099//8126 4102//8126 4100//8126
f 4082//8127 4129//8127 4101//8127
f 4059//8128 4103//8128 4123//8128
f 3912//8129 4062//8129 3997//8129
f 3850//8130 4037//8130 4039//8130
f 4027//8131 4130//8131 4125//8131
f 4054//8132 4126//8132 4095//8132
f 3805//8133 3981//8133 4131//8133
f 4042//8134 4112//8134 4132//8134
f 4042//8135 4132//8135 4133//8135
f 4042//8136 4133//8136 4108//8136
f 4064//8137 4097//8137 4096//8137
f 4044//8138 4108//8138 4116//8138
f 3964//8139 4116//8139 4046//8139
f 4046//8140 4116//8140 4079//8140
f 3987//8141 4056//8141 4134//8141
f 3987//8142 4134//8142 4066//8142
f 3936//8143 4068//8143 4032//8143
f 3808//8144 3955//8144 3947//8144
f 3808//8145 3947//8145 4135//8145
f 3808//8146 4135//8146 3974//8146
f 4012//8147 4080//8147 4069//8147
f 3996//8148 4069//8148 4121//8148
f 4081//8149 4136//8149 4120//8149
f 4081//8150 4122//8150 4136//8150
f 4099//8151 4137//8151 4102//8151
f 4060//8152 4129//8152 4082//8152
f 3913//8153 3979//8153 4138//8153
f 4091//8154 4139//8154 4092//8154
f 4038//8155 4092//8155 4083//8155
f 3805//8156 4131//8156 4040//8156
f 3952//8157 4140//8157 3984//8157
f 3972//8158 3984//8158 4141//8158
f 4065//8159 4115//8159 4084//8159
f 3986//8160 4079//8160 4127//8160
f 3956//8161 4118//8161 3994//8161
f 3795//8162 4087//8162 3967//8162
f 4069//8163 4080//8163 4142//8163
f 4080//8164 4120//8164 4142//8164
f 4099//8165 4121//8165 4143//8165
f 4089//8166 4102//8166 4137//8166
f 4059//8167 4123//8167 4129//8167
f 4101//8168 4129//8168 4123//8168
f 4061//8169 4073//8169 4105//8169
f 3979//8170 4144//8170 4138//8170
f 3979//8171 4026//8171 4144//8171
f 4041//8172 4145//8172 4110//8172
f 4041//8173 4111//8173 4146//8173
f 4112//8174 4147//8174 4132//8174
f 3952//8175 4114//8175 4140//8175
f 3843//8176 4031//8176 4148//8176
f 3966//8177 4032//8177 4047//8177
f 4048//8178 4066//8178 4067//8178
f 3994//8179 4149//8179 4068//8179
f 3994//8180 4118//8180 4150//8180
f 4120//8181 4151//8181 4142//8181
f 4120//8182 4136//8182 4151//8182
f 4069//8183 4143//8183 4121//8183
f 4069//8184 4142//8184 4143//8184
f 4099//8185 4143//8185 4137//8185
f 4089//8186 4137//8186 4152//8186
f 3978//8187 4104//8187 4062//8187
f 4016//8188 4090//8188 4105//8188
f 3997//8189 4062//8189 4153//8189
f 4041//8190 4146//8190 4145//8190
f 4125//8191 4130//8191 4154//8191
f 4107//8192 4113//8192 4155//8192
f 4096//8193 4156//8193 4113//8193
f 4096//8194 4097//8194 4156//8194
f 3984//8195 4140//8195 4141//8195
f 4108//8196 4157//8196 4116//8196
f 4084//8197 4158//8197 4159//8197
f 4116//8198 4157//8198 4160//8198
f 4077//8199 4161//8199 4115//8199
f 4077//8200 4117//8200 4161//8200
f 4047//8201 4162//8201 4117//8201
f 3918//8202 4163//8202 4031//8202
f 3918//8203 4049//8203 4163//8203
f 3988//8204 4033//8204 4164//8204
f 4142//8205 4165//8205 4143//8205
f 4137//8206 4143//8206 4165//8206
f 4088//8207 4166//8207 4136//8207
f 4088//8208 4136//8208 4122//8208
f 4088//8209 4128//8209 4166//8209
f 4089//8210 4152//8210 4128//8210
f 4026//8211 4167//8211 4144//8211
f 4083//8212 4092//8212 4168//8212
f 4112//8213 4125//8213 4154//8213
f 4107//8214 4155//8214 4126//8214
f 4084//8215 4159//8215 4097//8215
f 3972//8216 4141//8216 4109//8216
f 4084//8217 4115//8217 4158//8217
f 3843//8218 4169//8218 4085//8218
f 4115//8219 4161//8219 4158//8219
f 4079//8220 4116//8220 4160//8220
f 4066//8221 4134//8221 4170//8221
f 4001//8222 4171//8222 4087//8222
f 4142//8223 4152//8223 4165//8223
f 4142//8224 4151//8224 4152//8224
f 4136//8225 4152//8225 4151//8225
f 4136//8226 4166//8226 4152//8226
f 4137//8227 4165//8227 4152//8227
f 4128//8228 4152//8228 4166//8228
f 4059//8229 4129//8229 4172//8229
f 4060//8230 4061//8230 4173//8230
f 4005//8231 4059//8231 4174//8231
f 4092//8232 4139//8232 4168//8232
f 4019//8233 4167//8233 4026//8233
f 4095//8234 4126//8234 4175//8234
f 4126//8235 4155//8235 4175//8235
f 4113//8236 4156//8236 4155//8236
f 4108//8237 4133//8237 4157//8237
f 4097//8238 4159//8238 4176//8238
f 4158//8239 4161//8239 4177//8239
f 3843//8240 4148//8240 4169//8240
f 4117//8241 4162//8241 4161//8241
f 4047//8242 4178//8242 4162//8242
f 4032//8243 4178//8243 4047//8243
f 3988//8244 4164//8244 4049//8244
f 4060//8245 4173//8245 4129//8245
f 4061//8246 4179//8246 4173//8246
f 3960//8247 4074//8247 4037//8247
f 4083//8248 4168//8248 4180//8248
f 4019//8249 4094//8249 4167//8249
f 4027//8250 4063//8250 4181//8250
f 4111//8251 4182//8251 4146//8251
f 3971//8252 4183//8252 4020//8252
f 4097//8253 4176//8253 4156//8253
f 4158//8254 4184//8254 4159//8254
f 4158//8255 4177//8255 4184//8255
f 3994//8256 4150//8256 4149//8256
f 3974//8257 4185//8257 3995//8257
f 3967//8258 4087//8258 4186//8258
f 4061//8259 4105//8259 4187//8259
f 4005//8260 4188//8260 4104//8260
f 3877//8261 4106//8261 4093//8261
f 4063//8262 4083//8262 4181//8262
f 4110//8263 4145//8263 4189//8263
f 3890//8264 4020//8264 4190//8264
f 4155//8265 4156//8265 4176//8265
f 4079//8266 4160//8266 4127//8266
f 4032//8267 4068//8267 4178//8267
f 4066//8268 4170//8268 4067//8268
f 3974//8269 4135//8269 4185//8269
f 4087//8270 4171//8270 4186//8270
f 4129//8271 4173//8271 4172//8271
f 4104//8272 4188//8272 4191//8272
f 4138//8273 4144//8273 4192//8273
f 4027//8274 4181//8274 4130//8274
f 4095//8275 4182//8275 4111//8275
f 4095//8276 4175//8276 4193//8276
f 4155//8277 4194//8277 4175//8277
f 4112//8278 4154//8278 4147//8278
f 3890//8279 4190//8279 4114//8279
f 4056//8280 4086//8280 4134//8280
f 3995//8281 4195//8281 4119//8281
f 4001//8282 4098//8282 4171//8282
f 4005//8283 4174//8283 4188//8283
f 4062//8284 4104//8284 4191//8284
f 3913//8285 4196//8285 4090//8285
f 4083//8286 4180//8286 4181//8286
f 4040//8287 4197//8287 4106//8287
f 4145//8288 4146//8288 4189//8288
f 4130//8289 4198//8289 4154//8289
f 4095//8290 4193//8290 4182//8290
f 4175//8291 4194//8291 4193//8291
f 4132//8292 4199//8292 4133//8292
f 3981//8293 4085//8293 4200//8293
f 3947//8294 4127//8294 4201//8294
f 3995//8295 4185//8295 4195//8295
f 4098//8296 4202//8296 4171//8296
f 3967//8297 4186//8297 4118//8297
f 4105//8298 4203//8298 4187//8298
f 4062//8299 4191//8299 4153//8299
f 3997//8300 4204//8300 4091//8300
f 4091//8301 4205//8301 4139//8301
f 4093//8302 4106//8302 4206//8302
f 4037//8303 4207//8303 4039//8303
f 4146//8304 4208//8304 4189//8304
f 4154//8305 4209//8305 4210//8305
f 4133//8306 4199//8306 4157//8306
f 4161//8307 4211//8307 4177//8307
f 4161//8308 4212//8308 4211//8308
f 4161//8309 4162//8309 4212//8309
f 4162//8310 4178//8310 4213//8310
f 4031//8311 4163//8311 4148//8311
f 4067//8312 4170//8312 4214//8312
f 4059//8313 4172//8313 4174//8313
f 4061//8314 4187//8314 4179//8314
f 4090//8315 4203//8315 4105//8315
f 3913//8316 4138//8316 4196//8316
f 3997//8317 4153//8317 4204//8317
f 4091//8318 4204//8318 4205//8318
f 4017//8319 4215//8319 4035//8319
f 4168//8320 4216//8320 4180//8320
f 4094//8321 4110//8321 4167//8321
f 4130//8322 4181//8322 4198//8322
f 3971//8323 4039//8323 4183//8323
f 4146//8324 4217//8324 4208//8324
f 4146//8325 4182//8325 4217//8325
f 4193//8326 4194//8326 4218//8326
f 4147//8327 4154//8327 4210//8327
f 3981//8328 4200//8328 4219//8328
f 4114//8329 4190//8329 4140//8329
f 4155//8330 4176//8330 4194//8330
f 4176//8331 4220//8331 4194//8331
f 4157//8332 4199//8332 4221//8332
f 4159//8333 4184//8333 4222//8333
f 4109//8334 4141//8334 4223//8334
f 4068//8335 4149//8335 4178//8335
f 4173//8336 4179//8336 4224//8336
f 4139//8337 4216//8337 4168//8337
f 4180//8338 4198//8338 4181//8338
f 4039//8339 4225//8339 4183//8339
f 4040//8340 4131//8340 4197//8340
f 4182//8341 4193//8341 4217//8341
f 4154//8342 4198//8342 4209//8342
f 4194//8343 4220//8343 4226//8343
f 4159//8344 4222//8344 4176//8344
f 4177//8345 4222//8345 4184//8345
f 4157//8346 4227//8346 4160//8346
f 4172//8347 4173//8347 4228//8347
f 4188//8348 4229//8348 4191//8348
f 4138//8349 4192//8349 4230//8349
f 4037//8350 4074//8350 4207//8350
f 4110//8351 4189//8351 4167//8351
f 4193//8352 4218//8352 4217//8352
f 4209//8353 4231//8353 4210//8353
f 3981//8354 4219//8354 4131//8354
f 4147//8355 4210//8355 4231//8355
f 4132//8356 4147//8356 4199//8356
f 4176//8357 4226//8357 4220//8357
f 4176//8358 4232//8358 4226//8358
f 4176//8359 4222//8359 4232//8359
f 4085//8360 4169//8360 4200//8360
f 4177//8361 4211//8361 4233//8361
f 4134//8362 4234//8362 4170//8362
f 4067//8363 4214//8363 4098//8363
f 4174//8364 4235//8364 4188//8364
f 4036//8365 4236//8365 4074//8365
f 4093//8366 4206//8366 4124//8366
f 4144//8367 4167//8367 4237//8367
f 4131//8368 4219//8368 4238//8368
f 4194//8369 4226//8369 4218//8369
f 4078//8370 4109//8370 4223//8370
f 4055//8371 4239//8371 4086//8371
f 4148//8372 4240//8372 4169//8372
f 4162//8373 4213//8373 4212//8373
f 4135//8374 4201//8374 4241//8374
f 4172//8375 4242//8375 4174//8375
f 4138//8376 4230//8376 4196//8376
f 4144//8377 4243//8377 4192//8377
f 4144//8378 4237//8378 4243//8378
f 4167//8379 4189//8379 4244//8379
f 4180//8380 4245//8380 4198//8380
f 4189//8381 4208//8381 4244//8381
f 4198//8382 4246//8382 4209//8382
f 4147//8383 4231//8383 4199//8383
f 4199//8384 4231//8384 4221//8384
f 4055//8385 4078//8385 4239//8385
f 4160//8386 4227//8386 4247//8386
f 4127//8387 4160//8387 4247//8387
f 3947//8388 4201//8388 4135//8388
f 4149//8389 4150//8389 4248//8389
f 4153//8390 4249//8390 4204//8390
f 4204//8391 4250//8391 4205//8391
f 4036//8392 4251//8392 4236//8392
f 4139//8393 4205//8393 4252//8393
f 4074//8394 4236//8394 4207//8394
f 4139//8395 4253//8395 4254//8395
f 4139//8396 4255//8396 4216//8396
f 4139//8397 4254//8397 4255//8397
f 4167//8398 4256//8398 4237//8398
f 4198//8399 4245//8399 4257//8399
f 4198//8400 4257//8400 4246//8400
f 4217//8401 4218//8401 4258//8401
f 4209//8402 4259//8402 4231//8402
f 4226//8403 4232//8403 4260//8403
f 4157//8404 4221//8404 4227//8404
f 4177//8405 4261//8405 4222//8405
f 4177//8406 4233//8406 4261//8406
f 4086//8407 4239//8407 4262//8407
f 4172//8408 4228//8408 4242//8408
f 4204//8409 4249//8409 4263//8409
f 4196//8410 4230//8410 4264//8410
f 4204//8411 4263//8411 4250//8411
f 4035//8412 4265//8412 4036//8412
f 4036//8413 4265//8413 4251//8413
f 4139//8414 4252//8414 4253//8414
f 4180//8415 4216//8415 4245//8415
f 4167//8416 4244//8416 4256//8416
f 4218//8417 4266//8417 4258//8417
f 4209//8418 4246//8418 4259//8418
f 4221//8419 4231//8419 4227//8419
f 4212//8420 4213//8420 4267//8420
f 4148//8421 4163//8421 4240//8421
f 4086//8422 4268//8422 4134//8422
f 4118//8423 4269//8423 4150//8423
f 4033//8424 4270//8424 4164//8424
f 4205//8425 4250//8425 4252//8425
f 4017//8426 4124//8426 4206//8426
f 4192//8427 4243//8427 4230//8427
f 4208//8428 4217//8428 4244//8428
f 4131//8429 4238//8429 4271//8429
f 4218//8430 4226//8430 4266//8430
f 4231//8431 4259//8431 4272//8431
f 4226//8432 4260//8432 4266//8432
f 4140//8433 4190//8433 4273//8433
f 4140//8434 4273//8434 4141//8434
f 4222//8435 4261//8435 4232//8435
f 4211//8436 4261//8436 4233//8436
f 4134//8437 4268//8437 4234//8437
f 4135//8438 4241//8438 4185//8438
f 4150//8439 4269//8439 4248//8439
f 4098//8440 4214//8440 4202//8440
f 4173//8441 4224//8441 4228//8441
f 4188//8442 4235//8442 4229//8442
f 4090//8443 4196//8443 4203//8443
f 4153//8444 4191//8444 4249//8444
f 4196//8445 4264//8445 4274//8445
f 4252//8446 4275//8446 4253//8446
f 4237//8447 4256//8447 4276//8447
f 4131//8448 4271//8448 4197//8448
f 4246//8449 4277//8449 4259//8449
f 4232//8450 4278//8450 4260//8450
f 4078//8451 4279//8451 4239//8451
f 4169//8452 4240//8452 4280//8452
f 4178//8453 4281//8453 4213//8453
f 4017//8454 4206//8454 4215//8454
f 4253//8455 4255//8455 4254//8455
f 4217//8456 4282//8456 4244//8456
f 4217//8457 4283//8457 4282//8457
f 4217//8458 4258//8458 4283//8458
f 4232//8459 4284//8459 4278//8459
f 4232//8460 4261//8460 4284//8460
f 4227//8461 4285//8461 4247//8461
f 4211//8462 4286//8462 4261//8462
f 4211//8463 4212//8463 4286//8463
f 4149//8464 4287//8464 4178//8464
f 4170//8465 4288//8465 4214//8465
f 4243//8466 4274//8466 4264//8466
f 4035//8467 4215//8467 4265//8467
f 4230//8468 4243//8468 4264//8468
f 4252//8469 4289//8469 4275//8469
f 4244//8470 4276//8470 4256//8470
f 4106//8471 4197//8471 4290//8471
f 4244//8472 4282//8472 4291//8472
f 4245//8473 4292//8473 4257//8473
f 4258//8474 4266//8474 4283//8474
f 4238//8475 4293//8475 4271//8475
f 4227//8476 4231//8476 4294//8476
f 4141//8477 4295//8477 4223//8477
f 4078//8478 4223//8478 4296//8478
f 4127//8479 4247//8479 4285//8479
f 4163//8480 4297//8480 4240//8480
f 4178//8481 4287//8481 4281//8481
f 4149//8482 4248//8482 4287//8482
f 4049//8483 4164//8483 4270//8483
f 4191//8484 4229//8484 4249//8484
f 4237//8485 4276//8485 4243//8485
f 4253//8486 4275//8486 4298//8486
f 4253//8487 4298//8487 4255//8487
f 4106//8488 4290//8488 4206//8488
f 4244//8489 4291//8489 4276//8489
f 4282//8490 4283//8490 4299//8490
f 4216//8491 4292//8491 4245//8491
f 4246//8492 4257//8492 4277//8492
f 4257//8493 4300//8493 4277//8493
f 4219//8494 4301//8494 4238//8494
f 4259//8495 4277//8495 4272//8495
f 4200//8496 4302//8496 4219//8496
f 4078//8497 4296//8497 4279//8497
f 4127//8498 4285//8498 4294//8498
f 4086//8499 4262//8499 4268//8499
f 4174//8500 4242//8500 4235//8500
f 4250//8501 4289//8501 4252//8501
f 4236//8502 4251//8502 4303//8502
f 4282//8503 4299//8503 4291//8503
f 4216//8504 4255//8504 4292//8504
f 4183//8505 4225//8505 4304//8505
f 4283//8506 4305//8506 4299//8506
f 4266//8507 4305//8507 4283//8507
f 4020//8508 4183//8508 4190//8508
f 4260//8509 4306//8509 4266//8509
f 4260//8510 4278//8510 4306//8510
f 4231//8511 4272//8511 4294//8511
f 4227//8512 4294//8512 4285//8512
f 4239//8513 4279//8513 4262//8513
f 4212//8514 4267//8514 4286//8514
f 4163//8515 4307//8515 4297//8515
f 4213//8516 4281//8516 4308//8516
f 4170//8517 4234//8517 4288//8517
f 4049//8518 4309//8518 4163//8518
f 4171//8519 4202//8519 4310//8519
f 4179//8520 4187//8520 4311//8520
f 4196//8521 4312//8521 4203//8521
f 4243//8522 4313//8522 4274//8522
f 4206//8523 4314//8523 4215//8523
f 4207//8524 4236//8524 4303//8524
f 4243//8525 4276//8525 4315//8525
f 4275//8526 4289//8526 4316//8526
f 4275//8527 4316//8527 4298//8527
f 4276//8528 4291//8528 4317//8528
f 4257//8529 4318//8529 4300//8529
f 4238//8530 4301//8530 4293//8530
f 4272//8531 4277//8531 4300//8531
f 4261//8532 4319//8532 4284//8532
f 4127//8533 4294//8533 4320//8533
f 4118//8534 4186//8534 4269//8534
f 4179//8535 4311//8535 4224//8535
f 4229//8536 4321//8536 4249//8536
f 4249//8537 4322//8537 4263//8537
f 4196//8538 4324//8538 4323//8538
f 4196//8539 4325//8539 4324//8539
f 4196//8540 4274//8540 4325//8540
f 4215//8541 4326//8541 4265//8541
f 4251//8542 4265//8542 4327//8542
f 4276//8543 4317//8543 4315//8543
f 4039//8544 4207//8544 4225//8544
f 4291//8545 4328//8545 4317//8545
f 4291//8546 4329//8546 4328//8546
f 4291//8547 4299//8547 4329//8547
f 4299//8548 4305//8548 4330//8548
f 4223//8549 4295//8549 4296//8549
f 4261//8550 4286//8550 4319//8550
f 4049//8551 4270//8551 4309//8551
f 4171//8552 4310//8552 4186//8552
f 4228//8553 4331//8553 4242//8553
f 4224//8554 4331//8554 4228//8554
f 4229//8555 4235//8555 4332//8555
f 4196//8556 4323//8556 4312//8556
f 4249//8557 4321//8557 4322//8557
f 4274//8558 4333//8558 4325//8558
f 4274//8559 4313//8559 4333//8559
f 4243//8560 4334//8560 4313//8560
f 4255//8561 4298//8561 4335//8561
f 4255//8562 4336//8562 4292//8562
f 4299//8563 4330//8563 4329//8563
f 4266//8564 4306//8564 4337//8564
f 4267//8565 4319//8565 4286//8565
f 4186//8566 4338//8566 4269//8566
f 4033//8567 4119//8567 4270//8567
f 4235//8568 4242//8568 4332//8568
f 4187//8569 4203//8569 4311//8569
f 4250//8570 4263//8570 4339//8570
f 4250//8571 4339//8571 4289//8571
f 4289//8572 4339//8572 4316//8572
f 4255//8573 4335//8573 4336//8573
f 4257//8574 4292//8574 4340//8574
f 4266//8575 4330//8575 4305//8575
f 4183//8576 4341//8576 4190//8576
f 4266//8577 4337//8577 4330//8577
f 4169//8578 4280//8578 4200//8578
f 4284//8579 4319//8579 4342//8579
f 4240//8580 4297//8580 4280//8580
f 4163//8581 4309//8581 4307//8581
f 4201//8582 4343//8582 4241//8582
f 4242//8583 4344//8583 4332//8583
f 4263//8584 4345//8584 4339//8584
f 4243//8585 4315//8585 4346//8585
f 4315//8586 4317//8586 4346//8586
f 4298//8587 4347//8587 4335//8587
f 4317//8588 4328//8588 4346//8588
f 4257//8589 4340//8589 4348//8589
f 4257//8590 4348//8590 4318//8590
f 4272//8591 4300//8591 4349//8591
f 4278//8592 4284//8592 4342//8592
f 4127//8593 4320//8593 4201//8593
f 4229//8594 4332//8594 4350//8594
f 4263//8595 4351//8595 4345//8595
f 4265//8596 4326//8596 4327//8596
f 4243//8597 4346//8597 4334//8597
f 4298//8598 4316//8598 4352//8598
f 4298//8599 4352//8599 4347//8599
f 4335//8600 4353//8600 4336//8600
f 4329//8601 4330//8601 4354//8601
f 4219//8602 4302//8602 4301//8602
f 4224//8603 4355//8603 4331//8603
f 4224//8604 4311//8604 4355//8604
f 4203//8605 4312//8605 4311//8605
f 4312//8606 4323//8606 4356//8606
f 4263//8607 4357//8607 4351//8607
f 4313//8608 4334//8608 4333//8608
f 4251//8609 4327//8609 4303//8609
f 4334//8610 4346//8610 4358//8610
f 4197//8611 4271//8611 4293//8611
f 4330//8612 4359//8612 4354//8612
f 4190//8613 4341//8613 4273//8613
f 4141//8614 4273//8614 4295//8614
f 4278//8615 4342//8615 4306//8615
f 4272//8616 4349//8616 4294//8616
f 4294//8617 4349//8617 4360//8617
f 4241//8618 4343//8618 4361//8618
f 4248//8619 4362//8619 4287//8619
f 4185//8620 4241//8620 4361//8620
f 4202//8621 4214//8621 4363//8621
f 4242//8622 4331//8622 4344//8622
f 4229//8623 4364//8623 4321//8623
f 4207//8624 4303//8624 4365//8624
f 4328//8625 4366//8625 4346//8625
f 4183//8626 4304//8626 4367//8626
f 4183//8627 4367//8627 4341//8627
f 4262//8628 4279//8628 4368//8628
f 4202//8629 4363//8629 4369//8629
f 4312//8630 4356//8630 4370//8630
f 4323//8631 4371//8631 4356//8631
f 4323//8632 4324//8632 4371//8632
f 4263//8633 4322//8633 4357//8633
f 4324//8634 4325//8634 4333//8634
f 4316//8635 4339//8635 4372//8635
f 4215//8636 4314//8636 4326//8636
f 4316//8637 4372//8637 4352//8637
f 4335//8638 4347//8638 4373//8638
f 4335//8639 4373//8639 4353//8639
f 4328//8640 4329//8640 4354//8640
f 4292//8641 4336//8641 4374//8641
f 4292//8642 4374//8642 4340//8642
f 4300//8643 4318//8643 4375//8643
f 4300//8644 4375//8644 4349//8644
f 4349//8645 4376//8645 4360//8645
f 4200//8646 4280//8646 4377//8646
f 4319//8647 4378//8647 4342//8647
f 4267//8648 4378//8648 4319//8648
f 4294//8649 4379//8649 4320//8649
f 4234//8650 4380//8650 4288//8650
f 4186//8651 4310//8651 4381//8651
f 4202//8652 4369//8652 4310//8652
f 4332//8653 4344//8653 4382//8653
f 4229//8654 4384//8654 4383//8654
f 4229//8655 4385//8655 4364//8655
f 4356//8656 4371//8656 4386//8656
f 4321//8657 4364//8657 4322//8657
f 4333//8658 4334//8658 4387//8658
f 4346//8659 4388//8659 4358//8659
f 4346//8660 4366//8660 4388//8660
f 4328//8661 4389//8661 4366//8661
f 4354//8662 4359//8662 4390//8662
f 4330//8663 4337//8663 4391//8663
f 4349//8664 4375//8664 4376//8664
f 4262//8665 4392//8665 4268//8665
f 4281//8666 4393//8666 4308//8666
f 4331//8667 4382//8667 4344//8667
f 4332//8668 4382//8668 4350//8668
f 4229//8669 4350//8669 4384//8669
f 4229//8670 4383//8670 4394//8670
f 4356//8671 4386//8671 4370//8671
f 4229//8672 4394//8672 4385//8672
f 4371//8673 4395//8673 4386//8673
f 4334//8674 4358//8674 4396//8674
f 4347//8675 4352//8675 4397//8675
f 4206//8676 4290//8676 4398//8676
f 4336//8677 4353//8677 4374//8677
f 4318//8678 4348//8678 4340//8678
f 4306//8679 4399//8679 4337//8679
f 4360//8680 4376//8680 4379//8680
f 4294//8681 4360//8681 4379//8681
f 4308//8682 4393//8682 4400//8682
f 4248//8683 4269//8683 4362//8683
f 4385//8684 4394//8684 4401//8684
f 4333//8685 4387//8685 4402//8685
f 4345//8686 4351//8686 4357//8686
f 4339//8687 4345//8687 4372//8687
f 4207//8688 4403//8688 4404//8688
f 4207//8689 4404//8689 4225//8689
f 4347//8690 4405//8690 4373//8690
f 4347//8691 4397//8691 4405//8691
f 4328//8692 4406//8692 4389//8692
f 4330//8693 4391//8693 4359//8693
f 4293//8694 4301//8694 4407//8694
f 4337//8695 4399//8695 4391//8695
f 4213//8696 4308//8696 4267//8696
f 4262//8697 4368//8697 4392//8697
f 4331//8698 4408//8698 4382//8698
f 4383//8699 4401//8699 4394//8699
f 4311//8700 4312//8700 4370//8700
f 4324//8701 4402//8701 4371//8701
f 4322//8702 4364//8702 4357//8702
f 4324//8703 4333//8703 4402//8703
f 4345//8704 4357//8704 4409//8704
f 4303//8705 4327//8705 4365//8705
f 4207//8706 4365//8706 4403//8706
f 4359//8707 4410//8707 4390//8707
f 4359//8708 4391//8708 4410//8708
f 4306//8709 4342//8709 4399//8709
f 4280//8710 4297//8710 4377//8710
f 4281//8711 4287//8711 4411//8711
f 4287//8712 4362//8712 4411//8712
f 4288//8713 4380//8713 4363//8713
f 4214//8714 4288//8714 4363//8714
f 4269//8715 4338//8715 4362//8715
f 4310//8716 4369//8716 4412//8716
f 4331//8717 4355//8717 4408//8717
f 4350//8718 4413//8718 4384//8718
f 4370//8719 4386//8719 4414//8719
f 4352//8720 4415//8720 4397//8720
f 4206//8721 4398//8721 4314//8721
f 4318//8722 4340//8722 4375//8722
f 4301//8723 4302//8723 4407//8723
f 4295//8724 4416//8724 4296//8724
f 4200//8725 4377//8725 4302//8725
f 4281//8726 4411//8726 4393//8726
f 4307//8727 4309//8727 4417//8727
f 4185//8728 4418//8728 4195//8728
f 4119//8729 4195//8729 4419//8729
f 4310//8730 4412//8730 4381//8730
f 4350//8731 4382//8731 4408//8731
f 4311//8732 4420//8732 4355//8732
f 4383//8733 4384//8733 4413//8733
f 4386//8734 4395//8734 4414//8734
f 4364//8735 4385//8735 4421//8735
f 4345//8736 4409//8736 4422//8736
f 4358//8737 4423//8737 4396//8737
f 4353//8738 4373//8738 4374//8738
f 4328//8739 4354//8739 4406//8739
f 4340//8740 4374//8740 4424//8740
f 4295//8741 4341//8741 4367//8741
f 4273//8742 4341//8742 4295//8742
f 4375//8743 4425//8743 4376//8743
f 4279//8744 4296//8744 4416//8744
f 4342//8745 4378//8745 4399//8745
f 4297//8746 4307//8746 4426//8746
f 4119//8747 4427//8747 4270//8747
f 4383//8748 4428//8748 4401//8748
f 4311//8749 4370//8749 4414//8749
f 4385//8750 4401//8750 4421//8750
f 4357//8751 4364//8751 4429//8751
f 4334//8752 4430//8752 4387//8752
f 4345//8753 4422//8753 4372//8753
f 4358//8754 4388//8754 4423//8754
f 4366//8755 4389//8755 4388//8755
f 4373//8756 4424//8756 4374//8756
f 4390//8757 4431//8757 4432//8757
f 4340//8758 4424//8758 4433//8758
f 4340//8759 4433//8759 4375//8759
f 4391//8760 4399//8760 4434//8760
f 4279//8761 4416//8761 4368//8761
f 4268//8762 4392//8762 4380//8762
f 4234//8763 4268//8763 4380//8763
f 4185//8764 4361//8764 4418//8764
f 4186//8765 4381//8765 4435//8765
f 4186//8766 4435//8766 4338//8766
f 4355//8767 4436//8767 4408//8767
f 4355//8768 4420//8768 4437//8768
f 4311//8769 4414//8769 4438//8769
f 4371//8770 4439//8770 4395//8770
f 4409//8771 4440//8771 4441//8771
f 4334//8772 4396//8772 4430//8772
f 4409//8773 4441//8773 4422//8773
f 4372//8774 4422//8774 4415//8774
f 4352//8775 4372//8775 4415//8775
f 4397//8776 4442//8776 4405//8776
f 4373//8777 4405//8777 4443//8777
f 4225//8778 4444//8778 4304//8778
f 4373//8779 4445//8779 4424//8779
f 4354//8780 4390//8780 4432//8780
f 4390//8781 4410//8781 4434//8781
f 4391//8782 4434//8782 4410//8782
f 4302//8783 4377//8783 4407//8783
f 4378//8784 4446//8784 4399//8784
f 4297//8785 4426//8785 4377//8785
f 4267//8786 4308//8786 4447//8786
f 4201//8787 4320//8787 4343//8787
f 4195//8788 4418//8788 4419//8788
f 4355//8789 4437//8789 4436//8789
f 4311//8790 4448//8790 4420//8790
f 4383//8791 4413//8791 4428//8791
f 4401//8792 4428//8792 4449//8792
f 4401//8793 4450//8793 4421//8793
f 4357//8794 4440//8794 4409//8794
f 4387//8795 4430//8795 4451//8795
f 4422//8796 4441//8796 4452//8796
f 4326//8797 4365//8797 4327//8797
f 4397//8798 4415//8798 4453//8798
f 4225//8799 4404//8799 4403//8799
f 4405//8800 4442//8800 4443//8800
f 4197//8801 4454//8801 4290//8801
f 4389//8802 4406//8802 4432//8802
f 4354//8803 4432//8803 4406//8803
f 4304//8804 4444//8804 4367//8804
f 4293//8805 4407//8805 4455//8805
f 4399//8806 4446//8806 4434//8806
f 4375//8807 4433//8807 4425//8807
f 4378//8808 4447//8808 4446//8808
f 4267//8809 4447//8809 4378//8809
f 4393//8810 4456//8810 4400//8810
f 4350//8811 4408//8811 4457//8811
f 4408//8812 4436//8812 4458//8812
f 4311//8813 4438//8813 4448//8813
f 4395//8814 4439//8814 4414//8814
f 4371//8815 4459//8815 4439//8815
f 4371//8816 4402//8816 4459//8816
f 4396//8817 4460//8817 4430//8817
f 4415//8818 4422//8818 4452//8818
f 4397//8819 4453//8819 4442//8819
f 4389//8820 4432//8820 4461//8820
f 4390//8821 4462//8821 4431//8821
f 4390//8822 4434//8822 4462//8822
f 4434//8823 4463//8823 4462//8823
f 4308//8824 4464//8824 4447//8824
f 4308//8825 4400//8825 4464//8825
f 4363//8826 4465//8826 4369//8826
f 4408//8827 4458//8827 4457//8827
f 4436//8828 4437//8828 4466//8828
f 4420//8829 4467//8829 4437//8829
f 4350//8830 4457//8830 4468//8830
f 4420//8831 4448//8831 4467//8831
f 4350//8832 4469//8832 4470//8832
f 4350//8833 4468//8833 4469//8833
f 4413//8834 4470//8834 4428//8834
f 4350//8835 4470//8835 4413//8835
f 4414//8836 4471//8836 4438//8836
f 4401//8837 4449//8837 4450//8837
f 4421//8838 4450//8838 4472//8838
f 4364//8839 4421//8839 4429//8839
f 4396//8840 4473//8840 4460//8840
f 4388//8841 4389//8841 4461//8841
f 4373//8842 4474//8842 4445//8842
f 4434//8843 4446//8843 4463//8843
f 4376//8844 4425//8844 4475//8844
f 4400//8845 4476//8845 4464//8845
f 4307//8846 4417//8846 4477//8846
f 4357//8847 4429//8847 4478//8847
f 4365//8848 4479//8848 4403//8848
f 4388//8849 4461//8849 4480//8849
f 4225//8850 4403//8850 4444//8850
f 4373//8851 4481//8851 4474//8851
f 4373//8852 4443//8852 4481//8852
f 4377//8853 4426//8853 4482//8853
f 4393//8854 4483//8854 4456//8854
f 4320//8855 4484//8855 4343//8855
f 4393//8856 4411//8856 4483//8856
f 4338//8857 4485//8857 4362//8857
f 4436//8858 4486//8858 4458//8858
f 4436//8859 4466//8859 4487//8859
f 4387//8860 4451//8860 4402//8860
f 4440//8861 4488//8861 4441//8861
f 4430//8862 4460//8862 4489//8862
f 4396//8863 4423//8863 4473//8863
f 4415//8864 4490//8864 4453//8864
f 4388//8865 4491//8865 4423//8865
f 4197//8866 4293//8866 4454//8866
f 4431//8867 4462//8867 4432//8867
f 4462//8868 4463//8868 4492//8868
f 4295//8869 4367//8869 4493//8869
f 4377//8870 4482//8870 4407//8870
f 4376//8871 4475//8871 4379//8871
f 4320//8872 4379//8872 4484//8872
f 4307//8873 4477//8873 4426//8873
f 4343//8874 4494//8874 4361//8874
f 4338//8875 4435//8875 4485//8875
f 4270//8876 4417//8876 4309//8876
f 4436//8877 4487//8877 4486//8877
f 4437//8878 4495//8878 4496//8878
f 4437//8879 4467//8879 4495//8879
f 4438//8880 4471//8880 4497//8880
f 4450//8881 4498//8881 4472//8881
f 4421//8882 4472//8882 4499//8882
f 4421//8883 4499//8883 4500//8883
f 4441//8884 4488//8884 4452//8884
f 4460//8885 4473//8885 4489//8885
f 4415//8886 4452//8886 4490//8886
f 4432//8887 4462//8887 4501//8887
f 4424//8888 4445//8888 4433//8888
f 4446//8889 4447//8889 4463//8889
f 4368//8890 4502//8890 4392//8890
f 4379//8891 4475//8891 4484//8891
f 4400//8892 4456//8892 4476//8892
f 4380//8893 4392//8893 4502//8893
f 4411//8894 4503//8894 4483//8894
f 4362//8895 4503//8895 4411//8895
f 4361//8896 4494//8896 4418//8896
f 4369//8897 4465//8897 4504//8897
f 4369//8898 4504//8898 4412//8898
f 4457//8899 4458//8899 4505//8899
f 4468//8900 4506//8900 4469//8900
f 4469//8901 4507//8901 4470//8901
f 4438//8902 4508//8902 4448//8902
f 4438//8903 4497//8903 4508//8903
f 4428//8904 4470//8904 4449//8904
f 4449//8905 4498//8905 4450//8905
f 4414//8906 4509//8906 4471//8906
f 4439//8907 4459//8907 4510//8907
f 4402//8908 4510//8908 4459//8908
f 4440//8909 4511//8909 4488//8909
f 4430//8910 4489//8910 4512//8910
f 4326//8911 4513//8911 4365//8911
f 4423//8912 4514//8912 4473//8912
f 4452//8913 4515//8913 4490//8913
f 4452//8914 4488//8914 4515//8914
f 4388//8915 4480//8915 4491//8915
f 4461//8916 4516//8916 4480//8916
f 4461//8917 4517//8917 4516//8917
f 4432//8918 4517//8918 4461//8918
f 4517//8919 4518//8919 4519//8919
f 4293//8920 4455//8920 4454//8920
f 4501//8921 4518//8921 4517//8921
f 4432//8922 4501//8922 4517//8922
f 4407//8923 4482//8923 4455//8923
f 4295//8924 4493//8924 4416//8924
f 4416//8925 4493//8925 4520//8925
f 4437//8926 4496//8926 4521//8926
f 4448//8927 4495//8927 4467//8927
f 4449//8928 4470//8928 4507//8928
f 4421//8929 4500//8929 4429//8929
f 4357//8930 4522//8930 4440//8930
f 4402//8931 4451//8931 4523//8931
f 4430//8932 4512//8932 4451//8932
f 4423//8933 4491//8933 4514//8933
f 4442//8934 4453//8934 4490//8934
f 4516//8935 4517//8935 4519//8935
f 4416//8936 4520//8936 4524//8936
f 4368//8937 4416//8937 4524//8937
f 4368//8938 4524//8938 4502//8938
f 4437//8939 4521//8939 4466//8939
f 4457//8940 4525//8940 4468//8940
f 4457//8941 4505//8941 4525//8941
f 4466//8942 4526//8942 4487//8942
f 4468//8943 4527//8943 4506//8943
f 4458//8944 4486//8944 4528//8944
f 4469//8945 4506//8945 4507//8945
f 4471//8946 4509//8946 4497//8946
f 4414//8947 4529//8947 4509//8947
f 4414//8948 4439//8948 4529//8948
f 4439//8949 4510//8949 4530//8949
f 4429//8950 4500//8950 4531//8950
f 4429//8951 4531//8951 4478//8951
f 4290//8952 4454//8952 4398//8952
f 4480//8953 4516//8953 4532//8953
f 4516//8954 4519//8954 4532//8954
f 4367//8955 4444//8955 4533//8955
f 4463//8956 4534//8956 4492//8956
f 4463//8957 4535//8957 4534//8957
f 4426//8958 4536//8958 4482//8958
f 4343//8959 4484//8959 4537//8959
f 4483//8960 4503//8960 4538//8960
f 4468//8961 4525//8961 4527//8961
f 4458//8962 4539//8962 4505//8962
f 4487//8963 4526//8963 4528//8963
f 4458//8964 4528//8964 4539//8964
f 4486//8965 4487//8965 4528//8965
f 4495//8966 4540//8966 4496//8966
f 4357//8967 4478//8967 4522//8967
f 4402//8968 4523//8968 4510//8968
f 4451//8969 4512//8969 4523//8969
f 4489//8970 4523//8970 4512//8970
f 4326//8971 4541//8971 4513//8971
f 4473//8972 4543//8972 4542//8972
f 4314//8973 4544//8973 4326//8973
f 4442//8974 4490//8974 4545//8974
f 4442//8975 4545//8975 4546//8975
f 4462//8976 4492//8976 4501//8976
f 4445//8977 4474//8977 4547//8977
f 4433//8978 4445//8978 4547//8978
f 4363//8979 4380//8979 4548//8979
f 4362//8980 4485//8980 4549//8980
f 4505//8981 4550//8981 4525//8981
f 4448//8982 4508//8982 4495//8982
f 4495//8983 4508//8983 4551//8983
f 4508//8984 4552//8984 4551//8984
f 4497//8985 4552//8985 4508//8985
f 4497//8986 4553//8986 4552//8986
f 4439//8987 4530//8987 4529//8987
f 4472//8988 4554//8988 4499//8988
f 4499//8989 4554//8989 4500//8989
f 4510//8990 4555//8990 4530//8990
f 4440//8991 4522//8991 4511//8991
f 4489//8992 4542//8992 4523//8992
f 4473//8993 4514//8993 4543//8993
f 4488//8994 4556//8994 4515//8994
f 4314//8995 4398//8995 4544//8995
f 4490//8996 4515//8996 4545//8996
f 4403//8997 4479//8997 4557//8997
f 4403//8998 4557//8998 4444//8998
f 4519//8999 4558//8999 4532//8999
f 4442//9000 4559//9000 4443//9000
f 4442//9001 4546//9001 4559//9001
f 4518//9002 4558//9002 4519//9002
f 4492//9003 4534//9003 4501//9003
f 4367//9004 4533//9004 4493//9004
f 4463//9005 4560//9005 4535//9005
f 4426//9006 4477//9006 4561//9006
f 4362//9007 4549//9007 4503//9007
f 4343//9008 4537//9008 4494//9008
f 4435//9009 4549//9009 4485//9009
f 4381//9010 4412//9010 4504//9010
f 4526//9011 4562//9011 4563//9011
f 4505//9012 4564//9012 4550//9012
f 4526//9013 4563//9013 4528//9013
f 4466//9014 4562//9014 4526//9014
f 4495//9015 4565//9015 4540//9015
f 4496//9016 4540//9016 4566//9016
f 4497//9017 4567//9017 4553//9017
f 4497//9018 4509//9018 4567//9018
f 4510//9019 4523//9019 4555//9019
f 4473//9020 4542//9020 4489//9020
f 4488//9021 4511//9021 4556//9021
f 4365//9022 4513//9022 4479//9022
f 4398//9023 4454//9023 4568//9023
f 4545//9024 4569//9024 4546//9024
f 4444//9025 4557//9025 4570//9025
f 4443//9026 4559//9026 4571//9026
f 4443//9027 4571//9027 4481//9027
f 4482//9028 4536//9028 4572//9028
f 4425//9029 4433//9029 4547//9029
f 4447//9030 4560//9030 4463//9030
f 4456//9031 4483//9031 4476//9031
f 4119//9032 4419//9032 4427//9032
f 4505//9033 4539//9033 4564//9033
f 4525//9034 4573//9034 4527//9034
f 4466//9035 4574//9035 4562//9035
f 4466//9036 4575//9036 4574//9036
f 4466//9037 4521//9037 4575//9037
f 4496//9038 4566//9038 4521//9038
f 4551//9039 4552//9039 4576//9039
f 4552//9040 4553//9040 4576//9040
f 4449//9041 4507//9041 4577//9041
f 4509//9042 4529//9042 4578//9042
f 4529//9043 4530//9043 4578//9043
f 4530//9044 4580//9044 4579//9044
f 4530//9045 4555//9045 4580//9045
f 4511//9046 4581//9046 4556//9046
f 4454//9047 4455//9047 4582//9047
f 4518//9048 4583//9048 4558//9048
f 4481//9049 4571//9049 4584//9049
f 4474//9050 4585//9050 4547//9050
f 4520//9051 4586//9051 4524//9051
f 4447//9052 4587//9052 4560//9052
f 4476//9053 4483//9053 4538//9053
f 4380//9054 4502//9054 4548//9054
f 4525//9055 4550//9055 4588//9055
f 4472//9056 4498//9056 4589//9056
f 4449//9057 4589//9057 4498//9057
f 4509//9058 4578//9058 4567//9058
f 4500//9059 4554//9059 4590//9059
f 4478//9060 4531//9060 4591//9060
f 4500//9061 4591//9061 4531//9061
f 4326//9062 4544//9062 4541//9062
f 4515//9063 4556//9063 4545//9063
f 4398//9064 4568//9064 4544//9064
f 4480//9065 4592//9065 4491//9065
f 4444//9066 4593//9066 4533//9066
f 4518//9067 4594//9067 4583//9067
f 4501//9068 4594//9068 4518//9068
f 4474//9069 4481//9069 4585//9069
f 4534//9070 4535//9070 4560//9070
f 4520//9071 4595//9071 4586//9071
f 4425//9072 4547//9072 4596//9072
f 4425//9073 4596//9073 4475//9073
f 4447//9074 4464//9074 4587//9074
f 4503//9075 4597//9075 4538//9075
f 4270//9076 4598//9076 4417//9076
f 4550//9077 4564//9077 4588//9077
f 4540//9078 4565//9078 4566//9078
f 4507//9079 4599//9079 4600//9079
f 4506//9080 4599//9080 4507//9080
f 4506//9081 4573//9081 4599//9081
f 4506//9082 4527//9082 4573//9082
f 4507//9083 4600//9083 4577//9083
f 4449//9084 4601//9084 4589//9084
f 4530//9085 4579//9085 4602//9085
f 4555//9086 4603//9086 4580//9086
f 4478//9087 4591//9087 4522//9087
f 4523//9088 4542//9088 4555//9088
f 4511//9089 4522//9089 4581//9089
f 4522//9090 4591//9090 4581//9090
f 4480//9091 4532//9091 4604//9091
f 4532//9092 4605//9092 4604//9092
f 4532//9093 4558//9093 4605//9093
f 4546//9094 4569//9094 4606//9094
f 4546//9095 4606//9095 4559//9095
f 4481//9096 4584//9096 4585//9096
f 4493//9097 4533//9097 4520//9097
f 4502//9098 4607//9098 4548//9098
f 4363//9099 4608//9099 4465//9099
f 4465//9100 4609//9100 4504//9100
f 4495//9101 4610//9101 4565//9101
f 4495//9102 4551//9102 4610//9102
f 4567//9103 4578//9103 4611//9103
f 4530//9104 4611//9104 4578//9104
f 4545//9105 4556//9105 4612//9105
f 4480//9106 4604//9106 4592//9106
f 4454//9107 4613//9107 4568//9107
f 4454//9108 4582//9108 4613//9108
f 4559//9109 4584//9109 4571//9109
f 4501//9110 4534//9110 4594//9110
f 4426//9111 4561//9111 4536//9111
f 4502//9112 4524//9112 4607//9112
f 4538//9113 4597//9113 4614//9113
f 4417//9114 4615//9114 4477//9114
f 4503//9115 4549//9115 4597//9115
f 4363//9116 4548//9116 4608//9116
f 4565//9117 4610//9117 4616//9117
f 4521//9118 4616//9118 4575//9118
f 4521//9119 4566//9119 4616//9119
f 4449//9120 4577//9120 4601//9120
f 4553//9121 4567//9121 4617//9121
f 4472//9122 4618//9122 4554//9122
f 4530//9123 4602//9123 4611//9123
f 4579//9124 4619//9124 4602//9124
f 4579//9125 4580//9125 4619//9125
f 4580//9126 4620//9126 4619//9126
f 4500//9127 4621//9127 4591//9127
f 4514//9128 4542//9128 4543//9128
f 4479//9129 4570//9129 4557//9129
f 4592//9130 4604//9130 4622//9130
f 4558//9131 4583//9131 4605//9131
f 4583//9132 4594//9132 4623//9132
f 4547//9133 4585//9133 4596//9133
f 4534//9134 4560//9134 4587//9134
f 4524//9135 4586//9135 4607//9135
f 4417//9136 4624//9136 4615//9136
f 4539//9137 4588//9137 4564//9137
f 4565//9138 4616//9138 4566//9138
f 4525//9139 4588//9139 4573//9139
f 4528//9140 4625//9140 4539//9140
f 4528//9141 4563//9141 4625//9141
f 4551//9142 4626//9142 4610//9142
f 4551//9143 4576//9143 4626//9143
f 4553//9144 4617//9144 4576//9144
f 4567//9145 4611//9145 4617//9145
f 4472//9146 4589//9146 4618//9146
f 4580//9147 4603//9147 4620//9147
f 4514//9148 4627//9148 4542//9148
f 4583//9149 4623//9149 4628//9149
f 4455//9150 4482//9150 4629//9150
f 4534//9151 4630//9151 4594//9151
f 4482//9152 4572//9152 4629//9152
f 4476//9153 4538//9153 4614//9153
f 4477//9154 4631//9154 4561//9154
f 4549//9155 4632//9155 4597//9155
f 4417//9156 4598//9156 4624//9156
f 4599//9157 4633//9157 4600//9157
f 4576//9158 4634//9158 4626//9158
f 4577//9159 4600//9159 4601//9159
f 4581//9160 4591//9160 4635//9160
f 4581//9161 4635//9161 4636//9161
f 4556//9162 4581//9162 4636//9162
f 4556//9163 4636//9163 4612//9163
f 4545//9164 4637//9164 4569//9164
f 4491//9165 4638//9165 4514//9165
f 4491//9166 4592//9166 4638//9166
f 4569//9167 4639//9167 4606//9167
f 4559//9168 4606//9168 4640//9168
f 4444//9169 4570//9169 4593//9169
f 4559//9170 4640//9170 4584//9170
f 4584//9171 4641//9171 4585//9171
f 4594//9172 4630//9172 4623//9172
f 4520//9173 4533//9173 4595//9173
f 4381//9174 4642//9174 4435//9174
f 4381//9175 4504//9175 4609//9175
f 4573//9176 4588//9176 4643//9176
f 4599//9177 4644//9177 4633//9177
f 4576//9178 4617//9178 4645//9178
f 4602//9179 4646//9179 4611//9179
f 4555//9180 4647//9180 4603//9180
f 4542//9181 4647//9181 4555//9181
f 4500//9182 4648//9182 4621//9182
f 4591//9183 4621//9183 4635//9183
f 4545//9184 4612//9184 4637//9184
f 4612//9185 4636//9185 4637//9185
f 4479//9186 4513//9186 4649//9186
f 4534//9187 4587//9187 4650//9187
f 4585//9188 4651//9188 4596//9188
f 4464//9189 4476//9189 4652//9189
f 4586//9190 4653//9190 4607//9190
f 4475//9191 4596//9191 4654//9191
f 4475//9192 4654//9192 4484//9192
f 4418//9193 4494//9193 4655//9193
f 4270//9194 4427//9194 4656//9194
f 4270//9195 4656//9195 4598//9195
f 4539//9196 4657//9196 4588//9196
f 4539//9197 4625//9197 4657//9197
f 4562//9198 4658//9198 4563//9198
f 4610//9199 4659//9199 4616//9199
f 4563//9200 4658//9200 4625//9200
f 4573//9201 4644//9201 4599//9201
f 4610//9202 4626//9202 4659//9202
f 4576//9203 4645//9203 4634//9203
f 4611//9204 4660//9204 4617//9204
f 4500//9205 4590//9205 4648//9205
f 4621//9206 4661//9206 4635//9206
f 4635//9207 4662//9207 4636//9207
f 4542//9208 4627//9208 4663//9208
f 4636//9209 4664//9209 4637//9209
f 4592//9210 4622//9210 4638//9210
f 4479//9211 4665//9211 4570//9211
f 4584//9212 4640//9212 4666//9212
f 4583//9213 4628//9213 4667//9213
f 4584//9214 4651//9214 4641//9214
f 4623//9215 4630//9215 4668//9215
f 4585//9216 4641//9216 4651//9216
f 4534//9217 4650//9217 4630//9217
f 4586//9218 4595//9218 4669//9218
f 4464//9219 4652//9219 4587//9219
f 4536//9220 4561//9220 4631//9220
f 4548//9221 4607//9221 4670//9221
f 4494//9222 4537//9222 4655//9222
f 4548//9223 4670//9223 4608//9223
f 4418//9224 4655//9224 4419//9224
f 4573//9225 4643//9225 4644//9225
f 4617//9226 4671//9226 4645//9226
f 4611//9227 4646//9227 4660//9227
f 4602//9228 4619//9228 4646//9228
f 4603//9229 4647//9229 4620//9229
f 4635//9230 4661//9230 4662//9230
f 4636//9231 4662//9231 4664//9231
f 4604//9232 4605//9232 4672//9232
f 4583//9233 4667//9233 4605//9233
f 4640//9234 4673//9234 4666//9234
f 4533//9235 4593//9235 4674//9235
f 4584//9236 4666//9236 4651//9236
f 4533//9237 4674//9237 4595//9237
f 4623//9238 4668//9238 4628//9238
f 4586//9239 4669//9239 4653//9239
f 4477//9240 4615//9240 4631//9240
f 4549//9241 4675//9241 4632//9241
f 4419//9242 4656//9242 4427//9242
f 4562//9243 4574//9243 4658//9243
f 4588//9244 4676//9244 4643//9244
f 4600//9245 4633//9245 4677//9245
f 4645//9246 4671//9246 4678//9246
f 4621//9247 4648//9247 4679//9247
f 4621//9248 4679//9248 4661//9248
f 4544//9249 4568//9249 4680//9249
f 4569//9250 4637//9250 4681//9250
f 4569//9251 4681//9251 4639//9251
f 4604//9252 4672//9252 4622//9252
f 4455//9253 4629//9253 4582//9253
f 4651//9254 4666//9254 4673//9254
f 4572//9255 4682//9255 4629//9255
f 4607//9256 4653//9256 4683//9256
f 4607//9257 4683//9257 4670//9257
f 4484//9258 4654//9258 4537//9258
f 4435//9259 4675//9259 4549//9259
f 4435//9260 4642//9260 4675//9260
f 4465//9261 4608//9261 4684//9261
f 4643//9262 4676//9262 4685//9262
f 4575//9263 4616//9263 4686//9263
f 4600//9264 4677//9264 4601//9264
f 4589//9265 4601//9265 4687//9265
f 4617//9266 4660//9266 4671//9266
f 4619//9267 4620//9267 4646//9267
f 4542//9268 4688//9268 4647//9268
f 4542//9269 4663//9269 4689//9269
f 4513//9270 4690//9270 4649//9270
f 4514//9271 4638//9271 4627//9271
f 4606//9272 4691//9272 4640//9272
f 4570//9273 4690//9273 4593//9273
f 4640//9274 4692//9274 4673//9274
f 4628//9275 4668//9275 4667//9275
f 4572//9276 4693//9276 4682//9276
f 4630//9277 4650//9277 4694//9277
f 4596//9278 4651//9278 4695//9278
f 4608//9279 4670//9279 4684//9279
f 4465//9280 4684//9280 4609//9280
f 4588//9281 4657//9281 4676//9281
f 4616//9282 4696//9282 4686//9282
f 4616//9283 4659//9283 4697//9283
f 4626//9284 4697//9284 4659//9284
f 4626//9285 4634//9285 4678//9285
f 4634//9286 4645//9286 4678//9286
f 4601//9287 4698//9287 4687//9287
f 4554//9288 4618//9288 4590//9288
f 4590//9289 4618//9289 4648//9289
f 4606//9290 4639//9290 4691//9290
f 4570//9291 4665//9291 4690//9291
f 4640//9292 4691//9292 4692//9292
f 4587//9293 4652//9293 4699//9293
f 4536//9294 4693//9294 4572//9294
f 4476//9295 4700//9295 4652//9295
f 4596//9296 4695//9296 4654//9296
f 4615//9297 4701//9297 4631//9297
f 4381//9298 4609//9298 4702//9298
f 4676//9299 4703//9299 4685//9299
f 4574//9300 4575//9300 4658//9300
f 4643//9301 4704//9301 4644//9301
f 4633//9302 4705//9302 4677//9302
f 4633//9303 4644//9303 4705//9303
f 4618//9304 4706//9304 4648//9304
f 4661//9305 4679//9305 4707//9305
f 4542//9306 4689//9306 4688//9306
f 4637//9307 4664//9307 4662//9307
f 4627//9308 4638//9308 4708//9308
f 4638//9309 4709//9309 4708//9309
f 4622//9310 4709//9310 4638//9310
f 4479//9311 4649//9311 4665//9311
f 4649//9312 4690//9312 4665//9312
f 4639//9313 4681//9313 4691//9313
f 4605//9314 4667//9314 4672//9314
f 4673//9315 4692//9315 4710//9315
f 4595//9316 4674//9316 4711//9316
f 4630//9317 4694//9317 4668//9317
f 4650//9318 4712//9318 4694//9318
f 4587//9319 4712//9319 4650//9319
f 4651//9320 4713//9320 4695//9320
f 4676//9321 4714//9321 4703//9321
f 4657//9322 4714//9322 4676//9322
f 4575//9323 4715//9323 4658//9323
f 4616//9324 4697//9324 4696//9324
f 4643//9325 4685//9325 4716//9325
f 4685//9326 4703//9326 4716//9326
f 4658//9327 4715//9327 4717//9327
f 4575//9328 4686//9328 4715//9328
f 4626//9329 4718//9329 4697//9329
f 4644//9330 4704//9330 4705//9330
f 4677//9331 4719//9331 4698//9331
f 4677//9332 4705//9332 4719//9332
f 4601//9333 4677//9333 4698//9333
f 4648//9334 4706//9334 4679//9334
f 4647//9335 4688//9335 4720//9335
f 4688//9336 4689//9336 4721//9336
f 4541//9337 4544//9337 4722//9337
f 4627//9338 4708//9338 4663//9338
f 4622//9339 4672//9339 4723//9339
f 4582//9340 4629//9340 4613//9340
f 4613//9341 4629//9341 4682//9341
f 4667//9342 4668//9342 4724//9342
f 4651//9343 4673//9343 4725//9343
f 4587//9344 4699//9344 4712//9344
f 4651//9345 4725//9345 4713//9345
f 4536//9346 4631//9346 4726//9346
f 4476//9347 4614//9347 4700//9347
f 4632//9348 4675//9348 4727//9348
f 4537//9349 4728//9349 4655//9349
f 4598//9350 4615//9350 4624//9350
f 4684//9351 4729//9351 4702//9351
f 4609//9352 4684//9352 4702//9352
f 4625//9353 4658//9353 4717//9353
f 4687//9354 4698//9354 4730//9354
f 4698//9355 4719//9355 4731//9355
f 4646//9356 4732//9356 4660//9356
f 4688//9357 4721//9357 4733//9357
f 4661//9358 4707//9358 4662//9358
f 4637//9359 4662//9359 4734//9359
f 4513//9360 4541//9360 4690//9360
f 4681//9361 4735//9361 4691//9361
f 4622//9362 4723//9362 4709//9362
f 4691//9363 4710//9363 4692//9363
f 4667//9364 4724//9364 4672//9364
f 4668//9365 4736//9365 4724//9365
f 4595//9366 4711//9366 4669//9366
f 4597//9367 4737//9367 4614//9367
f 4537//9368 4654//9368 4728//9368
f 4597//9369 4632//9369 4727//9369
f 4686//9370 4717//9370 4715//9370
f 4643//9371 4716//9371 4704//9371
f 4704//9372 4738//9372 4705//9372
f 4626//9373 4678//9373 4739//9373
f 4660//9374 4732//9374 4671//9374
f 4589//9375 4687//9375 4740//9375
f 4620//9376 4647//9376 4646//9376
f 4662//9377 4707//9377 4734//9377
f 4637//9378 4735//9378 4681//9378
f 4663//9379 4708//9379 4741//9379
f 4691//9380 4735//9380 4710//9380
f 4593//9381 4690//9381 4742//9381
f 4672//9382 4724//9382 4723//9382
f 4668//9383 4694//9383 4736//9383
f 4682//9384 4693//9384 4743//9384
f 4536//9385 4726//9385 4693//9385
f 4653//9386 4744//9386 4683//9386
f 4614//9387 4737//9387 4700//9387
f 4704//9388 4716//9388 4745//9388
f 4686//9389 4746//9389 4717//9389
f 4686//9390 4696//9390 4746//9390
f 4626//9391 4739//9391 4718//9391
f 4704//9392 4747//9392 4738//9392
f 4705//9393 4738//9393 4719//9393
f 4719//9394 4738//9394 4731//9394
f 4687//9395 4730//9395 4740//9395
f 4646//9396 4720//9396 4732//9396
f 4646//9397 4647//9397 4720//9397
f 4679//9398 4706//9398 4748//9398
f 4688//9399 4733//9399 4720//9399
f 4679//9400 4748//9400 4707//9400
f 4721//9401 4749//9401 4733//9401
f 4663//9402 4721//9402 4689//9402
f 4637//9403 4734//9403 4735//9403
f 4708//9404 4750//9404 4741//9404
f 4673//9405 4710//9405 4751//9405
f 4593//9406 4742//9406 4674//9406
f 4613//9407 4682//9407 4752//9407
f 4723//9408 4724//9408 4736//9408
f 4631//9409 4701//9409 4726//9409
f 4597//9410 4727//9410 4737//9410
f 4670//9411 4683//9411 4744//9411
f 4598//9412 4753//9412 4615//9412
f 4703//9413 4745//9413 4716//9413
f 4657//9414 4754//9414 4714//9414
f 4625//9415 4717//9415 4755//9415
f 4698//9416 4731//9416 4730//9416
f 4730//9417 4731//9417 4756//9417
f 4671//9418 4732//9418 4757//9418
f 4730//9419 4756//9419 4740//9419
f 4589//9420 4706//9420 4618//9420
f 4710//9421 4735//9421 4758//9421
f 4568//9422 4613//9422 4680//9422
f 4708//9423 4759//9423 4750//9423
f 4708//9424 4709//9424 4759//9424
f 4673//9425 4713//9425 4725//9425
f 4694//9426 4760//9426 4736//9426
f 4694//9427 4712//9427 4760//9427
f 4712//9428 4761//9428 4760//9428
f 4699//9429 4761//9429 4712//9429
f 4669//9430 4711//9430 4762//9430
f 4693//9431 4726//9431 4763//9431
f 4655//9432 4728//9432 4764//9432
f 4670//9433 4765//9433 4684//9433
f 4419//9434 4655//9434 4766//9434
f 4598//9435 4656//9435 4767//9435
f 4598//9436 4767//9436 4753//9436
f 4703//9437 4754//9437 4745//9437
f 4703//9438 4714//9438 4754//9438
f 4704//9439 4768//9439 4747//9439
f 4671//9440 4739//9440 4678//9440
f 4738//9441 4747//9441 4769//9441
f 4731//9442 4738//9442 4769//9442
f 4732//9443 4770//9443 4757//9443
f 4589//9444 4740//9444 4771//9444
f 4720//9445 4772//9445 4732//9445
f 4589//9446 4771//9446 4706//9446
f 4720//9447 4733//9447 4772//9447
f 4541//9448 4722//9448 4773//9448
f 4709//9449 4723//9449 4759//9449
f 4674//9450 4742//9450 4774//9450
f 4673//9451 4751//9451 4713//9451
f 4736//9452 4760//9452 4775//9452
f 4695//9453 4713//9453 4776//9453
f 4670//9454 4744//9454 4765//9454
f 4381//9455 4702//9455 4642//9455
f 4625//9456 4777//9456 4657//9456
f 4657//9457 4777//9457 4754//9457
f 4696//9458 4778//9458 4746//9458
f 4696//9459 4697//9459 4779//9459
f 4704//9460 4745//9460 4768//9460
f 4718//9461 4739//9461 4780//9461
f 4731//9462 4769//9462 4781//9462
f 4671//9463 4757//9463 4782//9463
f 4732//9464 4772//9464 4770//9464
f 4740//9465 4783//9465 4771//9465
f 4734//9466 4784//9466 4735//9466
f 4663//9467 4741//9467 4721//9467
f 4735//9468 4785//9468 4758//9468
f 4735//9469 4784//9469 4785//9469
f 4544//9470 4680//9470 4722//9470
f 4723//9471 4775//9471 4759//9471
f 4723//9472 4736//9472 4775//9472
f 4674//9473 4774//9473 4711//9473
f 4760//9474 4786//9474 4775//9474
f 4682//9475 4743//9475 4787//9475
f 4760//9476 4761//9476 4786//9476
f 4693//9477 4763//9477 4743//9477
f 4653//9478 4669//9478 4744//9478
f 4642//9479 4702//9479 4788//9479
f 4745//9480 4789//9480 4768//9480
f 4745//9481 4754//9481 4789//9481
f 4747//9482 4790//9482 4769//9482
f 4757//9483 4791//9483 4782//9483
f 4740//9484 4756//9484 4783//9484
f 4733//9485 4792//9485 4772//9485
f 4733//9486 4749//9486 4792//9486
f 4721//9487 4793//9487 4749//9487
f 4721//9488 4741//9488 4794//9488
f 4541//9489 4773//9489 4690//9489
f 4741//9490 4750//9490 4795//9490
f 4613//9491 4752//9491 4680//9491
f 4690//9492 4774//9492 4742//9492
f 4750//9493 4759//9493 4796//9493
f 4710//9494 4797//9494 4751//9494
f 4759//9495 4775//9495 4796//9495
f 4682//9496 4787//9496 4752//9496
f 4743//9497 4798//9497 4787//9497
f 4669//9498 4762//9498 4799//9498
f 4675//9499 4800//9499 4727//9499
f 4655//9500 4764//9500 4766//9500
f 4615//9501 4753//9501 4701//9501
f 4684//9502 4765//9502 4801//9502
f 4684//9503 4801//9503 4729//9503
f 4717//9504 4777//9504 4755//9504
f 4717//9505 4746//9505 4777//9505
f 4671//9506 4782//9506 4739//9506
f 4747//9507 4768//9507 4802//9507
f 4747//9508 4802//9508 4790//9508
f 4731//9509 4781//9509 4756//9509
f 4769//9510 4803//9510 4781//9510
f 4757//9511 4770//9511 4791//9511
f 4770//9512 4804//9512 4791//9512
f 4770//9513 4772//9513 4804//9513
f 4706//9514 4771//9514 4805//9514
f 4706//9515 4806//9515 4748//9515
f 4706//9516 4805//9516 4806//9516
f 4707//9517 4748//9517 4807//9517
f 4749//9518 4808//9518 4792//9518
f 4734//9519 4807//9519 4809//9519
f 4734//9520 4810//9520 4784//9520
f 4734//9521 4809//9521 4810//9521
f 4721//9522 4794//9522 4793//9522
f 4710//9523 4758//9523 4811//9523
f 4690//9524 4773//9524 4812//9524
f 4680//9525 4752//9525 4813//9525
f 4690//9526 4812//9526 4774//9526
f 4775//9527 4786//9527 4814//9527
f 4743//9528 4763//9528 4798//9528
f 4652//9529 4815//9529 4699//9529
f 4652//9530 4700//9530 4815//9530
f 4669//9531 4799//9531 4744//9531
f 4700//9532 4737//9532 4815//9532
f 4654//9533 4764//9533 4728//9533
f 4642//9534 4800//9534 4675//9534
f 4625//9535 4755//9535 4777//9535
f 4696//9536 4779//9536 4816//9536
f 4697//9537 4718//9537 4779//9537
f 4718//9538 4780//9538 4817//9538
f 4739//9539 4782//9539 4780//9539
f 4756//9540 4781//9540 4803//9540
f 4707//9541 4807//9541 4734//9541
f 4749//9542 4793//9542 4794//9542
f 4784//9543 4810//9543 4818//9543
f 4784//9544 4818//9544 4785//9544
f 4758//9545 4785//9545 4811//9545
f 4680//9546 4813//9546 4722//9546
f 4773//9547 4819//9547 4812//9547
f 4775//9548 4814//9548 4796//9548
f 4654//9549 4695//9549 4820//9549
f 4701//9550 4763//9550 4726//9550
f 4756//9551 4803//9551 4783//9551
f 4722//9552 4821//9552 4773//9552
f 4785//9553 4822//9553 4811//9553
f 4722//9554 4813//9554 4821//9554
f 4750//9555 4796//9555 4795//9555
f 4773//9556 4821//9556 4819//9556
f 4795//9557 4796//9557 4823//9557
f 4710//9558 4811//9558 4797//9558
f 4774//9559 4812//9559 4824//9559
f 4713//9560 4751//9560 4797//9560
f 4786//9561 4825//9561 4814//9561
f 4711//9562 4774//9562 4762//9562
f 4761//9563 4825//9563 4786//9563
f 4699//9564 4815//9564 4761//9564
f 4695//9565 4776//9565 4826//9565
f 4762//9566 4827//9566 4799//9566
f 4744//9567 4828//9567 4765//9567
f 4701//9568 4753//9568 4829//9568
f 4729//9569 4801//9569 4830//9569
f 4702//9570 4729//9570 4830//9570
f 4754//9571 4831//9571 4789//9571
f 4746//9572 4778//9572 4777//9572
f 4769//9573 4790//9573 4803//9573
f 4780//9574 4782//9574 4832//9574
f 4771//9575 4783//9575 4805//9575
f 4748//9576 4806//9576 4807//9576
f 4807//9577 4833//9577 4809//9577
f 4807//9578 4834//9578 4833//9578
f 4809//9579 4835//9579 4810//9579
f 4809//9580 4833//9580 4835//9580
f 4749//9581 4794//9581 4808//9581
f 4810//9582 4835//9582 4818//9582
f 4752//9583 4821//9583 4813//9583
f 4796//9584 4814//9584 4836//9584
f 4814//9585 4825//9585 4836//9585
f 4713//9586 4797//9586 4837//9586
f 4799//9587 4827//9587 4828//9587
f 4744//9588 4799//9588 4828//9588
f 4654//9589 4838//9589 4764//9589
f 4642//9590 4839//9590 4800//9590
f 4419//9591 4767//9591 4656//9591
f 4765//9592 4840//9592 4801//9592
f 4754//9593 4777//9593 4831//9593
f 4696//9594 4841//9594 4778//9594
f 4777//9595 4778//9595 4841//9595
f 4777//9596 4842//9596 4831//9596
f 4718//9597 4843//9597 4779//9597
f 4782//9598 4791//9598 4844//9598
f 4790//9599 4845//9599 4803//9599
f 4782//9600 4844//9600 4832//9600
f 4791//9601 4804//9601 4846//9601
f 4772//9602 4847//9602 4804//9602
f 4772//9603 4792//9603 4847//9603
f 4806//9604 4848//9604 4834//9604
f 4806//9605 4834//9605 4807//9605
f 4741//9606 4849//9606 4794//9606
f 4785//9607 4818//9607 4850//9607
f 4785//9608 4850//9608 4822//9608
f 4796//9609 4836//9609 4823//9609
f 4752//9610 4787//9610 4851//9610
f 4713//9611 4852//9611 4776//9611
f 4654//9612 4820//9612 4838//9612
f 4702//9613 4830//9613 4788//9613
f 4696//9614 4816//9614 4841//9614
f 4779//9615 4843//9615 4816//9615
f 4718//9616 4853//9616 4843//9616
f 4718//9617 4817//9617 4853//9617
f 4780//9618 4853//9618 4817//9618
f 4783//9619 4803//9619 4845//9619
f 4791//9620 4846//9620 4844//9620
f 4783//9621 4845//9621 4854//9621
f 4783//9622 4855//9622 4805//9622
f 4805//9623 4855//9623 4806//9623
f 4806//9624 4855//9624 4848//9624
f 4792//9625 4808//9625 4856//9625
f 4833//9626 4857//9626 4835//9626
f 4833//9627 4834//9627 4857//9627
f 4741//9628 4795//9628 4849//9628
f 4795//9629 4823//9629 4849//9629
f 4797//9630 4811//9630 4822//9630
f 4774//9631 4824//9631 4858//9631
f 4713//9632 4837//9632 4852//9632
f 4761//9633 4859//9633 4825//9633
f 4761//9634 4815//9634 4859//9634
f 4787//9635 4798//9635 4851//9635
f 4762//9636 4860//9636 4827//9636
f 4764//9637 4838//9637 4861//9637
f 4765//9638 4828//9638 4862//9638
f 4801//9639 4840//9639 4830//9639
f 4777//9640 4841//9640 4863//9640
f 4768//9641 4789//9641 4864//9641
f 4777//9642 4865//9642 4842//9642
f 4777//9643 4863//9643 4865//9643
f 4768//9644 4864//9644 4802//9644
f 4783//9645 4854//9645 4855//9645
f 4804//9646 4847//9646 4866//9646
f 4792//9647 4856//9647 4847//9647
f 4834//9648 4848//9648 4867//9648
f 4794//9649 4856//9649 4808//9649
f 4822//9650 4850//9650 4868//9650
f 4812//9651 4819//9651 4869//9651
f 4819//9652 4821//9652 4869//9652
f 4752//9653 4870//9653 4821//9653
f 4812//9654 4869//9654 4824//9654
f 4823//9655 4836//9655 4871//9655
f 4797//9656 4852//9656 4837//9656
f 4825//9657 4871//9657 4836//9657
f 4825//9658 4859//9658 4871//9658
f 4762//9659 4774//9659 4858//9659
f 4701//9660 4829//9660 4763//9660
f 4642//9661 4788//9661 4839//9661
f 4789//9662 4831//9662 4872//9662
f 4831//9663 4842//9663 4873//9663
f 4816//9664 4843//9664 4841//9664
f 4790//9665 4802//9665 4845//9665
f 4834//9666 4867//9666 4857//9666
f 4818//9667 4835//9667 4850//9667
f 4797//9668 4822//9668 4868//9668
f 4823//9669 4871//9669 4874//9669
f 4824//9670 4869//9670 4875//9670
f 4762//9671 4858//9671 4876//9671
f 4762//9672 4876//9672 4860//9672
f 4798//9673 4877//9673 4851//9673
f 4798//9674 4829//9674 4877//9674
f 4763//9675 4829//9675 4798//9675
f 4827//9676 4878//9676 4828//9676
f 4828//9677 4878//9677 4862//9677
f 4727//9678 4800//9678 4737//9678
f 4753//9679 4879//9679 4829//9679
f 4765//9680 4862//9680 4840//9680
f 4830//9681 4840//9681 4880//9681
f 4831//9682 4873//9682 4872//9682
f 4842//9683 4865//9683 4873//9683
f 4802//9684 4864//9684 4881//9684
f 4780//9685 4832//9685 4853//9685
f 4832//9686 4844//9686 4882//9686
f 4802//9687 4883//9687 4845//9687
f 4804//9688 4866//9688 4846//9688
f 4847//9689 4856//9689 4866//9689
f 4823//9690 4874//9690 4849//9690
f 4850//9691 4884//9691 4868//9691
f 4752//9692 4851//9692 4885//9692
f 4695//9693 4826//9693 4886//9693
f 4695//9694 4886//9694 4820//9694
f 4737//9695 4800//9695 4887//9695
f 4800//9696 4839//9696 4888//9696
f 4419//9697 4766//9697 4767//9697
f 4753//9698 4889//9698 4879//9698
f 4753//9699 4767//9699 4889//9699
f 4863//9700 4890//9700 4865//9700
f 4863//9701 4891//9701 4890//9701
f 4841//9702 4891//9702 4863//9702
f 4864//9703 4872//9703 4881//9703
f 4789//9704 4872//9704 4864//9704
f 4832//9705 4882//9705 4892//9705
f 4845//9706 4883//9706 4854//9706
f 4802//9707 4881//9707 4883//9707
f 4844//9708 4846//9708 4882//9708
f 4848//9709 4893//9709 4867//9709
f 4856//9710 4895//9710 4894//9710
f 4835//9711 4857//9711 4896//9711
f 4835//9712 4896//9712 4850//9712
f 4794//9713 4849//9713 4874//9713
f 4797//9714 4868//9714 4852//9714
f 4752//9715 4885//9715 4870//9715
f 4851//9716 4897//9716 4885//9716
f 4851//9717 4877//9717 4897//9717
f 4820//9718 4898//9718 4838//9718
f 4827//9719 4860//9719 4878//9719
f 4839//9720 4899//9720 4888//9720
f 4840//9721 4900//9721 4880//9721
f 4788//9722 4830//9722 4880//9722
f 4841//9723 4843//9723 4891//9723
f 4872//9724 4873//9724 4901//9724
f 4832//9725 4892//9725 4853//9725
f 4881//9726 4902//9726 4883//9726
f 4882//9727 4903//9727 4892//9727
f 4854//9728 4883//9728 4904//9728
f 4854//9729 4904//9729 4905//9729
f 4883//9730 4902//9730 4904//9730
f 4846//9731 4906//9731 4882//9731
f 4846//9732 4866//9732 4906//9732
f 4854//9733 4907//9733 4855//9733
f 4848//9734 4855//9734 4908//9734
f 4855//9735 4907//9735 4908//9735
f 4867//9736 4893//9736 4909//9736
f 4794//9737 4895//9737 4856//9737
f 4857//9738 4867//9738 4910//9738
f 4857//9739 4910//9739 4896//9739
f 4794//9740 4874//9740 4911//9740
f 4871//9741 4912//9741 4874//9741
f 4821//9742 4870//9742 4869//9742
f 4871//9743 4913//9743 4912//9743
f 4824//9744 4875//9744 4858//9744
f 4859//9745 4913//9745 4871//9745
f 4776//9746 4852//9746 4826//9746
f 4815//9747 4914//9747 4859//9747
f 4858//9748 4915//9748 4876//9748
f 4876//9749 4915//9749 4916//9749
f 4860//9750 4876//9750 4917//9750
f 4737//9751 4887//9751 4815//9751
f 4860//9752 4917//9752 4878//9752
f 4800//9753 4888//9753 4887//9753
f 4764//9754 4918//9754 4766//9754
f 4839//9755 4919//9755 4899//9755
f 4788//9756 4919//9756 4839//9756
f 4872//9757 4920//9757 4881//9757
f 4865//9758 4901//9758 4873//9758
f 4890//9759 4891//9759 4921//9759
f 4843//9760 4922//9760 4891//9760
f 4891//9761 4922//9761 4921//9761
f 4853//9762 4892//9762 4923//9762
f 4843//9763 4853//9763 4923//9763
f 4904//9764 4924//9764 4905//9764
f 4902//9765 4924//9765 4904//9765
f 4866//9766 4894//9766 4906//9766
f 4848//9767 4908//9767 4893//9767
f 4856//9768 4894//9768 4866//9768
f 4867//9769 4909//9769 4910//9769
f 4794//9770 4911//9770 4895//9770
f 4850//9771 4896//9771 4884//9771
f 4874//9772 4912//9772 4911//9772
f 4869//9773 4870//9773 4925//9773
f 4859//9774 4914//9774 4913//9774
f 4838//9775 4898//9775 4861//9775
f 4840//9776 4862//9776 4900//9776
f 4872//9777 4901//9777 4920//9777
f 4843//9778 4923//9778 4922//9778
f 4892//9779 4903//9779 4926//9779
f 4882//9780 4906//9780 4903//9780
f 4894//9781 4903//9781 4906//9781
f 4907//9782 4927//9782 4908//9782
f 4909//9783 4928//9783 4910//9783
f 4895//9784 4911//9784 4929//9784
f 4884//9785 4896//9785 4910//9785
f 4911//9786 4912//9786 4913//9786
f 4858//9787 4875//9787 4915//9787
f 4876//9788 4916//9788 4917//9788
f 4829//9789 4930//9789 4877//9789
f 4829//9790 4879//9790 4930//9790
f 4862//9791 4931//9791 4900//9791
f 4879//9792 4889//9792 4932//9792
f 4881//9793 4920//9793 4902//9793
f 4901//9794 4933//9794 4934//9794
f 4865//9795 4890//9795 4921//9795
f 4921//9796 4922//9796 4935//9796
f 4902//9797 4936//9797 4924//9797
f 4901//9798 4934//9798 4920//9798
f 4922//9799 4923//9799 4935//9799
f 4854//9800 4905//9800 4936//9800
f 4905//9801 4924//9801 4936//9801
f 4892//9802 4926//9802 4923//9802
f 4854//9803 4927//9803 4907//9803
f 4894//9804 4937//9804 4903//9804
f 4894//9805 4938//9805 4937//9805
f 4908//9806 4927//9806 4939//9806
f 4869//9807 4925//9807 4875//9807
f 4820//9808 4886//9808 4898//9808
f 4815//9809 4940//9809 4914//9809
f 4815//9810 4887//9810 4940//9810
f 4878//9811 4917//9811 4916//9811
f 4764//9812 4861//9812 4941//9812
f 4766//9813 4918//9813 4767//9813
f 4767//9814 4932//9814 4889//9814
f 4902//9815 4920//9815 4936//9815
f 4865//9816 4921//9816 4942//9816
f 4923//9817 4926//9817 4943//9817
f 4854//9818 4944//9818 4927//9818
f 4903//9819 4937//9819 4926//9819
f 4927//9820 4944//9820 4939//9820
f 4894//9821 4945//9821 4938//9821
f 4852//9822 4868//9822 4946//9822
f 4913//9823 4914//9823 4947//9823
f 4826//9824 4852//9824 4948//9824
f 4875//9825 4925//9825 4949//9825
f 4878//9826 4916//9826 4950//9826
f 4788//9827 4880//9827 4919//9827
f 4879//9828 4932//9828 4930//9828
f 4900//9829 4931//9829 4951//9829
f 4880//9830 4900//9830 4951//9830
f 4901//9831 4952//9831 4933//9831
f 4865//9832 4952//9832 4901//9832
f 4920//9833 4953//9833 4936//9833
f 4854//9834 4936//9834 4954//9834
f 4923//9835 4943//9835 4935//9835
f 4854//9836 4954//9836 4944//9836
f 4926//9837 4937//9837 4943//9837
f 4939//9838 4944//9838 4955//9838
f 4937//9839 4938//9839 4956//9839
f 4894//9840 4957//9840 4945//9840
f 4894//9841 4895//9841 4957//9841
f 4895//9842 4958//9842 4957//9842
f 4884//9843 4910//9843 4959//9843
f 4868//9844 4884//9844 4946//9844
f 4911//9845 4913//9845 4929//9845
f 4764//9846 4941//9846 4918//9846
f 4862//9847 4878//9847 4950//9847
f 4862//9848 4960//9848 4931//9848
f 4920//9849 4934//9849 4953//9849
f 4865//9850 4942//9850 4952//9850
f 4921//9851 4935//9851 4961//9851
f 4937//9852 4962//9852 4943//9852
f 4938//9853 4945//9853 4956//9853
f 4909//9854 4959//9854 4928//9854
f 4910//9855 4928//9855 4959//9855
f 4895//9856 4929//9856 4958//9856
f 4884//9857 4959//9857 4946//9857
f 4913//9858 4947//9858 4929//9858
f 4826//9859 4948//9859 4886//9859
f 4870//9860 4963//9860 4925//9860
f 4925//9861 4963//9861 4964//9861
f 4870//9862 4885//9862 4963//9862
f 4875//9863 4949//9863 4915//9863
f 4915//9864 4949//9864 4965//9864
f 4877//9865 4966//9865 4897//9865
f 4888//9866 4899//9866 4967//9866
f 4936//9867 4953//9867 4968//9867
f 4945//9868 4969//9868 4956//9868
f 4893//9869 4908//9869 4970//9869
f 4937//9870 4956//9870 4971//9870
f 4893//9871 4972//9871 4909//9871
f 4909//9872 4972//9872 4959//9872
f 4929//9873 4947//9873 4973//9873
f 4852//9874 4946//9874 4948//9874
f 4886//9875 4974//9875 4898//9875
f 4925//9876 4964//9876 4949//9876
f 4861//9877 4898//9877 4975//9877
f 4885//9878 4897//9878 4966//9878
f 4915//9879 4965//9879 4916//9879
f 4916//9880 4965//9880 4950//9880
f 4899//9881 4919//9881 4967//9881
f 4950//9882 4976//9882 4960//9882
f 4862//9883 4950//9883 4960//9883
f 4933//9884 4952//9884 4977//9884
f 4935//9885 4943//9885 4962//9885
f 4935//9886 4962//9886 4961//9886
f 4944//9887 4978//9887 4955//9887
f 4937//9888 4979//9888 4980//9888
f 4937//9889 4971//9889 4979//9889
f 4956//9890 4969//9890 4971//9890
f 4945//9891 4981//9891 4969//9891
f 4908//9892 4939//9892 4982//9892
f 4908//9893 4982//9893 4970//9893
f 4939//9894 4955//9894 4982//9894
f 4945//9895 4957//9895 4981//9895
f 4957//9896 4958//9896 4983//9896
f 4929//9897 4984//9897 4958//9897
f 4929//9898 4973//9898 4984//9898
f 4914//9899 4940//9899 4985//9899
f 4949//9900 4964//9900 4986//9900
f 4963//9901 4986//9901 4964//9901
f 4885//9902 4966//9902 4963//9902
f 4887//9903 4888//9903 4987//9903
f 4936//9904 4968//9904 4954//9904
f 4952//9905 4988//9905 4977//9905
f 4942//9906 4988//9906 4952//9906
f 4944//9907 4954//9907 4978//9907
f 4933//9908 4977//9908 4934//9908
f 4921//9909 4961//9909 4942//9909
f 4937//9910 4980//9910 4962//9910
f 4971//9911 4989//9911 4979//9911
f 4957//9912 4983//9912 4981//9912
f 4893//9913 4970//9913 4972//9913
f 4958//9914 4984//9914 4983//9914
f 4949//9915 4986//9915 4990//9915
f 4861//9916 4991//9916 4941//9916
f 4986//9917 4992//9917 4993//9917
f 4963//9918 4966//9918 4986//9918
f 4949//9919 4990//9919 4965//9919
f 4986//9920 4993//9920 4990//9920
f 4887//9921 4987//9921 4940//9921
f 4990//9922 4993//9922 4994//9922
f 4965//9923 4990//9923 4994//9923
f 4950//9924 4965//9924 4976//9924
f 4880//9925 4995//9925 4919//9925
f 4880//9926 4951//9926 4995//9926
f 4931//9927 4960//9927 4951//9927
f 4996//9928 4997//9928 4998//9928
f 4997//9929 4999//9929 4998//9929
f 4997//9930 5000//9930 4999//9930
f 4997//9931 5001//9931 5000//9931
f 5000//9932 5001//9932 5002//9932
f 4934//9933 5003//9933 4953//9933
f 4934//9934 5004//9934 5003//9934
f 4979//9935 5005//9935 4980//9935
f 4970//9936 4982//9936 5006//9936
f 4979//9937 4989//9937 5005//9937
f 4969//9938 4981//9938 4971//9938
f 4914//9939 4985//9939 4947//9939
f 4861//9940 4975//9940 4991//9940
f 4966//9941 5007//9941 4986//9941
f 4992//9942 4996//9942 4993//9942
f 4888//9943 4967//9943 4987//9943
f 4966//9944 5008//9944 5007//9944
f 4767//9945 4918//9945 5009//9945
f 4993//9946 4999//9946 4994//9946
f 4993//9947 4996//9947 4998//9947
f 4767//9948 5010//9948 4932//9948
f 4993//9949 4998//9949 4999//9949
f 4999//9950 5000//9950 5011//9950
f 5000//9951 5002//9951 5012//9951
f 5000//9952 5012//9952 5011//9952
f 4953//9953 5013//9953 4968//9953
f 4953//9954 5003//9954 5014//9954
f 4953//9955 5014//9955 5013//9955
f 4982//9956 5015//9956 5006//9956
f 4971//9957 4981//9957 4989//9957
f 4959//9958 4972//9958 5016//9958
f 4959//9959 5016//9959 5017//9959
f 4959//9960 5017//9960 5018//9960
f 4946//9961 4959//9961 5018//9961
f 4946//9962 5019//9962 4948//9962
f 4886//9963 4948//9963 4974//9963
f 4898//9964 4974//9964 4975//9964
f 4940//9965 5020//9965 4985//9965
f 4986//9966 5007//9966 4992//9966
f 4992//9967 5007//9967 4996//9967
f 4919//9968 5021//9968 4967//9968
f 4994//9969 4999//9969 5022//9969
f 4996//9970 5007//9970 5001//9970
f 4996//9971 5001//9971 4997//9971
f 4930//9972 4932//9972 5023//9972
f 4877//9973 5008//9973 4966//9973
f 4877//9974 4930//9974 5023//9974
f 4877//9975 5024//9975 5008//9975
f 4965//9976 5025//9976 4976//9976
f 5001//9977 5026//9977 5002//9977
f 4999//9978 5011//9978 5027//9978
f 5002//9979 5026//9979 5012//9979
f 5012//9980 5028//9980 5029//9980
f 5011//9981 5012//9981 5029//9981
f 4954//9982 4968//9982 5030//9982
f 4954//9983 5030//9983 4978//9983
f 4934//9984 4977//9984 5004//9984
f 4961//9985 4962//9985 5031//9985
f 4955//9986 4978//9986 5030//9986
f 4942//9987 5032//9987 4988//9987
f 4955//9988 5033//9988 5034//9988
f 4962//9989 4980//9989 5005//9989
f 4955//9990 5034//9990 4982//9990
f 4989//9991 5035//9991 5005//9991
f 4981//9992 4983//9992 5036//9992
f 4970//9993 5016//9993 4972//9993
f 4983//9994 4984//9994 5036//9994
f 4946//9995 5018//9995 5019//9995
f 4947//9996 4985//9996 4973//9996
f 4940//9997 5037//9997 5020//9997
f 4940//9998 4987//9998 5037//9998
f 4918//9999 4941//9999 4991//9999
f 4918//10000 4991//10000 5009//10000
f 4932//10001 5010//10001 5023//10001
f 5007//10002 5008//10002 5038//10002
f 5001//10003 5007//10003 5038//10003
f 4965//10004 4994//10004 5025//10004
f 4951//10005 4960//10005 5039//10005
f 4877//10006 5023//10006 5024//10006
f 4960//10007 4976//10007 5039//10007
f 4994//10008 5022//10008 5025//10008
f 4976//10009 5025//10009 5040//10009
f 4976//10010 5040//10010 5039//10010
f 5001//10011 5038//10011 5026//10011
f 5011//10012 5041//10012 5027//10012
f 5012//10013 5026//10013 5028//10013
f 5011//10014 5042//10014 5041//10014
f 5011//10015 5029//10015 5042//10015
f 4968//10016 5033//10016 5030//10016
f 4968//10017 5013//10017 5033//10017
f 5013//10018 5043//10018 5033//10018
f 4955//10019 5030//10019 5033//10019
f 4942//10020 4961//10020 5044//10020
f 4962//10021 5005//10021 5031//10021
f 5005//10022 5045//10022 5031//10022
f 4982//10023 5046//10023 5015//10023
f 4981//10024 5047//10024 4989//10024
f 4981//10025 5036//10025 5047//10025
f 5016//10026 5018//10026 5017//10026
f 5016//10027 5048//10027 5018//10027
f 4973//10028 5049//10028 4984//10028
f 4948//10029 5050//10029 4974//10029
f 5008//10030 5024//10030 5051//10030
f 5008//10031 5051//10031 5038//10031
f 5038//10032 5051//10032 5052//10032
f 5026//10033 5038//10033 5052//10033
f 4999//10034 5027//10034 5053//10034
f 4999//10035 5053//10035 5022//10035
f 5027//10036 5041//10036 5053//10036
f 5029//10037 5054//10037 5042//10037
f 5013//10038 5014//10038 5043//10038
f 5003//10039 5004//10039 5014//10039
f 4961//10040 5031//10040 5055//10040
f 5005//10041 5035//10041 5045//10041
f 4982//10042 5034//10042 5056//10042
f 4989//10043 5047//10043 5057//10043
f 4970//10044 5006//10044 5058//10044
f 5006//10045 5015//10045 5058//10045
f 4970//10046 5048//10046 5016//10046
f 4970//10047 5058//10047 5048//10047
f 4984//10048 5049//10048 5036//10048
f 5018//10049 5048//10049 5059//10049
f 4919//10050 4995//10050 5021//10050
f 5022//10051 5040//10051 5025//10051
f 5041//10052 5042//10052 5060//10052
f 5042//10053 5054//10053 5060//10053
f 5014//10054 5061//10054 5043//10054
f 4977//10055 4988//10055 5032//10055
f 4961//10056 5055//10056 5044//10056
f 5031//10057 5045//10057 5055//10057
f 5035//10058 5062//10058 5045//10058
f 4982//10059 5056//10059 5046//10059
f 5048//10060 5058//10060 5063//10060
f 5015//10061 5063//10061 5058//10061
f 5036//10062 5064//10062 5047//10062
f 5036//10063 5049//10063 5064//10063
f 5048//10064 5063//10064 5059//10064
f 4973//10065 4985//10065 5049//10065
f 4948//10066 5019//10066 5050//10066
f 4974//10067 5050//10067 5065//10067
f 4967//10068 5066//10068 4987//10068
f 4967//10069 5021//10069 5066//10069
f 4767//10070 5009//10070 5067//10070
f 5023//10071 5068//10071 5024//10071
f 5022//10072 5069//10072 5040//10072
f 5022//10073 5053//10073 5069//10073
f 5026//10074 5052//10074 5070//10074
f 5026//10075 5070//10075 5028//10075
f 5028//10076 5070//10076 5029//10076
f 5029//10077 5070//10077 5054//10077
f 5033//10078 5043//10078 5071//10078
f 5014//10079 5072//10079 5061//10079
f 5033//10080 5071//10080 5034//10080
f 5043//10081 5061//10081 5072//10081
f 5034//10082 5071//10082 5056//10082
f 5045//10083 5073//10083 5055//10083
f 5056//10084 5071//10084 5074//10084
f 5056//10085 5075//10085 5076//10085
f 5056//10086 5074//10086 5075//10086
f 5046//10087 5056//10087 5076//10087
f 5045//10088 5062//10088 5077//10088
f 4989//10089 5062//10089 5035//10089
f 5015//10090 5046//10090 5078//10090
f 4989//10091 5057//10091 5062//10091
f 5015//10092 5059//10092 5063//10092
f 5018//10093 5059//10093 5019//10093
f 4974//10094 5065//10094 4975//10094
f 4991//10095 5079//10095 5009//10095
f 5010//10096 5068//10096 5023//10096
f 5041//10097 5069//10097 5053//10097
f 5054//10098 5080//10098 5060//10098
f 5043//10099 5081//10099 5071//10099
f 5071//10100 5081//10100 5074//10100
f 5043//10101 5072//10101 5081//10101
f 5014//10102 5082//10102 5072//10102
f 5004//10103 5082//10103 5014//10103
f 5074//10104 5081//10104 5083//10104
f 5072//10105 5083//10105 5081//10105
f 4942//10106 5044//10106 5032//10106
f 5044//10107 5055//10107 5084//10107
f 5072//10108 5085//10108 5083//10108
f 5015//10109 5078//10109 5059//10109
f 5047//10110 5064//10110 5057//10110
f 4985//10111 5064//10111 5049//10111
f 5019//10112 5059//10112 5050//10112
f 5020//10113 5037//10113 5086//10113
f 4987//10114 5087//10114 5037//10114
f 5009//10115 5079//10115 5067//10115
f 5024//10116 5068//10116 5051//10116
f 5051//10117 5068//10117 5088//10117
f 5051//10118 5088//10118 5052//10118
f 5041//10119 5060//10119 5080//10119
f 5074//10120 5083//10120 5089//10120
f 4977//10121 5082//10121 5004//10121
f 5074//10122 5089//10122 5075//10122
f 5072//10123 5082//10123 5085//10123
f 5075//10124 5089//10124 5090//10124
f 5082//10125 5091//10125 5085//10125
f 5045//10126 5077//10126 5073//10126
f 5062//10127 5092//10127 5077//10127
f 4985//10128 5093//10128 5064//10128
f 5050//10129 5094//10129 5065//10129
f 4985//10130 5020//10130 5086//10130
f 4975//10131 5065//10131 5095//10131
f 4975//10132 5095//10132 4991//10132
f 4767//10133 5096//10133 5010//10133
f 4951//10134 5039//10134 5097//10134
f 5039//10135 5040//10135 5098//10135
f 5040//10136 5069//10136 5098//10136
f 5054//10137 5070//10137 5099//10137
f 5054//10138 5099//10138 5080//10138
f 5083//10139 5100//10139 5089//10139
f 5089//10140 5100//10140 5090//10140
f 5083//10141 5085//10141 5100//10141
f 5082//10142 5101//10142 5091//10142
f 4977//10143 5032//10143 5102//10143
f 5055//10144 5073//10144 5084//10144
f 5075//10145 5103//10145 5076//10145
f 5075//10146 5090//10146 5103//10146
f 5073//10147 5077//10147 5092//10147
f 5046//10148 5104//10148 5078//10148
f 5059//10149 5078//10149 5105//10149
f 5057//10150 5064//10150 5093//10150
f 5050//10151 5059//10151 5105//10151
f 5066//10152 5106//10152 5087//10152
f 4987//10153 5066//10153 5087//10153
f 5021//10154 5106//10154 5066//10154
f 4995//10155 5097//10155 5021//10155
f 5010//10156 5096//10156 5068//10156
f 5039//10157 5098//10157 5097//10157
f 5041//10158 5098//10158 5069//10158
f 5085//10159 5091//10159 5107//10159
f 5032//10160 5044//10160 5108//10160
f 4977//10161 5101//10161 5082//10161
f 5044//10162 5084//10162 5108//10162
f 5084//10163 5109//10163 5108//10163
f 5032//10164 5108//10164 5102//10164
f 5046//10165 5076//10165 5103//10165
f 5062//10166 5110//10166 5092//10166
f 5057//10167 5110//10167 5062//10167
f 5057//10168 5093//10168 5110//10168
f 5050//10169 5111//10169 5094//10169
f 5086//10170 5112//10170 5093//10170
f 4985//10171 5086//10171 5093//10171
f 5065//10172 5094//10172 5095//10172
f 5037//10173 5087//10173 5086//10173
f 4767//10174 5067//10174 5096//10174
f 4951//10175 5097//10175 4995//10175
f 5052//10176 5088//10176 5113//10176
f 5041//10177 5080//10177 5114//10177
f 5070//10178 5115//10178 5099//10178
f 5091//10179 5101//10179 5107//10179
f 4977//10180 5102//10180 5116//10180
f 4977//10181 5117//10181 5101//10181
f 5102//10182 5118//10182 5116//10182
f 5090//10183 5100//10183 5119//10183
f 5085//10184 5119//10184 5100//10184
f 5102//10185 5120//10185 5118//10185
f 5102//10186 5121//10186 5120//10186
f 5090//10187 5119//10187 5103//10187
f 5046//10188 5103//10188 5104//10188
f 5078//10189 5104//10189 5122//10189
f 5078//10190 5122//10190 5105//10190
f 5105//10191 5122//10191 5123//10191
f 5050//10192 5105//10192 5123//10192
f 5050//10193 5123//10193 5111//10193
f 5086//10194 5124//10194 5112//10194
f 5094//10195 5125//10195 5095//10195
f 4991//10196 5126//10196 5079//10196
f 5052//10197 5113//10197 5070//10197
f 5041//10198 5114//10198 5098//10198
f 5070//10199 5127//10199 5115//10199
f 4977//10200 5116//10200 5117//10200
f 5101//10201 5128//10201 5107//10201
f 5085//10202 5129//10202 5119//10202
f 5116//10203 5130//10203 5117//10203
f 5102//10204 5108//10204 5121//10204
f 5085//10205 5107//10205 5129//10205
f 5116//10206 5118//10206 5130//10206
f 5108//10207 5109//10207 5121//10207
f 5073//10208 5109//10208 5084//10208
f 5103//10209 5122//10209 5104//10209
f 5103//10210 5119//10210 5131//10210
f 5118//10211 5120//10211 5132//10211
f 5103//10212 5131//10212 5122//10212
f 5073//10213 5092//10213 5110//10213
f 5093//10214 5112//10214 5110//10214
f 5111//10215 5123//10215 5133//10215
f 4991//10216 5095//10216 5126//10216
f 5067//10217 5079//10217 5126//10217
f 5070//10218 5113//10218 5127//10218
f 5080//10219 5099//10219 5114//10219
f 5107//10220 5128//10220 5129//10220
f 5117//10221 5130//10221 5134//10221
f 5119//10222 5122//10222 5131//10222
f 5094//10223 5111//10223 5135//10223
f 5094//10224 5135//10224 5125//10224
f 5095//10225 5125//10225 5126//10225
f 5086//10226 5087//10226 5124//10226
f 5068//10227 5096//10227 5136//10227
f 5068//10228 5113//10228 5088//10228
f 5099//10229 5137//10229 5114//10229
f 5118//10230 5132//10230 5138//10230
f 5101//10231 5139//10231 5128//10231
f 5101//10232 5117//10232 5139//10232
f 5117//10233 5134//10233 5139//10233
f 5073//10234 5121//10234 5109//10234
f 5119//10235 5129//10235 5140//10235
f 5118//10236 5134//10236 5130//10236
f 5119//10237 5140//10237 5122//10237
f 5111//10238 5133//10238 5135//10238
f 5098//10239 5114//10239 5137//10239
f 5115//10240 5127//10240 5141//10240
f 5099//10241 5115//10241 5141//10241
f 5134//10242 5142//10242 5139//10242
f 5128//10243 5139//10243 5129//10243
f 5118//10244 5143//10244 5134//10244
f 5118//10245 5138//10245 5143//10245
f 5120//10246 5121//10246 5144//10246
f 5134//10247 5143//10247 5142//10247
f 5121//10248 5145//10248 5144//10248
f 5122//10249 5140//10249 5146//10249
f 5121//10250 5147//10250 5145//10250
f 5132//10251 5148//10251 5138//10251
f 5139//10252 5142//10252 5149//10252
f 5073//10253 5110//10253 5147//10253
f 5122//10254 5146//10254 5123//10254
f 5110//10255 5112//10255 5147//10255
f 5123//10256 5146//10256 5150//10256
f 5112//10257 5151//10257 5147//10257
f 5112//10258 5124//10258 5152//10258
f 5124//10259 5153//10259 5152//10259
f 5087//10260 5106//10260 5154//10260
f 5106//10261 5155//10261 5154//10261
f 5021//10262 5155//10262 5106//10262
f 5021//10263 5097//10263 5156//10263
f 5097//10264 5098//10264 5156//10264
f 5068//10265 5136//10265 5113//10265
f 5113//10266 5136//10266 5157//10266
f 5113//10267 5157//10267 5127//10267
f 5127//10268 5157//10268 5141//10268
f 5099//10269 5141//10269 5158//10269
f 5099//10270 5158//10270 5137//10270
f 5129//10271 5159//10271 5140//10271
f 5129//10272 5139//10272 5159//10272
f 5138//10273 5160//10273 5143//10273
f 5138//10274 5148//10274 5160//10274
f 5139//10275 5149//10275 5159//10275
f 5142//10276 5143//10276 5149//10276
f 5120//10277 5161//10277 5132//10277
f 5132//10278 5161//10278 5162//10278
f 5073//10279 5147//10279 5121//10279
f 5140//10280 5159//10280 5146//10280
f 5123//10281 5150//10281 5133//10281
f 5112//10282 5152//10282 5151//10282
f 5125//10283 5135//10283 5163//10283
f 5125//10284 5164//10284 5126//10284
f 5087//10285 5153//10285 5124//10285
f 5087//10286 5154//10286 5153//10286
f 5067//10287 5126//10287 5165//10287
f 5067//10288 5165//10288 5096//10288
f 5157//10289 5166//10289 5158//10289
f 5141//10290 5157//10290 5158//10290
f 5143//10291 5160//10291 5149//10291
f 5146//10292 5159//10292 5149//10292
f 5149//10293 5160//10293 5167//10293
f 5148//10294 5168//10294 5160//10294
f 5132//10295 5168//10295 5148//10295
f 5120//10296 5144//10296 5161//10296
f 5146//10297 5149//10297 5167//10297
f 5132//10298 5162//10298 5168//10298
f 5160//10299 5168//10299 5169//10299
f 5160//10300 5169//10300 5167//10300
f 5133//10301 5150//10301 5170//10301
f 5133//10302 5163//10302 5135//10302
f 5167//10303 5169//10303 5171//10303
f 5125//10304 5163//10304 5164//10304
f 5163//10305 5172//10305 5164//10305
f 5126//10306 5164//10306 5165//10306
f 5153//10307 5154//10307 5155//10307
f 5021//10308 5156//10308 5155//10308
f 5098//10309 5173//10309 5156//10309
f 5174//10310 5175//10310 5176//10310
f 5158//10311 5166//10311 5174//10311
f 5098//10312 5137//10312 5176//10312
f 5098//10313 5176//10313 5173//10313
f 5158//10314 5174//10314 5176//10314
f 5137//10315 5158//10315 5176//10315
f 5162//10316 5177//10316 5168//10316
f 5144//10317 5145//10317 5161//10317
f 5161//10318 5177//10318 5162//10318
f 5145//10319 5147//10319 5161//10319
f 5146//10320 5167//10320 5150//10320
f 5147//10321 5151//10321 5178//10321
f 5150//10322 5167//10322 5171//10322
f 5168//10323 5177//10323 5169//10323
f 5147//10324 5178//10324 5161//10324
f 5150//10325 5171//10325 5170//10325
f 5151//10326 5179//10326 5178//10326
f 5133//10327 5170//10327 5163//10327
f 5161//10328 5178//10328 5169//10328
f 5151//10329 5152//10329 5180//10329
f 5163//10330 5170//10330 5181//10330
f 5151//10331 5180//10331 5179//10331
f 5152//10332 5153//10332 5180//10332
f 5163//10333 5181//10333 5172//10333
f 5164//10334 5182//10334 5165//10334
f 5181//10335 5183//10335 5184//10335
f 5181//10336 5184//10336 5185//10336
f 5153//10337 5155//10337 5186//10337
f 5096//10338 5165//10338 5182//10338
f 5155//10339 5156//10339 5186//10339
f 5174//10340 5184//10340 5183//10340
f 5174//10341 5187//10341 5184//10341
f 5174//10342 5183//10342 5188//10342
f 5096//10343 5185//10343 5166//10343
f 5096//10344 5166//10344 5136//10344
f 5166//10345 5185//10345 5187//10345
f 5174//10346 5188//10346 5175//10346
f 5166//10347 5187//10347 5174//10347
f 5136//10348 5166//10348 5157//10348
f 5173//10349 5176//10349 5175//10349
f 5161//10350 5169//10350 5177//10350
f 5169//10351 5178//10351 5189//10351
f 5170//10352 5171//10352 5183//10352
f 5169//10353 5189//10353 5171//10353
f 5178//10354 5179//10354 5189//10354
f 5179//10355 5180//10355 5190//10355
f 5170//10356 5183//10356 5181//10356
f 5164//10357 5172//10357 5182//10357
f 5171//10358 5189//10358 5183//10358
f 5172//10359 5181//10359 5185//10359
f 5179//10360 5188//10360 5189//10360
f 5179//10361 5190//10361 5188//10361
f 5180//10362 5186//10362 5190//10362
f 5172//10363 5185//10363 5182//10363
f 5153//10364 5186//10364 5180//10364
f 5183//10365 5189//10365 5188//10365
f 5096//10366 5182//10366 5185//10366
f 5184//10367 5187//10367 5185//10367
f 5156//10368 5173//10368 5186//10368
f 5175//10369 5188//10369 5190//10369
f 5173//10370 5190//10370 5186//10370
f 5173//10371 5175//10371 5190//10371
